scenario,seed,sensor,ablation,tp,tn,fp,fn,accuracy,precision,recall,f1,fpr,fnr,specificity,balanced_accuracy,mcc,reward
high,123,sensor_501_multivar_labeled,full,98,1448,179,20,0.8859598853868195,0.3537906137184115,0.8305084745762712,0.4962025316455696,0.110018438844499,0.1694915254237288,0.8899815611555009,0.860245017865886,0.4950622904021665,0.5145104297866995
high,123,sensor_501_multivar_labeled,without_spike,91,1462,165,27,0.8899713467048711,0.35546875,0.7711864406779662,0.4866310160427807,0.1014136447449293,0.2288135593220339,0.8985863552550707,0.8348863979665184,0.4753297014586609,0.4935188374481482
high,123,sensor_501_multivar_labeled,without_drift,96,1537,90,22,0.9358166189111748,0.5161290322580645,0.8135593220338984,0.6315789473684211,0.0553165334972341,0.1864406779661017,0.9446834665027658,0.879121394268332,0.6169692781185131,0.6001660244149453
high,123,sensor_501_multivar_labeled,without_flat,98,1448,179,20,0.8859598853868195,0.3537906137184115,0.8305084745762712,0.4962025316455696,0.110018438844499,0.1694915254237288,0.8899815611555009,0.860245017865886,0.4950622904021665,0.5145104297866995
high,123,sensor_501_multivar_labeled,without_dropout,96,1508,119,22,0.9191977077363896,0.4465116279069767,0.8135593220338984,0.5765765765765766,0.0731407498463429,0.1864406779661017,0.926859250153657,0.8702092860937777,0.5656491495964242,0.5631899252710412
high,123,sensor_502_multivar_labeled,full,100,1684,138,25,0.91628145865434,0.4201680672268907,0.8,0.5509641873278237,0.0757409440175631,0.2,0.9242590559824369,0.8621295279912184,0.5419554864165784,0.5433849999797981
high,123,sensor_502_multivar_labeled,without_spike,89,1716,106,36,0.9270672829994864,0.4564102564102564,0.712,0.55625,0.0581778265642151,0.288,0.9418221734357848,0.8269110867178924,0.5338318495843534,0.5265562558051169
high,123,sensor_502_multivar_labeled,without_drift,100,1713,109,25,0.931176168464304,0.4784688995215311,0.8,0.5988023952095808,0.0598243688254665,0.2,0.9401756311745336,0.8700878155872668,0.5860922064728481,0.5752489758899945
high,123,sensor_502_multivar_labeled,without_flat,13,1818,4,112,0.9404211607601438,0.7647058823529411,0.104,0.1830985915492957,0.0021953896816684,0.896,0.9978046103183316,0.5509023051591657,0.2682214608349758,0.2280807095819574
high,123,sensor_502_multivar_labeled,without_dropout,93,1673,149,32,0.9070364663585002,0.384297520661157,0.744,0.5068119891008175,0.0817782656421514,0.256,0.9182217343578484,0.8311108671789242,0.4919973329473562,0.5007321966303263
high,123,sensor_505_multivar_labeled,full,166,1345,10,460,0.7627460878344271,0.9431818181818182,0.2651757188498402,0.4139650872817955,0.007380073800738,0.7348242811501597,0.992619926199262,0.6288978225245512,0.4212476137309972,0.406576270278959
high,123,sensor_505_multivar_labeled,without_spike,158,1334,21,468,0.7531549722362443,0.88268156424581,0.2523961661341853,0.3925465838509316,0.0154981549815498,0.7476038338658147,0.9845018450184502,0.6184490055763178,0.38416192601236,0.3832172317118913
high,123,sensor_505_multivar_labeled,without_drift,174,1340,15,452,0.7642604745078243,0.9206349206349206,0.2779552715654952,0.4269938650306748,0.011070110701107,0.7220447284345048,0.988929889298893,0.6334425804321941,0.4223585951172607,0.4125220477585796
high,123,sensor_505_multivar_labeled,without_flat,93,1344,11,533,0.7253912165572943,0.8942307692307693,0.1485623003194888,0.2547945205479451,0.0081180811808118,0.8514376996805112,0.9918819188191882,0.5702221095693385,0.2927600927303323,0.2925490316089561
high,123,sensor_505_multivar_labeled,without_dropout,165,1346,9,461,0.7627460878344271,0.9482758620689656,0.2635782747603833,0.4125,0.0066420664206642,0.7364217252396166,0.9933579335793358,0.6284681041698595,0.4220155217724903,0.4062756550963934
high,123,sensor_506_multivar_labeled,full,582,4989,100,58,0.9724210158840983,0.8533724340175953,0.909375,0.8804841149773073,0.0196502259775987,0.090625,0.9803497740224012,0.9448623870112008,0.8654720681627336,0.7950711942446678
high,123,sensor_506_multivar_labeled,without_spike,573,4902,187,67,0.9556641647757026,0.7539473684210526,0.8953125,0.8185714285714285,0.0367459225781096,0.1046875,0.9632540774218904,0.9292832887109452,0.7973314522891775,0.7463684058624898
high,123,sensor_506_multivar_labeled,without_drift,582,4988,101,58,0.9722464653517192,0.8521229868228404,0.909375,0.8798185941043084,0.0198467282373747,0.090625,0.9801532717626252,0.9447641358813126,0.8647329211403393,0.7945646425466273
high,123,sensor_506_multivar_labeled,without_flat,325,5039,50,315,0.9362890556816198,0.8666666666666667,0.5078125,0.6403940886699507,0.0098251129887993,0.4921875,0.9901748870112006,0.7489936935056003,0.6342635270373566,0.5695385786025979
high,123,sensor_506_multivar_labeled,without_dropout,373,5051,38,267,0.9467620876243672,0.9075425790754258,0.5828125,0.7098001902949571,0.0074670858714875,0.4171875,0.9925329141285124,0.7876727070642562,0.7023276892973821,0.6296385139068958
high,123,sensor_507_multivar_labeled,full,101,1471,36,389,0.7871807711567351,0.7372262773722628,0.2061224489795918,0.3221690590111642,0.0238885202388852,0.7938775510204081,0.9761114797611148,0.5911169643703533,0.3102181107377423,0.3150079008308524
high,123,sensor_507_multivar_labeled,without_spike,96,1465,42,394,0.7816725087631448,0.6956521739130435,0.1959183673469387,0.305732484076433,0.0278699402786994,0.8040816326530612,0.9721300597213006,0.5840242135341197,0.2851083127053579,0.2979159600975631
high,123,sensor_507_multivar_labeled,without_drift,101,1471,36,389,0.7871807711567351,0.7372262773722628,0.2061224489795918,0.3221690590111642,0.0238885202388852,0.7938775510204081,0.9761114797611148,0.5911169643703533,0.3102181107377423,0.3150079008308524
high,123,sensor_507_multivar_labeled,without_flat,176,1161,346,314,0.6695042563845769,0.3371647509578544,0.3591836734693877,0.3478260869565217,0.2295952222959522,0.6408163265306123,0.7704047777040478,0.5647942255867178,0.1269082056761909,0.291892031585334
high,123,sensor_507_multivar_labeled,without_dropout,87,1475,32,403,0.7821732598898348,0.7310924369747899,0.1775510204081632,0.2857142857142857,0.0212342402123424,0.8224489795918367,0.9787657597876576,0.5781583900979104,0.2841443287766086,0.2893771762188618
high,123,sensor_508_multivar_labeled,full,146,1392,9,394,0.7923750643997939,0.9419354838709676,0.2703703703703703,0.4201438848920863,0.006423982869379,0.7296296296296296,0.9935760171306208,0.6319731937504957,0.4363400666210239,0.4108237836062571
high,123,sensor_508_multivar_labeled,without_spike,150,1386,15,390,0.7913446676970634,0.9090909090909092,0.2777777777777778,0.4255319148936171,0.0107066381156316,0.7222222222222222,0.9892933618843684,0.6335355698310731,0.4291206899059753,0.4101156675875342
high,123,sensor_508_multivar_labeled,without_drift,146,1392,9,394,0.7923750643997939,0.9419354838709676,0.2703703703703703,0.4201438848920863,0.006423982869379,0.7296296296296296,0.9935760171306208,0.6319731937504957,0.4363400666210239,0.4108237836062571
high,123,sensor_508_multivar_labeled,without_flat,71,1392,9,469,0.7537351880473983,0.8875,0.1314814814814814,0.2290322580645161,0.006423982869379,0.8685185185185185,0.9935760171306208,0.5625287493060512,0.2819080679824358,0.2749915622865387
high,123,sensor_508_multivar_labeled,without_dropout,101,1397,4,439,0.7717671303451829,0.961904761904762,0.187037037037037,0.3131782945736434,0.0028551034975017,0.812962962962963,0.9971448965024984,0.5920909667697677,0.3648648170061515,0.3410415476052147
high,123,sensor_509_multivar_labeled,full,852,11061,535,397,0.9274425846632932,0.6142754145638067,0.6821457165732586,0.646433990895296,0.0461365988271817,0.3178542834267414,0.9538634011728182,0.8180045588730385,0.6071640157691102,0.5830666631767136
high,123,sensor_509_multivar_labeled,without_spike,813,10834,762,436,0.906734137796808,0.5161904761904762,0.6509207365892714,0.5757790368271954,0.0657123145912383,0.3490792634107286,0.9342876854087616,0.7926042109990166,0.5286200763272945,0.5252341275184669
high,123,sensor_509_multivar_labeled,without_drift,875,11049,547,374,0.9282989490073958,0.6153305203938115,0.7005604483586869,0.6551853238487457,0.0471714384270438,0.299439551641313,0.952828561572956,0.8266945049658215,0.6169745661419178,0.592583964455909
high,123,sensor_509_multivar_labeled,without_flat,773,10923,673,476,0.9105488516932658,0.5345781466113416,0.6188951160928743,0.5736549165120594,0.058037254225595,0.3811048839071257,0.941962745774405,0.7804289309336396,0.5257395041830426,0.5181962438274307
high,123,sensor_509_multivar_labeled,without_dropout,1205,10732,864,44,0.9293110159595174,0.5824069598840019,0.9647718174539632,0.7263411693791441,0.0745084511900655,0.0352281825460368,0.9254915488099345,0.9451316831319488,0.7175378065256974,0.6961952703203975
high,123,sensor_510_multivar_labeled,full,809,7290,314,1203,0.8422420965058236,0.7203918076580588,0.4020874751491053,0.5161084529505583,0.0412940557601262,0.5979125248508946,0.9587059442398738,0.6803967096944896,0.4569547644206863,0.456804411945179
high,123,sensor_510_multivar_labeled,without_spike,796,7279,325,1216,0.8397462562396006,0.7100802854594113,0.3956262425447316,0.5081391637408235,0.0427406628090478,0.6043737574552683,0.957259337190952,0.6764427898678419,0.4472851257553018,0.449588472984797
high,123,sensor_510_multivar_labeled,without_drift,802,7285,319,1210,0.8409941763727121,0.7154326494201606,0.3986083499005964,0.5119693584423874,0.0419516044187269,0.6013916500994035,0.958048395581273,0.6783283727409347,0.4520651066949882,0.4530884532404047
high,123,sensor_510_multivar_labeled,without_flat,823,7152,452,1189,0.829346921797005,0.6454901960784314,0.4090457256461232,0.5007605719501064,0.0594423987375065,0.5909542743538767,0.9405576012624934,0.6748016634543084,0.4193208390507789,0.4389352646093989
high,123,sensor_510_multivar_labeled,without_dropout,814,7280,324,1198,0.8417221297836939,0.7152899824253075,0.404572564612326,0.5168253968253969,0.0426091530773277,0.595427435387674,0.9573908469226724,0.6809817057674992,0.4558079314050437,0.4569757800111897
high,123,sensor_511_multivar_labeled,full,74,3078,191,718,0.7761635065254864,0.2792452830188679,0.0934343434343434,0.1400189214758751,0.0584276537167329,0.9065656565656566,0.941572346283267,0.5175033448588052,0.0561610291250361,0.1270828447756037
high,123,sensor_511_multivar_labeled,without_spike,52,3067,202,740,0.7680374292046294,0.2047244094488189,0.0656565656565656,0.0994263862332696,0.0617925971245029,0.9343434343434344,0.9382074028754972,0.5019319842660314,0.0063225945881389,0.0889682452068135
high,123,sensor_511_multivar_labeled,without_drift,74,3078,191,718,0.7761635065254864,0.2792452830188679,0.0934343434343434,0.1400189214758751,0.0584276537167329,0.9065656565656566,0.941572346283267,0.5175033448588052,0.0561610291250361,0.1270828447756037
high,123,sensor_511_multivar_labeled,without_flat,78,3100,169,714,0.7825658704752524,0.3157894736842105,0.0984848484848484,0.1501443695861405,0.051697766901193,0.9015151515151516,0.948302233098807,0.5233935407918278,0.0775634621836803,0.13930906522173
high,123,sensor_511_multivar_labeled,without_dropout,67,3083,186,725,0.7756710169908889,0.2648221343873518,0.0845959595959596,0.1282296650717703,0.0568981339859284,0.9154040404040404,0.9431018660140716,0.5138489128050155,0.0454053468086876,0.1171156439205944
high,321,sensor_501_multivar_labeled,full,131,1205,58,351,0.7656160458452722,0.6931216931216931,0.2717842323651452,0.390461997019374,0.0459224069675376,0.7282157676348547,0.9540775930324624,0.6129309126988038,0.3249618135156534,0.3566191816397621
high,321,sensor_501_multivar_labeled,without_spike,143,1145,118,339,0.73810888252149,0.5478927203065134,0.2966804979253112,0.3849259757738896,0.0934283452098179,0.7033195020746889,0.906571654790182,0.6016260763577467,0.254813917254258,0.3350619120008389
high,321,sensor_501_multivar_labeled,without_drift,132,1198,65,350,0.7621776504297995,0.6700507614213198,0.2738589211618257,0.3888070692194403,0.0514647664291369,0.7261410788381742,0.948535233570863,0.6111970773663444,0.3142172124383974,0.3524819950675802
high,321,sensor_501_multivar_labeled,without_flat,38,1258,5,444,0.7426934097421204,0.8837209302325582,0.0788381742738589,0.1447619047619047,0.0039588281868566,0.921161825726141,0.9960411718131432,0.5374396730435012,0.2159599567552569,0.2209565661412128
high,321,sensor_501_multivar_labeled,without_dropout,37,1262,1,445,0.7444126074498567,0.9736842105263158,0.0767634854771784,0.1423076923076923,0.0007917656373713,0.9232365145228216,0.9992082343626286,0.5379858599199036,0.2327386943151436,0.2330409621968253
high,321,sensor_502_multivar_labeled,full,72,1699,151,25,0.9096045197740112,0.3228699551569506,0.7422680412371134,0.45,0.0816216216216216,0.2577319587628865,0.9183783783783784,0.8303232098077459,0.4513565557076462,0.4654487434825144
high,321,sensor_502_multivar_labeled,without_spike,57,1736,114,40,0.9209039548022598,0.3333333333333333,0.5876288659793815,0.4253731343283581,0.0616216216216216,0.4123711340206185,0.9383783783783785,0.7630036221788798,0.4043374062725283,0.4115444080794134
high,321,sensor_502_multivar_labeled,without_drift,72,1700,150,25,0.9101181304571136,0.3243243243243243,0.7422680412371134,0.45141065830721,0.081081081081081,0.2577319587628865,0.918918918918919,0.8305934800780161,0.452610864200422,0.4663557491499192
high,321,sensor_502_multivar_labeled,without_flat,77,1603,247,20,0.8628659476117103,0.2376543209876543,0.7938144329896907,0.3657957244655582,0.1335135135135135,0.2061855670103092,0.8664864864864865,0.8301504597380887,0.3857286242959333,0.4250492027032052
high,321,sensor_502_multivar_labeled,without_dropout,55,1768,82,42,0.936312275295326,0.4014598540145985,0.5670103092783505,0.4700854700854701,0.0443243243243243,0.4329896907216495,0.9556756756756756,0.7613429924770131,0.4446445930739386,0.437428099991724
high,321,sensor_505_multivar_labeled,full,49,1473,8,451,0.7682988389702171,0.8596491228070176,0.098,0.1759425493716337,0.0054017555705604,0.902,0.9945982444294396,0.5462991222147198,0.2406164542586047,0.2369813400812317
high,321,sensor_505_multivar_labeled,without_spike,29,1475,6,471,0.7592125189298334,0.8285714285714286,0.058,0.108411214953271,0.0040513166779203,0.942,0.9959486833220796,0.5269743416610398,0.1778844318409514,0.1900656293468942
high,321,sensor_505_multivar_labeled,without_drift,49,1469,12,451,0.7662796567390207,0.8032786885245902,0.098,0.1746880570409982,0.0081026333558406,0.902,0.9918973666441594,0.5449486833220797,0.2260445131547823,0.2276911656115536
high,321,sensor_505_multivar_labeled,without_flat,87,1440,41,413,0.7708228167592125,0.6796875,0.174,0.2770700636942675,0.0276839972991222,0.826,0.9723160027008778,0.5731580013504389,0.2585304277885273,0.2760662539325081
high,321,sensor_505_multivar_labeled,without_dropout,12,1480,1,488,0.7531549722362443,0.9230769230769232,0.024,0.0467836257309941,0.00067521944632,0.976,0.99932478055368,0.5116623902768399,0.125486173011498,0.1666466480958538
high,321,sensor_506_multivar_labeled,full,381,4342,118,888,0.8244021644266015,0.7635270541082164,0.3002364066193853,0.4309954751131222,0.026457399103139,0.6997635933806147,0.973542600896861,0.6368895037581231,0.4031784101246391,0.3959022039926391
high,321,sensor_506_multivar_labeled,without_spike,350,4333,127,919,0.8174201431314365,0.7337526205450734,0.2758077226162332,0.4009163802978235,0.0284753363228699,0.7241922773837668,0.97152466367713,0.6236661931466817,0.3717557373950491,0.3703700473683646
high,321,sensor_506_multivar_labeled,without_drift,380,4344,116,889,0.8245767149589807,0.7661290322580645,0.2994483845547675,0.4305949008498583,0.0260089686098654,0.7005516154452325,0.9739910313901344,0.636719707972451,0.4037784648496099,0.3959206787265897
high,321,sensor_506_multivar_labeled,without_flat,85,4419,41,1184,0.7861755978355734,0.6746031746031746,0.0669818754925137,0.1218637992831541,0.0091928251121076,0.9330181245074862,0.9908071748878924,0.5288945251902031,0.163624455591535,0.1752044660044389
high,321,sensor_506_multivar_labeled,without_dropout,381,4342,118,888,0.8244021644266015,0.7635270541082164,0.3002364066193853,0.4309954751131222,0.026457399103139,0.6997635933806147,0.973542600896861,0.6368895037581231,0.4031784101246391,0.3959022039926391
high,321,sensor_507_multivar_labeled,full,75,1449,27,446,0.7631447170756134,0.7352941176470589,0.1439539347408829,0.2407704654895666,0.0182926829268292,0.8560460652591171,0.9817073170731708,0.5628306259070268,0.2506448174100726,0.2599977392469457
high,321,sensor_507_multivar_labeled,without_spike,196,1289,187,325,0.7436154231347021,0.5117493472584856,0.3761996161228407,0.4336283185840708,0.1266937669376693,0.6238003838771593,0.8733062330623306,0.6247529245925856,0.2782861672932526,0.37208565359469
high,321,sensor_507_multivar_labeled,without_drift,82,1449,27,439,0.7666499749624437,0.7522935779816514,0.1573896353166986,0.2603174603174603,0.0182926829268292,0.8426103646833013,0.9817073170731708,0.5695484761949346,0.2688842791978425,0.2753745161424316
high,321,sensor_507_multivar_labeled,without_flat,21,1474,2,500,0.7486229344016024,0.9130434782608696,0.0403071017274472,0.0772058823529411,0.0013550135501355,0.9596928982725528,0.9986449864498644,0.5194760440886559,0.1603080358000862,0.1836557979611745
high,321,sensor_507_multivar_labeled,without_dropout,32,1468,8,489,0.7511266900350526,0.8,0.0614203454894433,0.1140819964349376,0.005420054200542,0.9385796545105566,0.994579945799458,0.5280001456444506,0.1755201243531753,0.1892209966225007
high,321,sensor_508_multivar_labeled,full,114,1663,91,73,0.9155074703760948,0.5560975609756098,0.6096256684491979,0.5816326530612246,0.0518814139110604,0.3903743315508021,0.9481185860889396,0.7788721272690687,0.5354499866056456,0.5228488871675459
high,321,sensor_508_multivar_labeled,without_spike,108,1660,94,79,0.9108706852138072,0.5346534653465347,0.5775401069518716,0.5552699228791773,0.0535917901938426,0.4224598930481283,0.9464082098061574,0.7619741583790145,0.5062890930763982,0.4979723381637872
high,321,sensor_508_multivar_labeled,without_drift,108,1715,39,79,0.9392065945388974,0.7346938775510204,0.5775401069518716,0.6467065868263473,0.0222348916761687,0.4224598930481283,0.9777651083238312,0.7776526076378514,0.6192948426586341,0.572260588622454
high,321,sensor_508_multivar_labeled,without_flat,10,1753,1,177,0.9082946934569808,0.9090909090909092,0.053475935828877,0.101010101010101,0.000570125427594,0.946524064171123,0.999429874572406,0.5264529052006415,0.2079524167344371,0.1978039500240855
high,321,sensor_508_multivar_labeled,without_dropout,26,1749,5,161,0.9144770736733644,0.8387096774193549,0.1390374331550802,0.2385321100917431,0.0028506271379703,0.8609625668449198,0.9971493728620296,0.5680934030085549,0.3205332608670197,0.2745720683869146
high,321,sensor_509_multivar_labeled,full,668,10620,204,1353,0.8787855196574542,0.7660550458715596,0.330529440870856,0.4618043553404769,0.0188470066518847,0.669470559129144,0.9811529933481152,0.6558412171094856,0.4511590171310995,0.4199943483800168
high,321,sensor_509_multivar_labeled,without_spike,2021,0,10824,0,0.1573374854028805,0.1573374854028805,1.0,0.2718956006995829,1.0,0.0,0.0,0.5,0.0,0.3459536431252443
high,321,sensor_509_multivar_labeled,without_drift,666,10619,205,1355,0.8785519657454263,0.764638346727899,0.3295398317664522,0.4605809128630705,0.0189393939393939,0.6704601682335477,0.981060606060606,0.6553002189135292,0.4498320630053098,0.4189251729335628
high,321,sensor_509_multivar_labeled,without_flat,1596,5956,4868,425,0.5879330478785519,0.2469059405940594,0.7897080653142009,0.3761932822628167,0.4497413155949741,0.2102919346857991,0.5502586844050259,0.6699833748596133,0.2475816457621611,0.3982611561421393
high,321,sensor_509_multivar_labeled,without_dropout,182,10806,18,1839,0.8554301284546516,0.91,0.0900544285007422,0.1638901395767672,0.0016629711751662,0.9099455714992578,0.9983370288248336,0.544195728662788,0.2599638308404827,0.2371005942422513
high,321,sensor_510_multivar_labeled,full,556,5817,147,3096,0.6627495840266223,0.7908961593172119,0.1522453450164293,0.2553386911595867,0.0246478873239436,0.8477546549835706,0.9753521126760564,0.5637987288462428,0.2378957083684496,0.2767456496919302
high,321,sensor_510_multivar_labeled,without_spike,534,5805,159,3118,0.6592138103161398,0.7705627705627706,0.1462212486308871,0.2457997698504027,0.0266599597585513,0.8537787513691129,0.9733400402414488,0.5597806444361679,0.2243896008928016,0.2673946906305078
high,321,sensor_510_multivar_labeled,without_drift,507,5858,106,3145,0.6619176372712147,0.8270799347471451,0.138828039430449,0.237749120750293,0.0177733065057008,0.8611719605695509,0.9822266934942993,0.5605273664623741,0.2404872816802599,0.2709201757282683
high,321,sensor_510_multivar_labeled,without_flat,514,5799,165,3138,0.6565099833610649,0.7569955817378498,0.1407447973713033,0.2373585776956822,0.0276659959758551,0.8592552026286966,0.9723340040241448,0.5565394006977241,0.2142321430078252,0.2598175368375399
high,321,sensor_510_multivar_labeled,without_dropout,513,5861,103,3139,0.6628535773710482,0.8327922077922078,0.1404709748083242,0.2403936269915651,0.0172702883970489,0.8595290251916758,0.9827297116029512,0.5616003432056377,0.2441944102774261,0.2735102269178278
high,321,sensor_511_multivar_labeled,full,278,3339,121,323,0.8906673233193795,0.6967418546365914,0.4625623960066555,0.5559999999999999,0.0349710982658959,0.5374376039933444,0.965028901734104,0.7137956488703798,0.510103760902018,0.4899828871708958
high,321,sensor_511_multivar_labeled,without_spike,287,3109,351,314,0.8362472297463679,0.4498432601880878,0.4775374376039933,0.4632768361581921,0.1014450867052023,0.5224625623960066,0.8985549132947976,0.6880461754493955,0.3669914929012133,0.4090677879100774
high,321,sensor_511_multivar_labeled,without_drift,278,3338,122,323,0.8904210785520807,0.695,0.4625623960066555,0.5554445554445555,0.0352601156069364,0.5374376039933444,0.9647398843930636,0.7136511401998595,0.5091909026615932,0.489442757191353
high,321,sensor_511_multivar_labeled,without_flat,278,3338,122,323,0.8904210785520807,0.695,0.4625623960066555,0.5554445554445555,0.0352601156069364,0.5374376039933444,0.9647398843930636,0.7136511401998595,0.5091909026615932,0.489442757191353
high,321,sensor_511_multivar_labeled,without_dropout,368,3123,337,233,0.8596404826397439,0.5219858156028369,0.6123128119800333,0.563552833078101,0.0973988439306358,0.3876871880199667,0.9026011560693642,0.7574569840246987,0.4827301493240099,0.5058506064265174
high,42,sensor_501_multivar_labeled,full,205,1204,102,234,0.8074498567335243,0.6677524429967426,0.4669703872437357,0.549597855227882,0.0781010719754977,0.5330296127562643,0.9218989280245024,0.694434657634119,0.4431583056148361,0.4797629102776292
high,42,sensor_501_multivar_labeled,without_spike,193,1219,87,246,0.8091690544412607,0.6892857142857143,0.4396355353075171,0.5368567454798331,0.0666156202143951,0.5603644646924829,0.9333843797856048,0.686509957546561,0.4409994415125816,0.4702074911795976
high,42,sensor_501_multivar_labeled,without_drift,205,1204,102,234,0.8074498567335243,0.6677524429967426,0.4669703872437357,0.549597855227882,0.0781010719754977,0.5330296127562643,0.9218989280245024,0.694434657634119,0.4431583056148361,0.4797629102776292
high,42,sensor_501_multivar_labeled,without_flat,12,1305,1,427,0.7547277936962751,0.9230769230769232,0.0273348519362186,0.0530973451327433,0.0007656967840735,0.9726651480637812,0.9992343032159264,0.5132845775760726,0.1340713472437052,0.1704792296737312
high,42,sensor_501_multivar_labeled,without_dropout,214,1189,117,225,0.8040114613180516,0.6465256797583081,0.4874715261958998,0.5558441558441559,0.0895865237366003,0.5125284738041003,0.9104134762633996,0.6989425012296497,0.4403750611534545,0.4843915275787263
high,42,sensor_502_multivar_labeled,full,181,1502,152,112,0.864406779661017,0.5435435435435435,0.6177474402730375,0.5782747603833865,0.0918984280532043,0.3822525597269625,0.9081015719467956,0.7629245061099166,0.4993312461271887,0.5178895629806463
high,42,sensor_502_multivar_labeled,without_spike,126,1584,70,167,0.8782742681047766,0.6428571428571429,0.4300341296928328,0.5153374233128833,0.0423216444981862,0.5699658703071673,0.9576783555018138,0.6938562425973233,0.4607233682156377,0.4531084863774001
high,42,sensor_502_multivar_labeled,without_drift,181,1502,152,112,0.864406779661017,0.5435435435435435,0.6177474402730375,0.5782747603833865,0.0918984280532043,0.3822525597269625,0.9081015719467956,0.7629245061099166,0.4993312461271887,0.5178895629806463
high,42,sensor_502_multivar_labeled,without_flat,127,1598,56,166,0.8859784283513097,0.6939890710382514,0.4334470989761092,0.5336134453781513,0.0338573155985489,0.5665529010238908,0.966142684401451,0.6997948916887802,0.4895996551858516,0.4708728092088836
high,42,sensor_502_multivar_labeled,without_dropout,27,1652,2,266,0.8623523369286081,0.9310344827586208,0.0921501706484641,0.1677018633540372,0.0012091898428053,0.9078498293515358,0.9987908101571948,0.5454704904028295,0.2684342307037137,0.2426451431333685
high,42,sensor_505_multivar_labeled,full,126,1438,156,261,0.7895002523977789,0.4468085106382978,0.3255813953488372,0.3766816143497757,0.0978670012547051,0.6744186046511628,0.9021329987452948,0.6138571970470661,0.2583859419283194,0.3244157215323244
high,42,sensor_505_multivar_labeled,without_spike,151,1285,309,236,0.7248864209994952,0.3282608695652174,0.3901808785529715,0.3565525383707202,0.1938519447929736,0.6098191214470284,0.8061480552070264,0.598164466879999,0.184348847203747,0.3073568417882008
high,42,sensor_505_multivar_labeled,without_drift,125,1461,133,262,0.8006057546693589,0.4844961240310077,0.3229974160206718,0.3875968992248061,0.0834378920953576,0.6770025839793282,0.9165621079046424,0.6197797619626572,0.282202327073939,0.3356484588524797
high,42,sensor_505_multivar_labeled,without_flat,114,1525,69,273,0.8273599192327108,0.6229508196721312,0.2945736434108527,0.4,0.0432873274780426,0.7054263565891473,0.9567126725219574,0.625643157966405,0.3440710174726757,0.3574859832262712
high,42,sensor_505_multivar_labeled,without_dropout,96,1572,22,291,0.8419989904088844,0.8135593220338984,0.2480620155038759,0.3801980198019802,0.013801756587202,0.751937984496124,0.986198243412798,0.617130129458337,0.3924197248190875,0.3661614362084184
high,42,sensor_506_multivar_labeled,full,358,4303,535,533,0.8135800314190959,0.4008958566629339,0.4017957351290684,0.4013452914798206,0.1105828854898718,0.5982042648709316,0.8894171145101282,0.6456064248195983,0.2909467046518503,0.3502201916550927
high,42,sensor_506_multivar_labeled,without_spike,381,4184,654,510,0.7968231803107,0.3681159420289855,0.4276094276094276,0.3956386292834891,0.1351798263745349,0.5723905723905723,0.864820173625465,0.6462148006174463,0.2754554684285902,0.3480196201272926
high,42,sensor_506_multivar_labeled,without_drift,339,4484,354,552,0.8418572176645138,0.4891774891774891,0.3804713804713804,0.428030303030303,0.073170731707317,0.6195286195286195,0.926829268292683,0.6536503243820317,0.3415275818291068,0.3728146007109421
high,42,sensor_506_multivar_labeled,without_flat,350,4499,339,541,0.8463955315063711,0.5079825834542816,0.3928170594837261,0.4430379746835443,0.0700702769739561,0.6071829405162739,0.9299297230260438,0.6613733912548849,0.3595910106066157,0.3864025662734593
high,42,sensor_506_multivar_labeled,without_dropout,347,4717,121,544,0.8839238959678827,0.7414529914529915,0.3894500561167228,0.5106696100073583,0.0250103348491112,0.6105499438832772,0.9749896651508888,0.6822198606338058,0.4822146633321537,0.4553532565713657
high,42,sensor_507_multivar_labeled,full,95,1610,53,239,0.8537806710065098,0.6418918918918919,0.2844311377245509,0.3941908713692946,0.0318701142513529,0.7155688622754491,0.968129885748647,0.6262805117365989,0.359820890101688,0.3558120057921963
high,42,sensor_507_multivar_labeled,without_spike,82,1601,62,252,0.842764146219329,0.5694444444444444,0.2455089820359281,0.3430962343096234,0.0372820204449789,0.7544910179640718,0.962717979555021,0.6041134807954746,0.3004258954688297,0.3097344646722777
high,42,sensor_507_multivar_labeled,without_drift,105,1597,66,229,0.8522784176264396,0.6140350877192983,0.3143712574850299,0.4158415841584158,0.0396873120865905,0.6856287425149701,0.9603126879134096,0.6373419726992198,0.3663567460005362,0.3695766220660318
high,42,sensor_507_multivar_labeled,without_flat,108,1584,79,226,0.8472709063595393,0.5775401069518716,0.3233532934131736,0.4145873320537427,0.047504509921828,0.6766467065868264,0.952495490078172,0.6379243917456728,0.3533705401479026,0.3654508524987342
high,42,sensor_507_multivar_labeled,without_dropout,95,1604,59,239,0.8507761642463696,0.6168831168831169,0.2844311377245509,0.389344262295082,0.0354780517137702,0.7155688622754491,0.9645219482862296,0.6244765430053903,0.3482682183050976,0.3495189217112426
high,42,sensor_508_multivar_labeled,full,14,1898,19,10,0.985059247810407,0.4242424242424242,0.5833333333333334,0.4912280701754386,0.0099113197704747,0.4166666666666667,0.9900886802295252,0.7867110067814294,0.4901679188631843,0.4586978632382635
high,42,sensor_508_multivar_labeled,without_spike,10,1811,106,14,0.9381761978361668,0.0862068965517241,0.4166666666666667,0.1428571428571428,0.0552947313510693,0.5833333333333334,0.9447052686489308,0.6806859676577987,0.1684653815284727,0.1966872756333659
high,42,sensor_508_multivar_labeled,without_drift,14,1898,19,10,0.985059247810407,0.4242424242424242,0.5833333333333334,0.4912280701754386,0.0099113197704747,0.4166666666666667,0.9900886802295252,0.7867110067814294,0.4901679188631843,0.4586978632382635
high,42,sensor_508_multivar_labeled,without_flat,14,1907,10,10,0.9896960329726944,0.5833333333333334,0.5833333333333334,0.5833333333333334,0.0052164840897235,0.4166666666666667,0.9947835159102764,0.7890584246218049,0.5781168492436098,0.5244783515910276
high,42,sensor_508_multivar_labeled,without_dropout,14,1892,25,10,0.9819680577022154,0.358974358974359,0.5833333333333334,0.4444444444444445,0.0130412102243088,0.4166666666666667,0.9869587897756912,0.7851460615545123,0.4491345767384003,0.4275420328237229
high,42,sensor_509_multivar_labeled,full,684,9851,180,2130,0.8201634877384196,0.7916666666666666,0.2430703624733475,0.3719412724306688,0.0179443724454192,0.7569296375266524,0.9820556275545808,0.6125629950139642,0.3717546351506811,0.3572502440912633
high,42,sensor_509_multivar_labeled,without_spike,1283,9275,756,1531,0.8219540677306345,0.6292300147130947,0.4559346126510306,0.5287451061199259,0.0753663642707606,0.5440653873489695,0.9246336357292394,0.690284124190135,0.4307503297795435,0.4615635473291639
high,42,sensor_509_multivar_labeled,without_drift,658,9847,184,2156,0.8178279486181393,0.7814726840855107,0.2338308457711442,0.3599562363238511,0.0183431362775396,0.7661691542288557,0.9816568637224604,0.6077438547468024,0.3601270287322662,0.3475161490621489
high,42,sensor_509_multivar_labeled,without_flat,161,10004,27,2653,0.791358505254963,0.8563829787234043,0.0572139303482587,0.1072618254497002,0.0026916558668128,0.9427860696517412,0.9973083441331873,0.5272611372407229,0.1877862597300716,0.193620281778672
high,42,sensor_509_multivar_labeled,without_dropout,203,10007,24,2611,0.7948618139353835,0.8942731277533039,0.072139303482587,0.1335087142387372,0.0023925829927225,0.927860696517413,0.9976074170072774,0.5348733602449323,0.21895242693299,0.2156224233159312
high,42,sensor_510_multivar_labeled,full,495,7657,321,1143,0.8477537437603994,0.6066176470588235,0.3021978021978022,0.4034229828850856,0.0402356480320882,0.6978021978021978,0.9597643519679118,0.630981077082857,0.3533915023929312,0.3591687652132439
high,42,sensor_510_multivar_labeled,without_spike,478,7670,308,1160,0.8473377703826955,0.6081424936386769,0.2918192918192918,0.3943894389438944,0.0386061669591376,0.7081807081807082,0.9613938330408623,0.6266065624300771,0.3474549896028102,0.3523817924204278
high,42,sensor_510_multivar_labeled,without_drift,466,7697,281,1172,0.8488976705490848,0.6238286479250335,0.2844932844932845,0.3907756813417191,0.0352218601153171,0.7155067155067155,0.9647781398846828,0.6246357121889836,0.3500892954185035,0.3512491531289822
high,42,sensor_510_multivar_labeled,without_flat,509,7539,439,1129,0.8369384359400999,0.5369198312236287,0.3107448107448107,0.3936581593194122,0.055026322386563,0.6892551892551892,0.944973677613437,0.6278592441791239,0.3224797683754676,0.3454049573620666
high,42,sensor_510_multivar_labeled,without_dropout,465,7747,231,1173,0.8539933444259568,0.6681034482758621,0.2838827838827839,0.3984575835475578,0.0289546252193532,0.7161172161172161,0.9710453747806468,0.6274640793317153,0.3698577529451198,0.3617908024806801
high,42,sensor_511_multivar_labeled,full,460,1771,1814,16,0.5493720758433883,0.2022867194371152,0.9663865546218487,0.3345454545454545,0.505997210599721,0.0336134453781512,0.4940027894002789,0.7301946720110638,0.2983429728859593,0.4202047077876042
high,42,sensor_511_multivar_labeled,without_spike,476,0,3585,0,0.1172125092341787,0.1172125092341787,1.0,0.2098302843288517,1.0,0.0,0.0,0.5,0.0,0.31200550433311
high,42,sensor_511_multivar_labeled,without_drift,460,2000,1585,16,0.6057621275547894,0.2249388753056234,0.9663865546218487,0.3649345497818326,0.4421199442119944,0.0336134453781512,0.5578800557880056,0.7621333052049272,0.3372937823196867,0.4436653506630234
high,42,sensor_511_multivar_labeled,without_flat,460,1771,1814,16,0.5493720758433883,0.2022867194371152,0.9663865546218487,0.3345454545454545,0.505997210599721,0.0336134453781512,0.4940027894002789,0.7301946720110638,0.2983429728859593,0.4202047077876042
high,42,sensor_511_multivar_labeled,without_dropout,460,1762,1823,16,0.5471558729377001,0.2014892685063513,0.9663865546218487,0.3334541500543675,0.5085076708507671,0.0336134453781512,0.4914923291492329,0.7289394418855408,0.2968792455712646,0.4193429571018959
high,777,sensor_501_multivar_labeled,full,5,1347,17,376,0.7747851002865329,0.2272727272727272,0.0131233595800524,0.0248138957816377,0.0124633431085043,0.9868766404199476,0.9875366568914956,0.500330008235774,0.0024438270518906,0.0479478357558113
high,777,sensor_501_multivar_labeled,without_spike,9,1317,47,372,0.7598853868194843,0.1607142857142857,0.0236220472440944,0.0411899313501144,0.0344574780058651,0.9763779527559056,0.9655425219941348,0.4945822846191147,-0.0253984384477665,0.0462834783373361
high,777,sensor_501_multivar_labeled,without_drift,11,1335,29,370,0.7713467048710602,0.275,0.0288713910761154,0.0522565320665083,0.0212609970674486,0.9711286089238844,0.9787390029325512,0.5038051970043335,0.0210079960702989,0.0713007570460185
high,777,sensor_501_multivar_labeled,without_flat,28,1249,115,353,0.7318051575931233,0.1958041958041958,0.0734908136482939,0.1068702290076335,0.0843108504398826,0.926509186351706,0.9156891495601172,0.4945899816042056,-0.0162966799263364,0.0910783914745644
high,777,sensor_501_multivar_labeled,without_dropout,5,1352,12,376,0.7776504297994269,0.2941176470588235,0.0131233595800524,0.0251256281407035,0.0087976539589442,0.9868766404199476,0.9912023460410556,0.5021628528105541,0.0181940885526092,0.0584814222002614
high,777,sensor_502_multivar_labeled,full,98,1452,90,307,0.7960965588084232,0.5212765957446809,0.2419753086419753,0.3305227655986509,0.0583657587548638,0.7580246913580246,0.9416342412451362,0.5918047749435558,0.25232083898704,0.2936827505982012
high,777,sensor_502_multivar_labeled,without_spike,105,1435,107,300,0.7909604519774012,0.4952830188679245,0.2592592592592592,0.3403565640194489,0.0693904020752269,0.7407407407407407,0.930609597924773,0.5949344285920162,0.2474034575945625,0.2982916442091957
high,777,sensor_502_multivar_labeled,without_drift,99,1452,90,306,0.7966101694915254,0.5238095238095238,0.2444444444444444,0.3333333333333333,0.0583657587548638,0.7555555555555555,0.9416342412451362,0.5930393428447903,0.2551091236649146,0.2960681860292755
high,777,sensor_502_multivar_labeled,without_flat,17,1538,4,388,0.7986646122239343,0.8095238095238095,0.0419753086419753,0.0798122065727699,0.0025940337224383,0.9580246913580248,0.9974059662775616,0.5196906374597685,0.1547468015817762,0.1696772536066666
high,777,sensor_502_multivar_labeled,without_dropout,29,1535,7,376,0.8032871083718541,0.8055555555555556,0.0716049382716049,0.1315192743764172,0.0045395590142671,0.928395061728395,0.9954604409857328,0.5335326896286688,0.202062857083174,0.2010445323827758
high,777,sensor_505_multivar_labeled,full,166,1341,120,354,0.7607269056032306,0.5804195804195804,0.3192307692307692,0.4119106699751861,0.082135523613963,0.6807692307692308,0.917864476386037,0.618547622808403,0.2968122063573443,0.3599784169596052
high,777,sensor_505_multivar_labeled,without_spike,192,1215,246,328,0.7102473498233216,0.4383561643835616,0.3692307692307692,0.4008350730688935,0.1683778234086242,0.6307692307692307,0.8316221765913757,0.6004264729110724,0.2129535906651288,0.3400606559669046
high,777,sensor_505_multivar_labeled,without_drift,151,1346,115,369,0.7556789500252398,0.5676691729323309,0.2903846153846154,0.3842239185750636,0.0787132101300479,0.7096153846153846,0.921286789869952,0.6058357026272837,0.2731593636425005,0.3372952029010081
high,777,sensor_505_multivar_labeled,without_flat,166,1347,114,354,0.7637556789500253,0.5928571428571429,0.3192307692307692,0.415,0.0780287474332648,0.6807692307692308,0.9219712525667352,0.6206010108987521,0.3046327220364195,0.3636449274544757
high,777,sensor_505_multivar_labeled,without_dropout,128,1439,22,392,0.7910146390711762,0.8533333333333334,0.2461538461538461,0.3820895522388059,0.0150581793292265,0.7538461538461538,0.9849418206707734,0.6155478334123098,0.384351677064575,0.3722806344206938
high,777,sensor_506_multivar_labeled,full,56,4895,171,607,0.8641996858090417,0.2466960352422907,0.0844645550527903,0.1258426966292135,0.0337544413738649,0.9155354449472096,0.966245558626135,0.5253550568394627,0.0831592797918722,0.1155975411479403
high,777,sensor_506_multivar_labeled,without_spike,9,4952,114,654,0.865945191132833,0.073170731707317,0.0135746606334841,0.0229007633587786,0.0225029609159099,0.986425339366516,0.97749703908409,0.495535849858787,-0.0197051181325346,0.0231030553660021
high,777,sensor_506_multivar_labeled,without_drift,55,4947,119,608,0.873101762960377,0.3160919540229885,0.0829562594268476,0.1314217443249701,0.023489932885906,0.9170437405731524,0.976510067114094,0.5297331632704708,0.1108520713098793,0.1290914625891485
high,777,sensor_506_multivar_labeled,without_flat,60,5002,64,603,0.8835747949031244,0.4838709677419355,0.090497737556561,0.1524777636594663,0.0126332412159494,0.9095022624434388,0.9873667587840506,0.5389322481703058,0.1711709987233785,0.1670816359534235
high,777,sensor_506_multivar_labeled,without_dropout,50,4973,93,613,0.8767673241403386,0.3496503496503496,0.0754147812971342,0.1240694789081885,0.0183576786419265,0.9245852187028658,0.9816423213580734,0.5285285513276038,0.1169985789885074,0.1290674844811849
high,777,sensor_507_multivar_labeled,full,91,1554,47,305,0.8237356034051077,0.6594202898550725,0.2297979797979798,0.3408239700374532,0.0293566520924422,0.7702020202020202,0.9706433479075578,0.6002206638527688,0.3151020957205633,0.3182875587252645
high,777,sensor_507_multivar_labeled,without_spike,88,1546,55,308,0.8182273410115173,0.6153846153846154,0.2222222222222222,0.326530612244898,0.0343535290443472,0.7777777777777778,0.9656464709556528,0.5939343465889375,0.2905191666324549,0.3024777815801283
high,777,sensor_507_multivar_labeled,without_drift,91,1558,43,305,0.8257386079118678,0.6791044776119403,0.2297979797979798,0.3433962264150944,0.0268582136164896,0.7702020202020202,0.9731417863835105,0.6014698830907451,0.3234086175608174,0.3226475461063285
high,777,sensor_507_multivar_labeled,without_flat,124,1494,107,272,0.8102153229844767,0.5367965367965368,0.3131313131313131,0.3955342902711324,0.0668332292317301,0.6868686868686869,0.9331667707682698,0.6231490419497915,0.3070456525297027,0.345765982157711
high,777,sensor_507_multivar_labeled,without_dropout,87,1563,38,309,0.8262393590385578,0.696,0.2196969696969697,0.3339731285988483,0.023735165521549,0.7803030303030303,0.9762648344784508,0.5979809020877103,0.3225572140923755,0.3182234822264178
high,777,sensor_508_multivar_labeled,full,73,1579,61,228,0.8511076764554354,0.5447761194029851,0.2425249169435216,0.3356321839080459,0.0371951219512195,0.7574750830564784,0.9628048780487805,0.602664897496151,0.2931741467744639,0.3017888635570029
high,777,sensor_508_multivar_labeled,without_spike,65,1621,19,236,0.8686244204018547,0.7738095238095238,0.2159468438538206,0.3376623376623376,0.0115853658536585,0.7840531561461794,0.9884146341463416,0.6021807390000811,0.3635453648985863,0.3316449970902608
high,777,sensor_508_multivar_labeled,without_drift,68,1623,17,233,0.871200412158681,0.8,0.2259136212624584,0.3523316062176166,0.0103658536585365,0.7740863787375415,0.9896341463414634,0.607773883801961,0.3812854671791185,0.3452867238108114
high,777,sensor_508_multivar_labeled,without_flat,98,1455,185,203,0.8001030396702731,0.3462897526501767,0.3255813953488372,0.3356164383561644,0.1128048780487804,0.6744186046511628,0.8871951219512195,0.6063882586500284,0.2182445398329278,0.2893647909575735
high,777,sensor_508_multivar_labeled,without_dropout,77,1574,66,224,0.85059247810407,0.5384615384615384,0.2558139534883721,0.3468468468468468,0.0402439024390243,0.7441860465116279,0.9597560975609756,0.6077850255246738,0.2986969128057108,0.309570107652921
high,777,sensor_509_multivar_labeled,full,2028,6685,3641,491,0.6783184118333982,0.3577350502734168,0.8050813815005955,0.4953590620420127,0.352605074569049,0.1949186184994045,0.647394925430951,0.7262381534657733,0.36181081447227,0.4828357424531919
high,777,sensor_509_multivar_labeled,without_spike,1918,8258,2068,601,0.7922148695990657,0.4811841445057702,0.7614132592298531,0.5897002305918524,0.2002711601781909,0.2385867407701468,0.799728839821809,0.7805710495258311,0.481606121536131,0.5459395871933359
high,777,sensor_509_multivar_labeled,without_drift,1996,7188,3138,523,0.7149863760217984,0.3887806778340475,0.7923779277491068,0.5216255063373841,0.3038930854154561,0.2076220722508932,0.6961069145845439,0.7442424211668253,0.3959569337824503,0.5003726493101164
high,777,sensor_509_multivar_labeled,without_flat,2069,6051,4275,450,0.6321525885558583,0.3261349306431274,0.8213576816196904,0.4668848019857836,0.4140034863451481,0.1786423183803096,0.5859965136548518,0.703677097637271,0.323504754139969,0.464025356341464
high,777,sensor_509_multivar_labeled,without_dropout,2028,6685,3641,491,0.6783184118333982,0.3577350502734168,0.8050813815005955,0.4953590620420127,0.352605074569049,0.1949186184994045,0.647394925430951,0.7262381534657733,0.36181081447227,0.4828357424531919
high,777,sensor_510_multivar_labeled,full,873,8044,572,127,0.9273086522462562,0.6041522491349481,0.873,0.7141104294478527,0.0663881151346332,0.127,0.9336118848653668,0.9033059424326834,0.6890423780983712,0.6672337191083125
high,777,sensor_510_multivar_labeled,without_spike,851,8033,583,149,0.9238768718801996,0.5934449093444909,0.851,0.6992604765817584,0.0676648096564531,0.149,0.9323351903435468,0.8916675951717734,0.6712683471109921,0.6522174698978196
high,777,sensor_510_multivar_labeled,without_drift,871,8048,568,129,0.9275166389351082,0.6052814454482279,0.871,0.7142271422714228,0.0659238625812441,0.129,0.9340761374187558,0.902538068709378,0.6889098646886657,0.66690204458125
high,777,sensor_510_multivar_labeled,without_flat,870,8111,505,130,0.9339642262895176,0.6327272727272727,0.87,0.7326315789473684,0.0586118848653667,0.13,0.9413881151346332,0.9056940575673168,0.7075223787685035,0.67973211294887
high,777,sensor_510_multivar_labeled,without_dropout,938,7913,703,62,0.9204450915141432,0.5716026812918952,0.938,0.7103369935630442,0.0815923862581244,0.062,0.9184076137418756,0.9282038068709376,0.6948862663386463,0.6786328106713417
high,777,sensor_511_multivar_labeled,full,323,3063,41,634,0.8337847820733809,0.8873626373626373,0.3375130616509927,0.4890234670704012,0.0132087628865979,0.6624869383490073,0.986791237113402,0.6621521493821974,0.4818303069699255,0.4530979979927141
high,777,sensor_511_multivar_labeled,without_spike,183,3074,30,774,0.8020192070918493,0.8591549295774648,0.1912225705329153,0.3128205128205128,0.0096649484536082,0.8087774294670846,0.9903350515463918,0.5907788110396536,0.3456399851368021,0.3260427465203642
high,777,sensor_511_multivar_labeled,without_drift,218,3073,31,739,0.8103915291800049,0.8755020080321285,0.2277951933124347,0.3615257048092869,0.0099871134020618,0.7722048066875653,0.9900128865979382,0.6089040399551864,0.3853139141204653,0.3613517150225226
high,777,sensor_511_multivar_labeled,without_flat,194,3078,26,763,0.8057128786013297,0.8818181818181818,0.2027168234064786,0.3296516567544605,0.0083762886597938,0.7972831765935214,0.9916237113402062,0.5971702673733424,0.3643734499285306,0.3405933909681987
high,777,sensor_511_multivar_labeled,without_dropout,310,3074,30,647,0.8332922925387836,0.9117647058823528,0.3239289446185998,0.4780262143407864,0.0096649484536082,0.6760710553814002,0.9903350515463918,0.6571319980824958,0.4815508572487135,0.4480886908759259
high,999,sensor_501_multivar_labeled,full,75,1194,66,410,0.7272206303724928,0.5319148936170213,0.1546391752577319,0.2396166134185303,0.0523809523809523,0.845360824742268,0.9476190476190476,0.5511291114383898,0.168090296984388,0.2287683674201161
high,999,sensor_501_multivar_labeled,without_spike,73,1199,61,412,0.7289398280802293,0.5447761194029851,0.1505154639175257,0.2358642972536348,0.0484126984126984,0.8494845360824742,0.9515873015873016,0.5510513827524136,0.1717882587935354,0.2281687210085713
high,999,sensor_501_multivar_labeled,without_drift,56,1199,61,429,0.7191977077363897,0.4786324786324786,0.1154639175257732,0.186046511627907,0.0484126984126984,0.8845360824742268,0.9515873015873016,0.5335256095565374,0.1200999120131635,0.185313707443892
high,999,sensor_501_multivar_labeled,without_flat,78,1198,62,407,0.7312320916905444,0.5571428571428572,0.1608247422680412,0.2496,0.0492063492063492,0.8391752577319588,0.9507936507936507,0.555809196530846,0.1840731191032633,0.239218216331206
high,999,sensor_501_multivar_labeled,without_dropout,53,1234,26,432,0.7375358166189112,0.6708860759493671,0.1092783505154639,0.1879432624113475,0.0206349206349206,0.8907216494845361,0.9793650793650792,0.5443217149402716,0.1910080406101071,0.2159273925686585
high,999,sensor_502_multivar_labeled,full,17,1747,175,8,0.9060092449922958,0.0885416666666666,0.68,0.1566820276497696,0.09105098855359,0.32,0.90894901144641,0.794474505723205,0.2224002230140647,0.2786830635870373
high,999,sensor_502_multivar_labeled,without_spike,11,1727,195,14,0.8926553672316384,0.0533980582524271,0.44,0.0952380952380952,0.1014568158168574,0.56,0.8985431841831426,0.6692715920915713,0.1239161109758058,0.1727211700133212
high,999,sensor_502_multivar_labeled,without_drift,17,1746,176,8,0.9054956343091936,0.0880829015544041,0.68,0.1559633027522936,0.0915712799167533,0.32,0.9084287200832466,0.7942143600416234,0.2216905131432283,0.2782387934800174
high,999,sensor_502_multivar_labeled,without_flat,17,1665,257,8,0.8638931689779148,0.0620437956204379,0.68,0.1137123745819398,0.1337148803329864,0.32,0.8662851196670135,0.7731425598335068,0.1768653732659744,0.2511056498716399
high,999,sensor_502_multivar_labeled,without_dropout,17,1746,176,8,0.9054956343091936,0.0880829015544041,0.68,0.1559633027522936,0.0915712799167533,0.32,0.9084287200832466,0.7942143600416234,0.2216905131432283,0.2782387934800174
high,999,sensor_505_multivar_labeled,full,91,1806,3,81,0.9575971731448764,0.9680851063829788,0.5290697674418605,0.6842105263157895,0.0016583747927031,0.4709302325581395,0.9983416252072967,0.7637056963245787,0.6985269024130784,0.6116625955528399
high,999,sensor_505_multivar_labeled,without_spike,84,1809,0,88,0.95557799091368,1.0,0.4883720930232558,0.65625,0.0,0.5116279069767442,1.0,0.7441860465116279,0.6824345996146611,0.5918241279069768
high,999,sensor_505_multivar_labeled,without_drift,92,1805,4,80,0.9575971731448764,0.9583333333333334,0.5348837209302325,0.6865671641791045,0.0022111663902708,0.4651162790697674,0.9977888336097293,0.7663362772699809,0.6984776818208592,0.6129492235206397
high,999,sensor_505_multivar_labeled,without_flat,20,1796,13,152,0.91670873296315,0.6060606060606061,0.1162790697674418,0.1951219512195122,0.0071862907683803,0.8837209302325582,0.9928137092316196,0.5545463894995308,0.2400092974401121,0.2128790608112659
high,999,sensor_505_multivar_labeled,without_dropout,94,1793,16,78,0.9525492175668854,0.8545454545454545,0.5465116279069767,0.6666666666666665,0.0088446655610834,0.4534883720930232,0.9911553344389166,0.7688334811729467,0.6610946187465078,0.5912508399978028
high,999,sensor_506_multivar_labeled,full,279,4443,99,908,0.8242276138942224,0.7380952380952381,0.2350463352990733,0.3565495207667731,0.0217965653896961,0.7649536647009267,0.9782034346103038,0.6066248849546886,0.3481561893555344,0.339495814110086
high,999,sensor_506_multivar_labeled,without_spike,246,4450,92,941,0.8196893000523652,0.727810650887574,0.2072451558550969,0.3226229508196722,0.0202553940995156,0.7927548441449032,0.9797446059004844,0.5934948808777907,0.3216427278004891,0.3144999328485661
high,999,sensor_506_multivar_labeled,without_drift,278,4446,96,909,0.8245767149589807,0.7433155080213903,0.2342038753159225,0.356181934657271,0.0211360634081902,0.7657961246840775,0.9788639365918098,0.6065339059538661,0.3495837459054955,0.3399267530529382
high,999,sensor_506_multivar_labeled,without_flat,254,4428,114,933,0.8172455925990574,0.6902173913043478,0.2139848357203032,0.3266881028938906,0.0250990752972258,0.7860151642796968,0.974900924702774,0.5944428802115387,0.312249197124639,0.3122277981842714
high,999,sensor_506_multivar_labeled,without_dropout,296,4402,140,891,0.8200384011171234,0.6788990825688074,0.2493681550126369,0.3647566235366605,0.0308234258036107,0.7506318449873631,0.9691765741963893,0.6092723646045131,0.3340373806934589,0.3377034469002483
high,999,sensor_507_multivar_labeled,full,88,1623,16,270,0.85678517776665,0.8461538461538461,0.2458100558659217,0.3809523809523809,0.0097620500305064,0.7541899441340782,0.9902379499694935,0.6180240029177076,0.4075110122708964,0.3711184601083742
high,999,sensor_507_multivar_labeled,without_spike,136,1621,18,222,0.8798197295943916,0.8831168831168831,0.3798882681564245,0.53125,0.0109823062843197,0.6201117318435754,0.9890176937156804,0.6844529809360524,0.5304245736541586,0.4843982822860279
high,999,sensor_507_multivar_labeled,without_drift,90,1623,16,268,0.85778668002003,0.8490566037735849,0.2513966480446927,0.3879310344827586,0.0097620500305064,0.7486033519553073,0.9902379499694935,0.6208172990070931,0.4134199319200686,0.3763702454936363
high,999,sensor_507_multivar_labeled,without_flat,33,1635,4,325,0.8352528793189785,0.8918918918918919,0.0921787709497206,0.1670886075949366,0.0024405125076266,0.9078212290502792,0.9975594874923734,0.544869129221047,0.2552582157989828,0.2363832372356588
high,999,sensor_507_multivar_labeled,without_dropout,36,1638,1,322,0.8382573860791187,0.972972972972973,0.1005586592178771,0.1822784810126582,0.0006101281269066,0.8994413407821229,0.9993898718730934,0.5499742655454852,0.2843010791709647,0.2580778473543146
high,999,sensor_508_multivar_labeled,full,126,1333,0,482,0.7516743946419372,1.0,0.2072368421052631,0.3433242506811989,0.0,0.7927631578947368,1.0,0.6036184210526316,0.3901308041761329,0.3666669654381184
high,999,sensor_508_multivar_labeled,without_spike,124,1333,0,484,0.7506439979392066,1.0,0.2039473684210526,0.3387978142076502,0.0,0.7960526315789473,1.0,0.6019736842105263,0.3868090833750322,0.3636432269197583
high,999,sensor_508_multivar_labeled,without_drift,126,1333,0,482,0.7516743946419372,1.0,0.2072368421052631,0.3433242506811989,0.0,0.7927631578947368,1.0,0.6036184210526316,0.3901308041761329,0.3666669654381184
high,999,sensor_508_multivar_labeled,without_flat,20,1333,0,588,0.6970633693972179,1.0,0.0328947368421052,0.0636942675159235,0.0,0.9671052631578948,1.0,0.5164473684210527,0.1510826523288997,0.1885308414347971
high,999,sensor_508_multivar_labeled,without_dropout,9,1333,0,599,0.6913961875321999,1.0,0.0148026315789473,0.0291734197730956,0.0,0.9851973684210528,1.0,0.5074013157894737,0.1010603920636897,0.1675688283715772
high,999,sensor_509_multivar_labeled,full,1271,10588,494,492,0.9232386142467888,0.7201133144475921,0.7209302325581395,0.7205215419501134,0.0445767911929254,0.2790697674418604,0.9554232088070744,0.838176720682607,0.676031135046245,0.6440730816928393
high,999,sensor_509_multivar_labeled,without_spike,1252,10531,551,511,0.9173219151420786,0.6943982251802552,0.7101531480431084,0.7021873247335951,0.0497202670998014,0.2898468519568916,0.9502797329001984,0.8302164404716534,0.6542476654575308,0.6282179476101084
high,999,sensor_509_multivar_labeled,without_drift,1276,10744,338,487,0.9357726741922928,0.7905824039653035,0.7237663074305162,0.755700325732899,0.0304999097635805,0.2762336925694838,0.9695000902364194,0.8466331988334678,0.7197379472135458,0.672732408427397
high,999,sensor_509_multivar_labeled,without_flat,636,10812,270,1127,0.891241728298949,0.7019867549668874,0.3607487237663074,0.4765829898838516,0.0243638332430969,0.6392512762336926,0.9756361667569032,0.6681924452616053,0.4520886817266196,0.425548592498349
high,999,sensor_509_multivar_labeled,without_dropout,1281,10586,496,482,0.9238614246788632,0.7208778840742825,0.7266023823028928,0.7237288135593221,0.0447572640317632,0.2733976176971072,0.9552427359682368,0.8409225591355648,0.6795832645989531,0.6473146370005288
high,999,sensor_510_multivar_labeled,full,963,7594,684,375,0.8898710482529119,0.5846994535519126,0.7197309417040358,0.6452261306532663,0.082628654264315,0.2802690582959641,0.9173713457356848,0.8185511437198604,0.5852632021301747,0.585713093911536
high,999,sensor_510_multivar_labeled,without_spike,950,7512,766,388,0.8799916805324459,0.5536130536130536,0.7100149476831091,0.6221349050425671,0.0925344286059434,0.2899850523168908,0.9074655713940564,0.8087402595385829,0.5581383201287847,0.5667537067554516
high,999,sensor_510_multivar_labeled,without_drift,959,7629,649,379,0.8930948419301165,0.5963930348258707,0.7167414050822123,0.6510522742701969,0.0784005798502053,0.2832585949177877,0.9215994201497948,0.8191704126160035,0.5920226656162844,0.5896148421851124
high,999,sensor_510_multivar_labeled,without_flat,953,7790,488,385,0.9092138103161398,0.6613462873004857,0.7122571001494769,0.6858582223821519,0.0589514375453008,0.2877428998505231,0.9410485624546991,0.826652831302088,0.6334776824145376,0.6156201294573542
high,999,sensor_510_multivar_labeled,without_dropout,953,7724,554,385,0.9023502495840268,0.6323822163238222,0.7122571001494769,0.6699472759226713,0.0669243778690504,0.2877428998505231,0.9330756221309496,0.8226663611402132,0.6143759099514422,0.6033182988717134
high,999,sensor_511_multivar_labeled,full,197,2876,68,920,0.7567101699088894,0.7433962264150943,0.1763652641002685,0.2850940665701881,0.0230978260869565,0.8236347358997315,0.9769021739130436,0.576633719006656,0.277114562289688,0.2904015605402337
high,999,sensor_511_multivar_labeled,without_spike,604,2613,331,513,0.7921694163999015,0.6459893048128342,0.540734109221128,0.5886939571150097,0.1124320652173913,0.459265890778872,0.8875679347826086,0.7141510220018683,0.4543027274132559,0.5127877026682788
high,999,sensor_511_multivar_labeled,without_drift,199,2876,68,918,0.7572026594434869,0.7453183520599251,0.1781557743957027,0.2875722543352601,0.0230978260869565,0.8218442256042973,0.9769021739130436,0.5775289741543731,0.2793735128212585,0.292342216969871
high,999,sensor_511_multivar_labeled,without_flat,174,2892,52,943,0.7549864565377986,0.7699115044247787,0.1557743957027753,0.2591213700670141,0.0176630434782608,0.8442256042972247,0.9823369565217392,0.5690556761122572,0.2690221028320056,0.2770573565568796
high,999,sensor_511_multivar_labeled,without_dropout,410,2876,68,707,0.8091603053435115,0.8577405857740585,0.3670546105640107,0.5141065830721003,0.0230978260869565,0.6329453894359892,0.9769021739130436,0.6719783922385271,0.476608756584408,0.4678156508090615
low,123,sensor_501_multivar_labeled,full,34,878,789,44,0.5226361031518625,0.0413122721749696,0.4358974358974359,0.0754716981132075,0.4733053389322135,0.5641025641025641,0.5266946610677864,0.4812960484826111,-0.0154850669319813,0.1235978018531982
low,123,sensor_501_multivar_labeled,without_spike,0,1640,27,78,0.9398280802292264,0.0,0.0,0.0,0.0161967606478704,1.0,0.9838032393521297,0.4919016196760647,-0.0271175096741526,-0.001619676064787
low,123,sensor_501_multivar_labeled,without_drift,28,974,693,50,0.5742120343839542,0.0388349514563106,0.358974358974359,0.0700876095118898,0.4157168566286742,0.6410256410256411,0.5842831433713257,0.4716287511728423,-0.0238125518658113,0.1034852890282372
low,123,sensor_501_multivar_labeled,without_flat,34,878,789,44,0.5226361031518625,0.0413122721749696,0.4358974358974359,0.0754716981132075,0.4733053389322135,0.5641025641025641,0.5266946610677864,0.4812960484826111,-0.0154850669319813,0.1235978018531982
low,123,sensor_501_multivar_labeled,without_dropout,26,1189,478,52,0.6962750716332379,0.0515873015873015,0.3333333333333333,0.0893470790378006,0.286742651469706,0.6666666666666666,0.713257348530294,0.5232953409318136,0.0212428610685447,0.1192700156581349
low,123,sensor_502_multivar_labeled,full,12,1767,88,80,0.9137134052388288,0.12,0.1304347826086956,0.1249999999999999,0.0474393530997304,0.8695652173913043,0.9525606469002696,0.5414977147544826,0.0797786347044483,0.1086364994726356
low,123,sensor_502_multivar_labeled,without_spike,12,1741,114,80,0.9003595274781715,0.0952380952380952,0.1304347826086956,0.110091743119266,0.061455525606469,0.8695652173913043,0.938544474393531,0.5344896285011133,0.0594900230673028,0.0968118809113458
low,123,sensor_502_multivar_labeled,without_drift,14,1767,88,78,0.9147406266050334,0.1372549019607843,0.1521739130434782,0.1443298969072165,0.0474393530997304,0.8478260869565217,0.9525606469002696,0.552367279971874,0.099737301060224,0.1264449275054355
low,123,sensor_502_multivar_labeled,without_flat,4,1854,1,88,0.9542886492039034,0.8,0.0434782608695652,0.0824742268041237,0.0005390835579514,0.9565217391304348,0.9994609164420484,0.5214695886558068,0.1800155306663914,0.1701029719669301
low,123,sensor_502_multivar_labeled,without_dropout,3,1851,4,89,0.9522342064714946,0.4285714285714285,0.0326086956521739,0.0606060606060606,0.0021563342318059,0.967391304347826,0.997843665768194,0.515226180710184,0.1079535581368552,0.1011254168309131
low,123,sensor_505_multivar_labeled,full,3,1914,21,43,0.967693084300858,0.125,0.0652173913043478,0.0857142857142857,0.0108527131782945,0.9347826086956522,0.9891472868217054,0.5271823390630266,0.0748402428203505,0.0758013746449034
low,123,sensor_505_multivar_labeled,without_spike,16,1716,219,30,0.8743059061080263,0.0680851063829787,0.3478260869565217,0.1138790035587188,0.1131782945736434,0.6521739130434783,0.8868217054263566,0.6173238961914391,0.1092898480962631,0.1544883141884624
low,123,sensor_505_multivar_labeled,without_drift,2,1914,21,44,0.9671882887430592,0.0869565217391304,0.0434782608695652,0.0579710144927536,0.0108527131782945,0.9565217391304348,0.9891472868217054,0.5163127738456353,0.0458676985686253,0.0510886417256488
low,123,sensor_505_multivar_labeled,without_flat,2,1933,2,44,0.9767794043412418,0.5,0.0434782608695652,0.08,0.0010335917312661,0.9565217391304348,0.9989664082687338,0.5212223345691496,0.1423997486562437,0.1239401190877429
low,123,sensor_505_multivar_labeled,without_dropout,2,1935,0,44,0.97778899545684,1.0,0.0434782608695652,0.0833333333333333,0.0,0.9565217391304348,1.0,0.5217391304347826,0.2061833870044062,0.2005434782608695
low,123,sensor_506_multivar_labeled,full,50,5532,127,20,0.9743410717402688,0.2824858757062147,0.7142857142857143,0.4048582995951417,0.0224421275843788,0.2857142857142857,0.9775578724156212,0.8459217933506678,0.4392536960578572,0.4366006177010223
low,123,sensor_506_multivar_labeled,without_spike,40,5539,120,30,0.9738174201431314,0.25,0.5714285714285714,0.3478260869565217,0.0212051599222477,0.4285714285714285,0.9787948400777524,0.7751117057531618,0.3668675774927825,0.3633297945667814
low,123,sensor_506_multivar_labeled,without_drift,46,5538,121,24,0.974690172805027,0.2754491017964072,0.6571428571428571,0.3881856540084388,0.0213818695882664,0.3428571428571428,0.9786181304117336,0.8178804937772953,0.4151824752406371,0.4110055797572889
low,123,sensor_506_multivar_labeled,without_flat,48,5580,79,22,0.9823703962297085,0.3779527559055118,0.6857142857142857,0.4873096446700507,0.0139600636154797,0.3142857142857143,0.9860399363845204,0.835877111049403,0.501251700511088,0.4803005328400873
low,123,sensor_506_multivar_labeled,without_dropout,42,5585,74,28,0.9821958456973294,0.3620689655172414,0.6,0.4516129032258064,0.0130765152853861,0.4,0.986923484714614,0.7934617423573069,0.4577979447872604,0.4362284997506604
low,123,sensor_507_multivar_labeled,full,7,1930,43,17,0.969954932398598,0.14,0.2916666666666667,0.1891891891891892,0.0217942219969589,0.7083333333333334,0.9782057780030412,0.6349362223348539,0.1882173821744035,0.1914557129354392
low,123,sensor_507_multivar_labeled,without_spike,5,1921,52,19,0.9644466700050076,0.087719298245614,0.2083333333333333,0.1234567901234568,0.0263558033451596,0.7916666666666666,0.9736441966548404,0.5909887649940868,0.1190826900408064,0.1285778699578817
low,123,sensor_507_multivar_labeled,without_drift,7,1930,43,17,0.969954932398598,0.14,0.2916666666666667,0.1891891891891892,0.0217942219969589,0.7083333333333334,0.9782057780030412,0.6349362223348539,0.1882173821744035,0.1914557129354392
low,123,sensor_507_multivar_labeled,without_flat,4,1972,1,20,0.9894842263395092,0.8,0.1666666666666666,0.2758620689655172,0.0005068423720223,0.8333333333333334,0.9994931576279776,0.5830799121473222,0.3622976512585418,0.2940872467972805
low,123,sensor_507_multivar_labeled,without_dropout,4,1972,1,20,0.9894842263395092,0.8,0.1666666666666666,0.2758620689655172,0.0005068423720223,0.8333333333333334,0.9994931576279776,0.5830799121473222,0.3622976512585418,0.2940872467972805
low,123,sensor_508_multivar_labeled,full,1,1875,9,56,0.9665121071612572,0.1,0.0175438596491228,0.0298507462686567,0.0047770700636942,0.9824561403508772,0.9952229299363056,0.5063833947927142,0.0301070664308926,0.0332182867092629
low,123,sensor_508_multivar_labeled,without_spike,5,1735,149,52,0.8964451313755796,0.0324675324675324,0.087719298245614,0.0473933649289099,0.0790870488322717,0.912280701754386,0.9209129511677282,0.5043161247066711,0.0053923642454936,0.0446042286785963
low,123,sensor_508_multivar_labeled,without_drift,1,1875,9,56,0.9665121071612572,0.1,0.0175438596491228,0.0298507462686567,0.0047770700636942,0.9824561403508772,0.9952229299363056,0.5063833947927142,0.0301070664308926,0.0332182867092629
low,123,sensor_508_multivar_labeled,without_flat,1,1883,1,56,0.9706336939721792,0.5,0.0175438596491228,0.0338983050847457,0.0005307855626326,0.9824561403508772,0.9994692144373672,0.508506537043245,0.0895275640406775,0.0954643166266091
low,123,sensor_508_multivar_labeled,without_dropout,1,1883,1,56,0.9706336939721792,0.5,0.0175438596491228,0.0338983050847457,0.0005307855626326,0.9824561403508772,0.9994692144373672,0.508506537043245,0.0895275640406775,0.0954643166266091
low,123,sensor_509_multivar_labeled,full,305,10595,1139,806,0.8485792137018295,0.2112188365650969,0.2745274527452745,0.2387475538160469,0.097068348389296,0.7254725472547254,0.902931651610704,0.5887295521779893,0.1579149645815072,0.2117706256866384
low,123,sensor_509_multivar_labeled,without_spike,301,10591,1143,810,0.8479564032697547,0.2084487534626039,0.2709270927092709,0.2356164383561643,0.0974092381114709,0.729072907290729,0.902590761888529,0.5867589272989,0.1544077772876891,0.2088319142812987
low,123,sensor_509_multivar_labeled,without_drift,301,10679,1055,810,0.8548073180225769,0.221976401179941,0.2709270927092709,0.2440210782326712,0.0899096642236236,0.729072907290729,0.9100903357763764,0.5905087142428236,0.1655882448940106,0.2153931067721121
low,123,sensor_509_multivar_labeled,without_flat,290,11081,653,821,0.8852471778902297,0.3075291622481442,0.261026102610261,0.2823758519961052,0.0556502471450485,0.738973897389739,0.9443497528549514,0.6026879277326063,0.2213419019910133,0.2459413138040424
low,123,sensor_509_multivar_labeled,without_dropout,350,10882,852,761,0.8744258466329311,0.2911813643926789,0.315031503150315,0.3026372676178124,0.0726095108232486,0.684968496849685,0.9273904891767514,0.6212109961635333,0.2339738950451145,0.267112474949687
low,123,sensor_510_multivar_labeled,full,178,8499,438,501,0.9023502495840268,0.288961038961039,0.2621502209131075,0.2749034749034749,0.049009734810339,0.7378497790868925,0.950990265189661,0.6065702430513843,0.2229898560828782,0.2407948123436178
low,123,sensor_510_multivar_labeled,without_spike,210,7882,1055,469,0.841514143094842,0.1660079051383399,0.3092783505154639,0.2160493827160494,0.1180485621573234,0.6907216494845361,0.8819514378426765,0.5956148941790702,0.1449345097718453,0.20310205693188
low,123,sensor_510_multivar_labeled,without_drift,206,8392,545,473,0.894134775374376,0.2743009320905459,0.3033873343151693,0.2881118881118881,0.060982432583641,0.6966126656848306,0.939017567416359,0.6212024508657642,0.231426360328473,0.2557134465001182
low,123,sensor_510_multivar_labeled,without_flat,199,8551,386,480,0.9099417637271214,0.3401709401709402,0.2930780559646539,0.314873417721519,0.0431912274812576,0.7069219440353461,0.9568087725187424,0.6249434142416981,0.2678109172968567,0.276322973041595
low,123,sensor_510_multivar_labeled,without_dropout,48,8891,46,631,0.9295965058236272,0.5106382978723404,0.0706921944035346,0.1241914618369987,0.0051471410988027,0.9293078055964654,0.9948528589011972,0.532772526652366,0.170664295268073,0.1531748467186805
low,123,sensor_511_multivar_labeled,full,63,3680,260,58,0.921694163999015,0.1950464396284829,0.5206611570247934,0.2837837837837837,0.065989847715736,0.4793388429752066,0.934010152284264,0.7273356546545287,0.2857047340487995,0.3065590309828396
low,123,sensor_511_multivar_labeled,without_spike,49,3707,233,72,0.924895345973898,0.1737588652482269,0.4049586776859504,0.2431761786600496,0.0591370558375634,0.5950413223140496,0.9408629441624364,0.6729108109241935,0.2313022935571234,0.2510670079062851
low,123,sensor_511_multivar_labeled,without_drift,63,3701,239,58,0.9268653041122876,0.2086092715231788,0.5206611570247934,0.2978723404255319,0.0606598984771573,0.4793388429752066,0.9393401015228426,0.730000629273818,0.2980987683258813,0.3154663011796884
low,123,sensor_511_multivar_labeled,without_flat,53,3848,92,68,0.9606008372322088,0.3655172413793103,0.4380165289256198,0.3984962406015038,0.0233502538071065,0.5619834710743802,0.9766497461928934,0.7073331375592566,0.3799567541179842,0.3632208277745485
low,123,sensor_511_multivar_labeled,without_dropout,63,3680,260,58,0.921694163999015,0.1950464396284829,0.5206611570247934,0.2837837837837837,0.065989847715736,0.4793388429752066,0.934010152284264,0.7273356546545287,0.2857047340487995,0.3065590309828396
low,321,sensor_501_multivar_labeled,full,3,1583,26,133,0.9088825214899714,0.1034482758620689,0.0220588235294117,0.0363636363636363,0.0161591050341827,0.9779411764705882,0.9838408949658172,0.5029498592476145,0.0123714648436974,0.0368826142983519
low,321,sensor_501_multivar_labeled,without_spike,2,1583,26,134,0.9083094555873924,0.0714285714285714,0.0147058823529411,0.024390243902439,0.0161591050341827,0.9852941176470588,0.9838408949658172,0.4992733886593792,-0.0031003839537245,0.0244857496728473
low,321,sensor_501_multivar_labeled,without_drift,2,1583,26,134,0.9083094555873924,0.0714285714285714,0.0147058823529411,0.024390243902439,0.0161591050341827,0.9852941176470588,0.9838408949658172,0.4992733886593792,-0.0031003839537245,0.0244857496728473
low,321,sensor_501_multivar_labeled,without_flat,1,1607,2,135,0.9214899713467049,0.3333333333333333,0.0073529411764705,0.014388489208633,0.0012430080795525,0.9926470588235294,0.9987569919204476,0.503054966548459,0.0395365917568726,0.0585564016888708
low,321,sensor_501_multivar_labeled,without_dropout,1,1609,0,135,0.9226361031518624,1.0,0.0073529411764705,0.0145985401459854,0.0,0.9926470588235294,1.0,0.5036764705882353,0.0823636012875434,0.1587752254186346
low,321,sensor_502_multivar_labeled,full,3,1675,178,91,0.861838726245506,0.0165745856353591,0.0319148936170212,0.0218181818181818,0.0960604425256341,0.9680851063829788,0.903939557474366,0.4679272255456936,-0.0473514764625381,0.0122727934960286
low,321,sensor_502_multivar_labeled,without_spike,4,1599,254,90,0.8233179250128403,0.0155038759689922,0.0425531914893617,0.0227272727272727,0.1370750134916351,0.9574468085106383,0.8629249865083648,0.4527390889988632,-0.059759787319858,0.0116113102202665
low,321,sensor_502_multivar_labeled,without_drift,3,1673,180,91,0.8608115048793015,0.0163934426229508,0.0319148936170212,0.0216606498194945,0.0971397733405288,0.9680851063829788,0.9028602266594712,0.4673875601382461,-0.0479115353329014,0.0120667995632686
low,321,sensor_502_multivar_labeled,without_flat,3,1703,150,91,0.8762198253723678,0.0196078431372549,0.0319148936170212,0.0242914979757085,0.0809498111171073,0.9680851063829788,0.9190501888828926,0.4754825412499569,-0.0390616109924755,0.0153518375330527
low,321,sensor_502_multivar_labeled,without_dropout,3,1658,195,91,0.8531073446327684,0.0151515151515151,0.0319148936170212,0.0205479452054794,0.1052347544522396,0.9680851063829788,0.8947652455477604,0.4633400695823908,-0.0519990930115714,0.0105702952550754
low,321,sensor_505_multivar_labeled,full,4,1926,20,31,0.9742554265522464,0.1666666666666666,0.1142857142857142,0.135593220338983,0.0102774922918807,0.8857142857142857,0.9897225077081192,0.5520041109969167,0.1252483688711279,0.1192749142090685
low,321,sensor_505_multivar_labeled,without_spike,13,1592,354,22,0.8101968702675416,0.0354223433242506,0.3714285714285714,0.0646766169154228,0.1819116135662898,0.6285714285714286,0.8180883864337102,0.5947584789311409,0.0642641428412015,0.1276552391825203
low,321,sensor_505_multivar_labeled,without_drift,4,1926,20,31,0.9742554265522464,0.1666666666666666,0.1142857142857142,0.135593220338983,0.0102774922918807,0.8857142857142857,0.9897225077081192,0.5520041109969167,0.1252483688711279,0.1192749142090685
low,321,sensor_505_multivar_labeled,without_flat,1,1946,0,34,0.9828369510348308,1.0,0.0285714285714285,0.0555555555555555,0.0,0.9714285714285714,1.0,0.5142857142857142,0.1675732916690726,0.1835714285714285
low,321,sensor_505_multivar_labeled,without_dropout,1,1945,1,34,0.9823321554770318,0.5,0.0285714285714285,0.054054054054054,0.000513874614594,0.9714285714285714,0.999486125385406,0.5140287769784172,0.116390451253004,0.1078443654342934
low,321,sensor_506_multivar_labeled,full,95,5411,170,53,0.9610752312794554,0.3584905660377358,0.6418918918918919,0.4600484261501211,0.0304604909514423,0.3581081081081081,0.9695395090485576,0.8057157004702247,0.4618025486598143,0.4503168951456382
low,321,sensor_506_multivar_labeled,without_spike,85,5412,169,63,0.9595042764880432,0.3346456692913386,0.5743243243243243,0.4228855721393035,0.0302813115929044,0.4256756756756756,0.9697186884070956,0.7720215063657099,0.419286795821626,0.4097645239943942
low,321,sensor_506_multivar_labeled,without_drift,95,5396,185,53,0.9584569732937686,0.3392857142857143,0.6418918918918919,0.4439252336448598,0.0331481813295108,0.3581081081081081,0.9668518186704892,0.8043718552811905,0.4479029641247711,0.4399119617176605
low,321,sensor_506_multivar_labeled,without_flat,46,5503,78,102,0.9685809041717576,0.3709677419354839,0.3108108108108108,0.338235294117647,0.0139759899659559,0.6891891891891891,0.986024010034044,0.6484174104224274,0.3235959394453661,0.2996966878899114
low,321,sensor_506_multivar_labeled,without_dropout,96,5415,166,52,0.9619479839413512,0.366412213740458,0.6486486486486487,0.4682926829268293,0.0297437735172908,0.3513513513513513,0.9702562264827091,0.8094524375656789,0.4699867236505411,0.4573137566210074
low,321,sensor_507_multivar_labeled,full,5,1926,44,22,0.9669504256384576,0.1020408163265306,0.1851851851851851,0.131578947368421,0.0223350253807106,0.8148148148148148,0.9776649746192894,0.5814250799022372,0.1215655916069913,0.1278387017822535
low,321,sensor_507_multivar_labeled,without_spike,14,1808,162,13,0.912368552829244,0.0795454545454545,0.5185185185185185,0.1379310344827586,0.082233502538071,0.4814814814814814,0.917766497461929,0.7181425079902237,0.1777354204684984,0.2213329890008079
low,321,sensor_507_multivar_labeled,without_drift,5,1928,42,22,0.9679519278918376,0.1063829787234042,0.1851851851851851,0.1351351351351351,0.0213197969543147,0.8148148148148148,0.9786802030456851,0.5819326941154352,0.1248348925432835,0.1301918334794455
low,321,sensor_507_multivar_labeled,without_flat,5,1967,3,22,0.9874812218327492,0.625,0.1851851851851851,0.2857142857142857,0.0015228426395939,0.8148148148148148,0.998477157360406,0.5918311712727956,0.3357938434510683,0.2777246998630247
low,321,sensor_507_multivar_labeled,without_dropout,5,1969,1,22,0.9884827240861292,0.8333333333333334,0.1851851851851851,0.303030303030303,0.0005076142131979,0.8148148148148148,0.999492385786802,0.5923387854859936,0.3896887728260239,0.3168684304978721
low,321,sensor_508_multivar_labeled,full,23,1863,4,51,0.97166409067491,0.8518518518518519,0.3108108108108108,0.4554455445544554,0.0021424745581146,0.6891891891891891,0.9978575254418852,0.654334168126348,0.5046929650395507,0.4257572686147145
low,321,sensor_508_multivar_labeled,without_spike,20,1846,21,54,0.9613601236476044,0.4878048780487805,0.2702702702702703,0.3478260869565217,0.0112479914301017,0.7297297297297297,0.9887520085698982,0.6295111394200843,0.344950207018169,0.3096487527758227
low,321,sensor_508_multivar_labeled,without_drift,23,1863,4,51,0.97166409067491,0.8518518518518519,0.3108108108108108,0.4554455445544554,0.0021424745581146,0.6891891891891891,0.9978575254418852,0.654334168126348,0.5046929650395507,0.4257572686147145
low,321,sensor_508_multivar_labeled,without_flat,3,1865,2,71,0.9623905203503348,0.6,0.0405405405405405,0.0759493670886076,0.0010712372790573,0.9594594594594594,0.9989287627209428,0.5197346516307416,0.1491110403138483,0.1362322536241298
low,321,sensor_508_multivar_labeled,without_dropout,3,1865,2,71,0.9623905203503348,0.6,0.0405405405405405,0.0759493670886076,0.0010712372790573,0.9594594594594594,0.9989287627209428,0.5197346516307416,0.1491110403138483,0.1362322536241298
low,321,sensor_509_multivar_labeled,full,141,11878,801,25,0.9356948228882834,0.1496815286624203,0.8493975903614458,0.2545126353790614,0.0631753292846439,0.1506024096385542,0.936824670715356,0.893111130538401,0.340634171456843,0.38548465939991
low,321,sensor_509_multivar_labeled,without_spike,117,11874,805,49,0.9335149863760218,0.1268980477223427,0.7048192771084337,0.2150735294117647,0.0634908115782001,0.2951807228915662,0.9365091884218,0.8206642327651168,0.2806201348924377,0.3209144973683556
low,321,sensor_509_multivar_labeled,without_drift,141,11882,797,25,0.9360062281043208,0.150319829424307,0.8493975903614458,0.2554347826086957,0.0628598469910876,0.1506024096385542,0.9371401530089124,0.8932688716851791,0.3414393073810735,0.386026918996884
low,321,sensor_509_multivar_labeled,without_flat,144,12177,502,22,0.9592059166991048,0.2229102167182662,0.8674698795180723,0.354679802955665,0.0395930278413124,0.1325301204819277,0.9604069721586876,0.91393842583838,0.4278424866252383,0.4493241049090796
low,321,sensor_509_multivar_labeled,without_dropout,133,12039,640,33,0.9476060724017128,0.1720569210866752,0.8012048192771084,0.2832800851970181,0.0504771669690038,0.1987951807228915,0.9495228330309962,0.8753638261540523,0.3565328884049988,0.3885983055878915
low,321,sensor_510_multivar_labeled,full,293,8078,814,431,0.8705282861896838,0.2646793134598013,0.4046961325966851,0.3200436919716002,0.0915429599640126,0.5953038674033149,0.9084570400359874,0.6565765863163362,0.2588884968029264,0.2959761021887945
low,321,sensor_510_multivar_labeled,without_spike,303,7988,904,421,0.8622088186356073,0.2510356255178128,0.4185082872928177,0.3138270326255826,0.1016644174538911,0.5814917127071824,0.8983355825461089,0.6584219349194633,0.2523413997717336,0.2942635529516403
low,321,sensor_510_multivar_labeled,without_drift,295,8090,802,429,0.8719841930116472,0.2689152233363719,0.4074585635359116,0.3239978034047227,0.0901934322986954,0.5925414364640884,0.9098065677013044,0.6586325656186081,0.2633259933442333,0.2993545208634849
low,321,sensor_510_multivar_labeled,without_flat,310,7816,1076,414,0.8450499168053245,0.2236652236652236,0.4281767955801105,0.2938388625592417,0.1210076473234368,0.5718232044198895,0.8789923526765632,0.6535845741283368,0.2307624126116332,0.2821295456431318
low,321,sensor_510_multivar_labeled,without_dropout,267,8388,504,457,0.9000623960066556,0.3463035019455253,0.3687845303867403,0.357190635451505,0.0566801619433198,0.6312154696132597,0.9433198380566802,0.6560521842217102,0.3032443723223242,0.3176486541666961
low,321,sensor_511_multivar_labeled,full,62,3654,101,244,0.9150455552819504,0.3803680981595092,0.2026143790849673,0.2643923240938166,0.0268974700399467,0.7973856209150327,0.9731025299600532,0.5878584545225103,0.2363004341235574,0.2341263272876393
low,321,sensor_511_multivar_labeled,without_spike,87,3313,442,219,0.8372322088155627,0.164461247637051,0.284313725490196,0.2083832335329341,0.1177097203728362,0.7156862745098039,0.8822902796271638,0.5833020025586799,0.130651060109072,0.1919647878451532
low,321,sensor_511_multivar_labeled,without_drift,61,3652,103,245,0.9143068209800542,0.3719512195121951,0.1993464052287581,0.2595744680851063,0.0274300932090545,0.8006535947712419,0.9725699067909456,0.5859581560098518,0.2305131168461263,0.2296621058128491
low,321,sensor_511_multivar_labeled,without_flat,54,3684,71,252,0.9204629401625216,0.432,0.1764705882352941,0.2505800464037123,0.0189081225033288,0.8235294117647058,0.9810918774966711,0.5787812328659826,0.2407885886050128,0.2286113851019259
low,321,sensor_511_multivar_labeled,without_dropout,8,3750,5,298,0.9253878355084956,0.6153846153846154,0.0261437908496732,0.0501567398119122,0.0013315579227696,0.9738562091503268,0.9986684420772304,0.5124061164634518,0.1159416843523283,0.1225882066856778
low,42,sensor_501_multivar_labeled,full,11,1589,21,124,0.9169054441260746,0.34375,0.0814814814814814,0.1317365269461078,0.0130434782608695,0.9185185185185184,0.9869565217391304,0.5342190016103059,0.1362772877596451,0.133984033744106
low,42,sensor_501_multivar_labeled,without_spike,17,1536,74,118,0.8899713467048711,0.1868131868131868,0.1259259259259259,0.1504424778761062,0.0459627329192546,0.8740740740740741,0.9540372670807452,0.5399815965033357,0.0960907318485984,0.1289025975520781
low,42,sensor_501_multivar_labeled,without_drift,11,1589,21,124,0.9169054441260746,0.34375,0.0814814814814814,0.1317365269461078,0.0130434782608695,0.9185185185185184,0.9869565217391304,0.5342190016103059,0.1362772877596451,0.133984033744106
low,42,sensor_501_multivar_labeled,without_flat,1,1607,3,134,0.9214899713467049,0.25,0.0074074074074074,0.014388489208633,0.001863354037267,0.9925925925925926,0.9981366459627328,0.5027720266850702,0.030972612809689,0.0460107069623804
low,42,sensor_501_multivar_labeled,without_dropout,1,1606,4,134,0.920916905444126,0.2,0.0074074074074074,0.0142857142857142,0.0024844720496894,0.9925925925925926,0.9975155279503104,0.5024614676788589,0.0246061875050855,0.0384023464458247
low,42,sensor_502_multivar_labeled,full,6,1764,126,51,0.9090909090909092,0.0454545454545454,0.1052631578947368,0.0634920634920634,0.0666666666666666,0.8947368421052632,0.9333333333333332,0.5192982456140351,0.0258815853326287,0.0603018910913647
low,42,sensor_502_multivar_labeled,without_spike,0,1764,126,57,0.9060092449922958,0.0,0.0,0.0,0.0666666666666666,1.0,0.9333333333333332,0.4666666666666667,-0.0456811286359492,-0.0066666666666666
low,42,sensor_502_multivar_labeled,without_drift,9,1703,187,48,0.879301489470981,0.0459183673469387,0.1578947368421052,0.0711462450592885,0.0989417989417989,0.8421052631578947,0.9010582010582012,0.5294764689501532,0.0330295513129615,0.0763778065371723
low,42,sensor_502_multivar_labeled,without_flat,6,1890,0,51,0.9738058551617874,1.0,0.1052631578947368,0.1904761904761905,0.0,0.8947368421052632,1.0,0.5526315789473684,0.3201520829527529,0.2672932330827068
low,42,sensor_502_multivar_labeled,without_dropout,6,1890,0,51,0.9738058551617874,1.0,0.1052631578947368,0.1904761904761905,0.0,0.8947368421052632,1.0,0.5526315789473684,0.3201520829527529,0.2672932330827068
low,42,sensor_505_multivar_labeled,full,3,1858,16,104,0.939424533064109,0.1578947368421052,0.02803738317757,0.0476190476190476,0.0085378868729989,0.97196261682243,0.991462113127001,0.5097497481522856,0.0452244999229938,0.0526702082208583
low,42,sensor_505_multivar_labeled,without_spike,3,1858,16,104,0.939424533064109,0.1578947368421052,0.02803738317757,0.0476190476190476,0.0085378868729989,0.97196261682243,0.991462113127001,0.5097497481522856,0.0452244999229938,0.0526702082208583
low,42,sensor_505_multivar_labeled,without_drift,3,1858,16,104,0.939424533064109,0.1578947368421052,0.02803738317757,0.0476190476190476,0.0085378868729989,0.97196261682243,0.991462113127001,0.5097497481522856,0.0452244999229938,0.0526702082208583
low,42,sensor_505_multivar_labeled,without_flat,0,1874,0,107,0.9459868753154972,0.0,0.0,0.0,0.0,1.0,1.0,0.5,0.0,0.0
low,42,sensor_505_multivar_labeled,without_dropout,0,1874,0,107,0.9459868753154972,0.0,0.0,0.0,0.0,1.0,1.0,0.5,0.0,0.0
low,42,sensor_506_multivar_labeled,full,108,5416,166,39,0.9642171408622796,0.3941605839416058,0.7346938775510204,0.513064133016627,0.0297384450017914,0.2653061224489796,0.9702615549982084,0.8524777162746144,0.5223271327478878,0.50743726621385
low,42,sensor_506_multivar_labeled,without_spike,113,5257,325,34,0.9373363588758946,0.2579908675799087,0.7687074829931972,0.3863247863247863,0.0582228591902543,0.2312925170068027,0.9417771408097456,0.8552423119014714,0.4227682175128232,0.4373347429620739
low,42,sensor_506_multivar_labeled,without_drift,108,5415,167,39,0.9640425903299004,0.3927272727272727,0.7346938775510204,0.5118483412322274,0.0299175922608384,0.2653061224489796,0.9700824077391615,0.852388142645091,0.5212918702604196,0.5066572485028156
low,42,sensor_506_multivar_labeled,without_flat,131,5205,377,16,0.9314016407750044,0.2578740157480315,0.891156462585034,0.4,0.067538516660695,0.1088435374149659,0.9324614833393048,0.9118089729621696,0.4581109595223627,0.4792741894716454
low,42,sensor_506_multivar_labeled,without_dropout,102,5465,117,45,0.971722813754582,0.4657534246575342,0.6938775510204082,0.5573770491803278,0.0209602293084915,0.3061224489795918,0.9790397706915084,0.8364586608559583,0.5549034619587394,0.5267499282050508
low,42,sensor_507_multivar_labeled,full,3,1849,52,93,0.927391086629945,0.0545454545454545,0.03125,0.0397350993377483,0.0273540241977906,0.96875,0.9726459758022094,0.5019479879011046,0.0050925695418548,0.0327022104640258
low,42,sensor_507_multivar_labeled,without_spike,6,1713,188,90,0.8607911867801703,0.0309278350515463,0.0625,0.0413793103448275,0.0988953182535507,0.9375,0.9011046817464492,0.4818023408732246,-0.0262889637755062,0.0321203330875492
low,42,sensor_507_multivar_labeled,without_drift,3,1851,50,93,0.928392588883325,0.0566037735849056,0.03125,0.0402684563758389,0.0263019463440294,0.96875,0.9736980536559704,0.5024740268279853,0.0065852915964425,0.0333561767724604
low,42,sensor_507_multivar_labeled,without_flat,2,1898,3,94,0.9514271407110666,0.4,0.0208333333333333,0.0396039603960396,0.0015781167806417,0.9791666666666666,0.9984218832193582,0.5096276082763458,0.0824224297404114,0.0839139705001536
low,42,sensor_507_multivar_labeled,without_dropout,2,1898,3,94,0.9514271407110666,0.4,0.0208333333333333,0.0396039603960396,0.0015781167806417,0.9791666666666666,0.9984218832193582,0.5096276082763458,0.0824224297404114,0.0839139705001536
low,42,sensor_508_multivar_labeled,full,26,1602,234,79,0.8387429160226687,0.1,0.2476190476190476,0.1424657534246575,0.1274509803921568,0.7523809523809524,0.8725490196078431,0.5600840336134454,0.0798085707518104,0.1406502052875944
low,42,sensor_508_multivar_labeled,without_spike,36,1441,395,69,0.7609479649665121,0.0835266821345707,0.3428571428571428,0.1343283582089552,0.2151416122004357,0.6571428571428571,0.7848583877995643,0.5638577653283536,0.0695100484861769,0.1543197451513147
low,42,sensor_508_multivar_labeled,without_drift,16,1708,128,89,0.8882019577537352,0.1111111111111111,0.1523809523809524,0.1285140562248996,0.0697167755991285,0.8476190476190476,0.9302832244008714,0.5413320883909118,0.0713498473850041,0.1132406001222443
low,42,sensor_508_multivar_labeled,without_flat,1,1815,21,104,0.9356002060793406,0.0454545454545454,0.0095238095238095,0.0157480314960629,0.011437908496732,0.9904761904761904,0.988562091503268,0.4990429505135387,-0.0040902188929065,0.0156181479988798
low,42,sensor_508_multivar_labeled,without_dropout,30,1508,328,75,0.7923750643997939,0.0837988826815642,0.2857142857142857,0.1295896328293736,0.1786492374727669,0.7142857142857143,0.8213507625272332,0.5535325241207594,0.062444865459442,0.1387345291424618
low,42,sensor_509_multivar_labeled,full,159,11467,874,345,0.905099260412612,0.153920619554695,0.3154761904761904,0.2068965517241379,0.0708208410987764,0.6845238095238095,0.9291791589012236,0.622327674688707,0.174676017005873,0.2037523142420458
low,42,sensor_509_multivar_labeled,without_spike,150,11435,906,354,0.9019073569482288,0.1420454545454545,0.2976190476190476,0.1923076923076923,0.073413823839235,0.7023809523809523,0.9265861761607648,0.6121026118899062,0.1584768128568984,0.1897896116220705
low,42,sensor_509_multivar_labeled,without_drift,159,11465,876,345,0.9049435578045932,0.1536231884057971,0.3154761904761904,0.2066276803118908,0.0709829025200551,0.6845238095238095,0.9290170974799448,0.6222466439780676,0.1744063373329216,0.203570501292072
low,42,sensor_509_multivar_labeled,without_flat,181,10525,1816,323,0.8334760607240171,0.0906359539308963,0.3591269841269841,0.1447421031587365,0.1471517705210274,0.6408730158730159,0.8528482294789725,0.6059876068029784,0.1135825606216625,0.1717522576970583
low,42,sensor_509_multivar_labeled,without_dropout,142,11674,667,362,0.919891008174387,0.1755253399258343,0.2817460317460317,0.2162985529322162,0.0540474839964346,0.7182539682539683,0.9459525160035652,0.6138492738747985,0.1819849001627389,0.2027822109325385
low,42,sensor_510_multivar_labeled,full,129,8734,659,94,0.9216930116472546,0.1637055837563451,0.57847533632287,0.2551928783382789,0.0701586287661024,0.42152466367713,0.9298413712338977,0.7541583537783838,0.2789296656240931,0.3059193708359279
low,42,sensor_510_multivar_labeled,without_spike,122,8735,658,101,0.9210690515806988,0.1564102564102564,0.547085201793722,0.2432701894317049,0.0700521665069732,0.452914798206278,0.9299478334930268,0.7385165176433743,0.262983132061353,0.290053467593225
low,42,sensor_510_multivar_labeled,without_drift,129,8729,664,94,0.9211730449251248,0.1626733921815889,0.57847533632287,0.2539370078740157,0.0706909400617481,0.42152466367713,0.929309059938252,0.7538921981305609,0.2778364432657816,0.3051461692612315
low,42,sensor_510_multivar_labeled,without_flat,130,8555,838,93,0.9031821963394344,0.134297520661157,0.5829596412556054,0.218303946263644,0.0892153731502182,0.4170403587443946,0.9107846268497818,0.7468721340526936,0.2469796327378754,0.2843477589794732
low,42,sensor_510_multivar_labeled,without_dropout,129,8947,446,94,0.9438435940099834,0.2243478260869565,0.57847533632287,0.3233082706766917,0.0474821675715958,0.42152466367713,0.9525178324284042,0.7654965843756371,0.3370554622578562,0.3479352798572561
low,42,sensor_511_multivar_labeled,full,60,3780,77,144,0.9455799064269884,0.437956204379562,0.2941176470588235,0.3519061583577713,0.0199637023593466,0.7058823529411765,0.9800362976406534,0.6370769723497385,0.3316726184326011,0.3102901257996437
low,42,sensor_511_multivar_labeled,without_spike,65,3692,165,139,0.9251415907411968,0.2826086956521739,0.3186274509803921,0.2995391705069124,0.0427793621985999,0.6813725490196079,0.9572206378014,0.6379240443908961,0.2606693016452534,0.2684942301501943
low,42,sensor_511_multivar_labeled,without_drift,57,3780,77,147,0.9448411721250924,0.4253731343283582,0.2794117647058823,0.3372781065088757,0.0199637023593466,0.7205882352941176,0.9800362976406534,0.6297240311732679,0.3172542764450722,0.2974082772540778
low,42,sensor_511_multivar_labeled,without_flat,11,3857,0,193,0.952474759911352,1.0,0.0539215686274509,0.1023255813953488,0.0,0.946078431372549,1.0,0.5269607843137255,0.2266097369662667,0.2122229822161422
low,42,sensor_511_multivar_labeled,without_dropout,12,3856,1,192,0.952474759911352,0.9230769230769232,0.0588235294117647,0.1105990783410138,0.0002592688618096,0.9411764705882352,0.9997407311381904,0.5292821302749775,0.2264543352249902,0.2058522556523431
low,777,sensor_501_multivar_labeled,full,6,1558,29,152,0.8962750716332378,0.1714285714285714,0.0379746835443038,0.0621761658031088,0.0182734719596723,0.9620253164556962,0.9817265280403276,0.5098506057923158,0.0403253239273114,0.0632586181930085
low,777,sensor_501_multivar_labeled,without_spike,3,1545,42,155,0.8871060171919771,0.0666666666666666,0.0189873417721519,0.0295566502463054,0.0264650283553875,0.981012658227848,0.9735349716446124,0.4962611567083821,-0.0135379700081677,0.0263501923069442
low,777,sensor_501_multivar_labeled,without_drift,6,1558,29,152,0.8962750716332378,0.1714285714285714,0.0379746835443038,0.0621761658031088,0.0182734719596723,0.9620253164556962,0.9817265280403276,0.5098506057923158,0.0403253239273114,0.0632586181930085
low,777,sensor_501_multivar_labeled,without_flat,5,1585,2,153,0.9111747851002864,0.7142857142857143,0.0316455696202531,0.0606060606060606,0.0012602394454946,0.9683544303797468,0.9987397605545052,0.5151926650873793,0.1379453484837226,0.1437832313571109
low,777,sensor_501_multivar_labeled,without_dropout,5,1585,2,153,0.9111747851002864,0.7142857142857143,0.0316455696202531,0.0606060606060606,0.0012602394454946,0.9683544303797468,0.9987397605545052,0.5151926650873793,0.1379453484837226,0.1437832313571109
low,777,sensor_502_multivar_labeled,full,37,1657,228,25,0.8700564971751412,0.1396226415094339,0.5967741935483871,0.2262996941896024,0.1209549071618037,0.4032258064516129,0.8790450928381963,0.7379096431932917,0.2436450714031413,0.289715025960072
low,777,sensor_502_multivar_labeled,without_spike,14,1782,103,48,0.9224447868515664,0.1196581196581196,0.2258064516129032,0.1564245810055866,0.0546419098143236,0.7741935483870968,0.9453580901856764,0.5855822708992898,0.1264581569993323,0.1506175239036705
low,777,sensor_502_multivar_labeled,without_drift,35,1689,196,27,0.8854648176682075,0.1515151515151515,0.5645161290322581,0.2389078498293515,0.1039787798408488,0.4354838709677419,0.8960212201591512,0.7302686745957047,0.2500643301400475,0.2891927658760734
low,777,sensor_502_multivar_labeled,without_flat,37,1639,246,25,0.8608115048793015,0.1307420494699646,0.5967741935483871,0.2144927536231884,0.1305039787798408,0.4032258064516129,0.8694960212201591,0.7331351073842731,0.2322840111705665,0.2821149067374616
low,777,sensor_502_multivar_labeled,without_dropout,22,1688,197,40,0.8782742681047766,0.1004566210045662,0.3548387096774194,0.1565836298932384,0.1045092838196286,0.6451612903225806,0.8954907161803713,0.6251647129288953,0.1391135709558551,0.1815318111239051
low,777,sensor_505_multivar_labeled,full,3,1896,19,63,0.9586067642604744,0.1363636363636363,0.0454545454545454,0.0681818181818181,0.0099216710182767,0.9545454545454546,0.9900783289817232,0.5177664372181343,0.0608496577297117,0.0637805601708996
low,777,sensor_505_multivar_labeled,without_spike,5,1872,43,61,0.9475012619888944,0.1041666666666666,0.0757575757575757,0.087719298245614,0.0224543080939947,0.9242424242424242,0.9775456919060052,0.5266516338317905,0.062211925711562,0.0755805261283995
low,777,sensor_505_multivar_labeled,without_drift,3,1896,19,63,0.9586067642604744,0.1363636363636363,0.0454545454545454,0.0681818181818181,0.0099216710182767,0.9545454545454546,0.9900783289817232,0.5177664372181343,0.0608496577297117,0.0637805601708996
low,777,sensor_505_multivar_labeled,without_flat,2,1915,0,64,0.967693084300858,1.0,0.0303030303030303,0.0588235294117647,0.0,0.9696969696969696,1.0,0.5151515151515151,0.1712397251562947,0.1855614973262032
low,777,sensor_505_multivar_labeled,without_dropout,2,1915,0,64,0.967693084300858,1.0,0.0303030303030303,0.0588235294117647,0.0,0.9696969696969696,1.0,0.5151515151515151,0.1712397251562947,0.1855614973262032
low,777,sensor_506_multivar_labeled,full,76,5475,124,54,0.968930005236516,0.38,0.5846153846153846,0.4606060606060606,0.0221468119307019,0.4153846153846154,0.977853188069298,0.7812342863423414,0.4563382565457676,0.4374426614642724
low,777,sensor_506_multivar_labeled,without_spike,71,5429,170,59,0.9600279280851808,0.2946058091286307,0.5461538461538461,0.3827493261455525,0.0303625647437042,0.4538461538461538,0.9696374352562958,0.757895640705071,0.3826355649766522,0.3772379655065767
low,777,sensor_506_multivar_labeled,without_drift,78,5442,157,52,0.9635189387327632,0.3319148936170212,0.6,0.4273972602739726,0.0280407215574209,0.4,0.971959278442579,0.7859796392212894,0.4294511408792111,0.4193119290100988
low,777,sensor_506_multivar_labeled,without_flat,19,5591,8,111,0.9792284866468842,0.7037037037037037,0.1461538461538461,0.2420382165605095,0.0014288265761743,0.8538461538461538,0.9985711734238256,0.572362509788836,0.3146842727360365,0.2581760241963213
low,777,sensor_506_multivar_labeled,without_dropout,10,5594,5,120,0.9781811834526096,0.6666666666666666,0.0769230769230769,0.1379310344827586,0.0008930166101089,0.9230769230769232,0.999106983389891,0.538015030156484,0.2215626226898042,0.1850565869331535
low,777,sensor_507_multivar_labeled,full,2,1943,50,2,0.9739609414121182,0.0384615384615384,0.5,0.0714285714285714,0.0250878073256397,0.5,0.9749121926743602,0.7374560963371801,0.1333323365808194,0.1854033071795239
low,777,sensor_507_multivar_labeled,without_spike,1,1939,54,3,0.971457185778668,0.0181818181818181,0.25,0.0338983050847457,0.0270948319116909,0.75,0.9729051680883092,0.6114525840441545,0.0608972702011873,0.0902720268242392
low,777,sensor_507_multivar_labeled,without_drift,1,1945,48,3,0.9744616925388082,0.0204081632653061,0.25,0.0377358490566037,0.0240842950326141,0.75,0.975915704967386,0.6129578524836929,0.0652886293903387,0.0926339270620061
low,777,sensor_507_multivar_labeled,without_flat,1,1992,1,3,0.9979969954932398,0.5,0.25,0.3333333333333333,0.0005017561465127,0.75,0.9994982438534872,0.6247491219267436,0.3526668918365326,0.2999498243853487
low,777,sensor_507_multivar_labeled,without_dropout,2,1989,4,2,0.9969954932398598,0.3333333333333333,0.5,0.4,0.0020070245860511,0.5,0.9979929754139488,0.7489964877069744,0.4068137342784416,0.3797992975413949
low,777,sensor_508_multivar_labeled,full,5,1917,16,3,0.9902112313240596,0.238095238095238,0.625,0.3448275862068965,0.0082772891877909,0.375,0.991722710812209,0.8083613554061044,0.3819360043697498,0.37755897058861
low,777,sensor_508_multivar_labeled,without_spike,5,1903,30,3,0.982998454404946,0.1428571428571428,0.625,0.2325581395348837,0.0155199172271081,0.375,0.984480082772892,0.804740041386446,0.2934438203009739,0.3120277424965583
low,777,sensor_508_multivar_labeled,without_drift,5,1926,7,3,0.9948480164863472,0.4166666666666667,0.625,0.5,0.0036213140196585,0.375,0.9963786859803414,0.8106893429901707,0.5078793277028609,0.4746378685980341
low,777,sensor_508_multivar_labeled,without_flat,4,1933,0,4,0.9979392065945388,1.0,0.5,0.6666666666666666,0.0,0.5,1.0,0.75,0.706376298779583,0.6
low,777,sensor_508_multivar_labeled,without_dropout,5,1933,0,3,0.9984544049459042,1.0,0.625,0.7692307692307693,0.0,0.375,1.0,0.8125,0.7899566496108903,0.6836538461538463
low,777,sensor_509_multivar_labeled,full,130,11604,634,477,0.9135072012456208,0.1701570680628272,0.214168039538715,0.1896425966447848,0.0518058506291877,0.785831960461285,0.9481941493708124,0.5811810944547636,0.1456586720406698,0.169932555498273
low,777,sensor_509_multivar_labeled,without_spike,121,11609,629,486,0.9131957960295836,0.1613333333333333,0.1993410214168039,0.1783345615327929,0.0513972871384213,0.800658978583196,0.9486027128615788,0.5739718671391913,0.1338790366157917,0.1591131304009558
low,777,sensor_509_multivar_labeled,without_drift,128,11602,636,479,0.9131957960295836,0.1675392670157068,0.2108731466227347,0.186725018234865,0.0519692760254943,0.7891268533772653,0.9480307239745056,0.5794519352986202,0.142556139017157,0.1672221646423163
low,777,sensor_509_multivar_labeled,without_flat,172,11407,831,435,0.9014402491241728,0.1714855433698903,0.2833607907742998,0.2136645962732919,0.0679032521653865,0.7166392092257001,0.9320967478346136,0.6077287693044566,0.1703916346100542,0.2000898118442161
low,777,sensor_509_multivar_labeled,without_dropout,11,12219,19,596,0.9521214480342546,0.3666666666666666,0.0181219110378912,0.0345368916797488,0.0015525412649125,0.9818780889621088,0.9984474587350874,0.5082846848864894,0.0728342457905837,0.075822920440763
low,777,sensor_510_multivar_labeled,full,65,8391,437,723,0.8793677204658902,0.1294820717131474,0.08248730964467,0.1007751937984496,0.0495015858631626,0.91751269035533,0.9504984141368372,0.5164928618907537,0.0406737222123182,0.0845671822733591
low,777,sensor_510_multivar_labeled,without_spike,41,8392,436,747,0.8769758735440932,0.0859538784067086,0.0520304568527918,0.0648221343873517,0.0493883099229723,0.9479695431472082,0.9506116900770276,0.5013210734649097,0.0033376647179262,0.0527333482988549
low,777,sensor_510_multivar_labeled,without_drift,45,8392,436,743,0.8773918469217971,0.0935550935550935,0.0571065989847715,0.0709219858156028,0.0493883099229723,0.9428934010152284,0.9506116900770276,0.5038591445308996,0.0097115487928683,0.0581413063534195
low,777,sensor_510_multivar_labeled,without_flat,27,8823,5,761,0.9203410981697172,0.84375,0.0342639593908629,0.0658536585365853,0.0005663797009515,0.9657360406091372,0.9994336202990484,0.5168487898449557,0.1604887477327809,0.1664191961886271
low,777,sensor_510_multivar_labeled,without_dropout,29,8825,3,759,0.9207570715474208,0.90625,0.0368020304568527,0.0707317073170731,0.0003398278205709,0.9631979695431472,0.999660172179429,0.5182311013181409,0.173655594690313,0.1787733946476816
low,777,sensor_511_multivar_labeled,full,40,3438,436,147,0.8564393006648608,0.0840336134453781,0.213903743315508,0.1206636500754147,0.1125451729478575,0.786096256684492,0.8874548270521425,0.5506792851838253,0.066040907338868,0.11982029025061
low,777,sensor_511_multivar_labeled,without_spike,76,2469,1405,111,0.6266929327751786,0.0513166779203241,0.4064171122994652,0.0911270983213429,0.3626742385131647,0.5935828877005348,0.6373257614868353,0.5218714368931503,0.0190467350602533,0.134362405771176
low,777,sensor_511_multivar_labeled,without_drift,39,3471,403,148,0.8643191332184191,0.088235294117647,0.2085561497326203,0.1240063593004769,0.1040268456375839,0.7914438502673797,0.8959731543624161,0.5522646520475182,0.0703450016754008,0.1212023161588893
low,777,sensor_511_multivar_labeled,without_flat,43,3589,285,144,0.8943609948288599,0.1310975609756097,0.2299465240641711,0.1669902912621359,0.0735673722250903,0.7700534759358288,0.9264326277749096,0.5781895759195403,0.120285574819164,0.1564374852110449
low,777,sensor_511_multivar_labeled,without_dropout,42,3437,437,145,0.8566855454321596,0.0876826722338204,0.2245989304812834,0.1261261261261261,0.1128033040784718,0.7754010695187166,0.8871966959215282,0.5558978132014059,0.0726431850596824,0.1260085063283677
low,999,sensor_501_multivar_labeled,full,0,1600,26,119,0.9169054441260746,0.0,0.0,0.0,0.015990159901599,1.0,0.984009840098401,0.4920049200492005,-0.033270700566212,-0.0015990159901599
low,999,sensor_501_multivar_labeled,without_spike,5,1591,35,114,0.9146131805157592,0.125,0.042016806722689,0.0628930817610062,0.0215252152521525,0.957983193277311,0.9784747847478474,0.5102457957352683,0.0345157450961257,0.0575044072840443
low,999,sensor_501_multivar_labeled,without_drift,0,1600,26,119,0.9169054441260746,0.0,0.0,0.0,0.015990159901599,1.0,0.984009840098401,0.4920049200492005,-0.033270700566212,-0.0015990159901599
low,999,sensor_501_multivar_labeled,without_flat,0,1623,3,119,0.9300859598853868,0.0,0.0,0.0,0.0018450184501845,1.0,0.9981549815498156,0.4990774907749077,-0.01122663910979,-0.0001845018450184
low,999,sensor_501_multivar_labeled,without_dropout,0,1625,1,119,0.9312320916905444,0.0,0.0,0.0,0.0006150061500615,1.0,0.9993849938499384,0.4996924969249692,-0.006477985473104,-6.150061500615007e-05
low,999,sensor_502_multivar_labeled,full,23,1760,106,58,0.9157678479712378,0.1782945736434108,0.2839506172839506,0.219047619047619,0.0568060021436227,0.7160493827160493,0.9431939978563773,0.6135723075701639,0.1823513488435889,0.2048201995887631
low,999,sensor_502_multivar_labeled,without_spike,26,1707,159,55,0.8900873138161274,0.1405405405405405,0.3209876543209876,0.1954887218045113,0.085209003215434,0.6790123456790124,0.914790996784566,0.6178893255527768,0.1605513610807847,0.196826401867864
low,999,sensor_502_multivar_labeled,without_drift,26,1760,106,55,0.9173086800205444,0.1969696969696969,0.3209876543209876,0.244131455399061,0.0568060021436227,0.6790123456790124,0.9431939978563773,0.6320908260886824,0.2098339232890958,0.230020305556966
low,999,sensor_502_multivar_labeled,without_flat,4,1866,0,77,0.96045197740113,1.0,0.0493827160493827,0.0941176470588235,0.0,0.9506172839506172,1.0,0.5246913580246914,0.2177744399957553,0.2071677559912854
low,999,sensor_502_multivar_labeled,without_dropout,3,1866,0,78,0.9599383667180276,1.0,0.037037037037037,0.0714285714285714,0.0,0.9629629629629628,1.0,0.5185185185185185,0.1885496833247069,0.1932539682539682
low,999,sensor_505_multivar_labeled,full,31,1809,19,122,0.928823826350328,0.62,0.2026143790849673,0.3054187192118227,0.0103938730853391,0.7973856209150327,0.9896061269146608,0.5961102529998141,0.3271578822014623,0.2901833500622764
low,999,sensor_505_multivar_labeled,without_spike,32,1725,103,121,0.8869257950530035,0.237037037037037,0.2091503267973856,0.2222222222222222,0.0563457330415754,0.7908496732026143,0.9436542669584244,0.576402296877905,0.1618778729224988,0.1926660802906137
low,999,sensor_505_multivar_labeled,without_drift,31,1809,19,122,0.928823826350328,0.62,0.2026143790849673,0.3054187192118227,0.0103938730853391,0.7973856209150327,0.9896061269146608,0.5961102529998141,0.3271578822014623,0.2901833500622764
low,999,sensor_505_multivar_labeled,without_flat,4,1826,2,149,0.9237758707723372,0.6666666666666666,0.0261437908496732,0.050314465408805,0.0010940919037199,0.9738562091503268,0.99890590809628,0.5125248494729766,0.1216962362132381,0.1303752374984922
low,999,sensor_505_multivar_labeled,without_dropout,4,1826,2,149,0.9237758707723372,0.6666666666666666,0.0261437908496732,0.050314465408805,0.0010940919037199,0.9738562091503268,0.99890590809628,0.5125248494729766,0.1216962362132381,0.1303752374984922
low,999,sensor_506_multivar_labeled,full,124,5360,146,99,0.9572351195671148,0.4592592592592592,0.5560538116591929,0.5030425963488844,0.0265165274246276,0.4439461883408072,0.9734834725753724,0.7647686421172826,0.4833131923095252,0.4594225480011819
low,999,sensor_506_multivar_labeled,without_spike,114,5354,152,109,0.9544423110490488,0.4285714285714285,0.5112107623318386,0.4662576687116564,0.0276062477297493,0.4887892376681614,0.9723937522702506,0.7418022573010445,0.4445334672831131,0.4247042691325363
low,999,sensor_506_multivar_labeled,without_drift,124,5360,146,99,0.9572351195671148,0.4592592592592592,0.5560538116591929,0.5030425963488844,0.0265165274246276,0.4439461883408072,0.9734834725753724,0.7647686421172826,0.4833131923095252,0.4594225480011819
low,999,sensor_506_multivar_labeled,without_flat,154,5060,446,69,0.9101064758247512,0.2566666666666666,0.6905829596412556,0.3742405832320777,0.0810025426807119,0.3094170403587444,0.918997457319288,0.8047902084802718,0.3850432966232684,0.4059828960787404
low,999,sensor_506_multivar_labeled,without_dropout,104,5409,97,119,0.9622970850061092,0.5174129353233831,0.4663677130044843,0.490566037735849,0.0176171449328005,0.5336322869955157,0.9823828550671996,0.724375284035842,0.4717300044881316,0.4365152566877048
low,999,sensor_507_multivar_labeled,full,16,1852,41,88,0.9354031046569856,0.2807017543859649,0.1538461538461538,0.1987577639751552,0.0216587427363972,0.8461538461538461,0.9783412572636028,0.5660937055548783,0.1763777429772919,0.175534228826921
low,999,sensor_507_multivar_labeled,without_spike,19,1792,101,85,0.9068602904356536,0.1583333333333333,0.1826923076923076,0.1696428571428571,0.0533544638140517,0.8173076923076923,0.9466455361859484,0.564668921939128,0.1209190799563747,0.1495615316405728
low,999,sensor_507_multivar_labeled,without_drift,16,1852,41,88,0.9354031046569856,0.2807017543859649,0.1538461538461538,0.1987577639751552,0.0216587427363972,0.8461538461538461,0.9783412572636028,0.5660937055548783,0.1763777429772919,0.175534228826921
low,999,sensor_507_multivar_labeled,without_flat,4,1889,4,100,0.9479218828242364,0.5,0.0384615384615384,0.0714285714285714,0.0021130480718436,0.9615384615384616,0.9978869519281564,0.5181742451948474,0.1278544858789379,0.1184700138741343
low,999,sensor_507_multivar_labeled,without_dropout,4,1889,4,100,0.9479218828242364,0.5,0.0384615384615384,0.0714285714285714,0.0021130480718436,0.9615384615384616,0.9978869519281564,0.5181742451948474,0.1278544858789379,0.1184700138741343
low,999,sensor_508_multivar_labeled,full,8,1715,8,210,0.88768675940237,0.5,0.036697247706422,0.0683760683760683,0.0046430644225188,0.963302752293578,0.9953569355774812,0.5160270916419516,0.1119386959337295,0.1163140986389054
low,999,sensor_508_multivar_labeled,without_spike,54,1395,328,164,0.7465224111282844,0.1413612565445026,0.2477064220183486,0.18,0.1903656413232733,0.7522935779816514,0.8096343586767266,0.5286703903475376,0.0455386076696977,0.1574795509548526
low,999,sensor_508_multivar_labeled,without_drift,18,1654,69,200,0.8614116434827409,0.2068965517241379,0.0825688073394495,0.1180327868852458,0.0400464306442251,0.9174311926605504,0.9599535693557748,0.5212611883476121,0.0648894248489613,0.1049152359943936
low,999,sensor_508_multivar_labeled,without_flat,5,1722,1,213,0.889747552807831,0.8333333333333334,0.0229357798165137,0.0446428571428571,0.0005803830528148,0.9770642201834864,0.9994196169471852,0.5111776983818495,0.1271560878707041,0.1519119813539583
low,999,sensor_508_multivar_labeled,without_dropout,5,1721,2,213,0.8892323544564658,0.7142857142857143,0.0229357798165137,0.0444444444444444,0.0011607661056297,0.9770642201834864,0.9988392338943702,0.510887506855442,0.114697002399289,0.1339075144772482
low,999,sensor_509_multivar_labeled,full,390,11255,826,374,0.9065784351887894,0.3207236842105263,0.5104712041884817,0.393939393939394,0.0683718235245426,0.4895287958115183,0.9316281764754574,0.7210496903319695,0.3571741790762082,0.3716854588083964
low,999,sensor_509_multivar_labeled,without_spike,330,11449,632,434,0.9170105099260412,0.343035343035343,0.4319371727748691,0.3823870220162225,0.0523135502027977,0.5680628272251309,0.9476864497972022,0.6898118112860356,0.3411149597491201,0.3478792581747826
low,999,sensor_509_multivar_labeled,without_drift,385,11258,823,379,0.9064227325807708,0.3187086092715231,0.5039267015706806,0.3904665314401623,0.0681234997102888,0.4960732984293193,0.9318765002897113,0.717901600930196,0.3531299507452095,0.3678818910389768
low,999,sensor_509_multivar_labeled,without_flat,41,12071,10,723,0.9429349941611522,0.803921568627451,0.0536649214659685,0.1006134969325153,0.0008277460475126,0.9463350785340314,0.9991722539524872,0.526418587709228,0.1987236032415864,0.1818810107487888
low,999,sensor_509_multivar_labeled,without_dropout,43,12052,29,721,0.9416115219929934,0.5972222222222222,0.056282722513089,0.1028708133971292,0.0024004635377866,0.943717277486911,0.9975995364622134,0.5269411294876513,0.1706990924283195,0.1525199697621895
low,999,sensor_510_multivar_labeled,full,102,8659,579,276,0.911085690515807,0.1497797356828193,0.2698412698412698,0.1926345609065155,0.0626759038752976,0.7301587301587301,0.9373240961247024,0.6035826829829861,0.1569391138367279,0.1838373033252061
low,999,sensor_510_multivar_labeled,without_spike,80,8668,570,298,0.9097337770382696,0.123076923076923,0.2116402116402116,0.1556420233463035,0.0617016670274951,0.7883597883597884,0.9382983329725048,0.5749692723063582,0.1160625543118011,0.145822345756689
low,999,sensor_510_multivar_labeled,without_drift,102,8657,581,276,0.9108777038269552,0.1493411420204978,0.2698412698412698,0.1922714420358152,0.0628924009525871,0.7301587301587301,0.9371075990474128,0.6034744344443413,0.1565629216145024,0.1835864610763137
low,999,sensor_510_multivar_labeled,without_flat,119,8145,1093,259,0.8594009983361065,0.0981848184818481,0.3148148148148148,0.1496855345911949,0.118315652738688,0.6851851851851852,0.881684347261312,0.5982495810380634,0.1150538749013008,0.1646990925088906
low,999,sensor_510_multivar_labeled,without_dropout,93,8801,437,285,0.9249168053244592,0.1754716981132075,0.246031746031746,0.2048458149779735,0.0473046113877462,0.753968253968254,0.9526953886122538,0.5993635673219999,0.1692262569364619,0.1875804341278183
low,999,sensor_511_multivar_labeled,full,38,3472,530,21,0.8643191332184191,0.0669014084507042,0.6440677966101694,0.1212121212121211,0.1324337831084457,0.3559322033898305,0.8675662168915542,0.7558170067508618,0.1765023516034718,0.2445576264852664
low,999,sensor_511_multivar_labeled,without_spike,42,2984,1018,17,0.7451366658458508,0.0396226415094339,0.711864406779661,0.0750670241286863,0.2543728135932034,0.288135593220339,0.7456271864067966,0.7287457965932288,0.1246412327115298,0.2278455977589019
low,999,sensor_511_multivar_labeled,without_drift,37,3474,528,22,0.8645653779857178,0.0654867256637168,0.6271186440677966,0.1185897435897435,0.1319340329835082,0.3728813559322034,0.8680659670164917,0.7475923055421442,0.1712070923775816,0.2381305833869302
low,999,sensor_511_multivar_labeled,without_flat,43,3615,387,16,0.900763358778626,0.1,0.7288135593220338,0.1758691206543967,0.0967016491754123,0.2711864406779661,0.9032983508245878,0.8160559550733109,0.2458165782524287,0.3031150071735474
low,999,sensor_511_multivar_labeled,without_dropout,2,4001,1,57,0.9857178034966756,0.6666666666666666,0.0338983050847457,0.064516129032258,0.0002498750624687,0.9661016949152542,0.9997501249375312,0.5168242150111385,0.1481878867810968,0.1391767620836929
medium,123,sensor_501_multivar_labeled,full,41,1495,170,39,0.8802292263610315,0.1943127962085308,0.5125,0.281786941580756,0.1021021021021021,0.4875,0.8978978978978979,0.705198948948949,0.2632711876313713,0.2994908329324095
medium,123,sensor_501_multivar_labeled,without_spike,36,1529,136,44,0.8968481375358166,0.2093023255813953,0.45,0.2857142857142857,0.0816816816816816,0.55,0.9183183183183184,0.6841591591591591,0.2584323321019302,0.2867986092404697
medium,123,sensor_501_multivar_labeled,without_drift,38,1564,101,42,0.918051575931232,0.2733812949640288,0.475,0.3470319634703196,0.0606606606606606,0.525,0.9393393393393392,0.7071696696696697,0.3200575755018499,0.333605511740182
medium,123,sensor_501_multivar_labeled,without_flat,41,1497,168,39,0.8813753581661891,0.1961722488038277,0.5125,0.2837370242214533,0.1009009009009009,0.4875,0.8990990990990991,0.7057995495495495,0.2651293316484179,0.300767408130138
medium,123,sensor_501_multivar_labeled,without_dropout,37,1596,69,43,0.9358166189111748,0.3490566037735849,0.4625,0.3978494623655914,0.0414414414414414,0.5375,0.9585585585585584,0.7105292792792792,0.3686822271892742,0.3659966044864097
medium,123,sensor_502_multivar_labeled,full,88,1393,123,343,0.7606574216743708,0.4170616113744075,0.2041763341067285,0.2741433021806853,0.0811345646437994,0.7958236658932715,0.9188654353562006,0.5615208847314646,0.1643329743122033,0.2390631714551081
medium,123,sensor_502_multivar_labeled,without_spike,47,1402,114,384,0.7442218798151001,0.2919254658385093,0.1090487238979118,0.1587837837837838,0.075197889182058,0.8909512761020881,0.924802110817942,0.5169254173579269,0.0510274602071328,0.1404363508296468
medium,123,sensor_502_multivar_labeled,without_drift,92,1393,123,339,0.7627118644067796,0.427906976744186,0.2134570765661252,0.284829721362229,0.0811345646437994,0.7865429234338747,0.9188654353562006,0.566161255961163,0.1752785607870007,0.2482830876300886
medium,123,sensor_502_multivar_labeled,without_flat,60,1388,128,371,0.743708269131998,0.3191489361702128,0.1392111368909512,0.1938610662358643,0.0844327176781002,0.8607888631090487,0.9155672823218998,0.5273892096064255,0.0769991421417402,0.1684298895311462
medium,123,sensor_502_multivar_labeled,without_dropout,88,1393,123,343,0.7606574216743708,0.4170616113744075,0.2041763341067285,0.2741433021806853,0.0811345646437994,0.7958236658932715,0.9188654353562006,0.5615208847314646,0.1643329743122033,0.2390631714551081
medium,123,sensor_505_multivar_labeled,full,11,1809,160,1,0.9187279151943464,0.0643274853801169,0.9166666666666666,0.1202185792349726,0.0812595226003047,0.0833333333333333,0.9187404773996952,0.917703572033181,0.2308204712282907,0.3306215312027247
medium,123,sensor_505_multivar_labeled,without_spike,5,1883,86,7,0.9530540131246844,0.0549450549450549,0.4166666666666667,0.0970873786407767,0.0436769933976637,0.5833333333333334,0.9563230066023362,0.6864948366345014,0.1382479470277002,0.1725633792903413
medium,123,sensor_505_multivar_labeled,without_drift,11,1806,163,1,0.9172135285209492,0.0632183908045977,0.9166666666666666,0.1182795698924731,0.0827831386490604,0.0833333333333333,0.9172168613509396,0.9169417640088032,0.2285941835528409,0.3294302512073965
medium,123,sensor_505_multivar_labeled,without_flat,11,1837,132,1,0.9328621908127208,0.0769230769230769,0.9166666666666666,0.1419354838709677,0.0670391061452514,0.0833333333333333,0.9329608938547486,0.9248137802607076,0.254742437831217,0.3437055186658719
medium,123,sensor_505_multivar_labeled,without_dropout,11,1820,149,1,0.9242806663301364,0.06875,0.9166666666666666,0.127906976744186,0.0756729304215337,0.0833333333333333,0.9243270695784662,0.9204968681225664,0.2394921473650648,0.3353033464927303
medium,123,sensor_506_multivar_labeled,full,390,3802,700,837,0.7317158317332868,0.3577981651376147,0.3178484107579462,0.3366422097539922,0.1554864504664593,0.6821515892420538,0.8445135495335406,0.5811809801457435,0.1697007952997546,0.2849645973406766
medium,123,sensor_506_multivar_labeled,without_spike,457,3499,1003,770,0.6905219060918136,0.313013698630137,0.3724531377343113,0.3401563081503536,0.2227898711683696,0.6275468622656887,0.7772101288316304,0.5748316332829708,0.1408966740169599,0.2894793476656361
medium,123,sensor_506_multivar_labeled,without_drift,443,3463,1039,784,0.6817943794728574,0.2989203778677463,0.3610431947840261,0.3270579549649317,0.2307863171923589,0.6389568052159739,0.769213682807641,0.5651284387958335,0.122028270982222,0.2772484631303531
medium,123,sensor_506_multivar_labeled,without_flat,359,3899,603,868,0.7432361668703089,0.3731808731808732,0.2925835370823146,0.3280036546368205,0.1339404709018214,0.7074164629176855,0.8660595290981786,0.5793215330902466,0.1741149289001586,0.2779597895982124
medium,123,sensor_506_multivar_labeled,without_dropout,258,4321,181,969,0.7992668877640077,0.5876993166287016,0.2102689486552567,0.3097238895558223,0.040204353620613,0.7897310513447433,0.959795646379387,0.5850322975173219,0.262288252612999,0.2865908970289409
medium,123,sensor_507_multivar_labeled,full,17,1829,50,101,0.9243865798698048,0.2537313432835821,0.1440677966101695,0.1837837837837838,0.0266098988823842,0.8559322033898306,0.9733901011176156,0.5587289488638926,0.1538050380146795,0.1613217532900524
medium,123,sensor_507_multivar_labeled,without_spike,9,1830,49,109,0.9208813219829745,0.1551724137931034,0.0762711864406779,0.1022727272727272,0.0260777009047365,0.923728813559322,0.9739222990952634,0.5250967427679707,0.0704772333966857,0.0895721751834225
medium,123,sensor_507_multivar_labeled,without_drift,17,1829,50,101,0.9243865798698048,0.2537313432835821,0.1440677966101695,0.1837837837837838,0.0266098988823842,0.8559322033898306,0.9733901011176156,0.5587289488638926,0.1538050380146795,0.1613217532900524
medium,123,sensor_507_multivar_labeled,without_flat,25,1688,191,93,0.85778668002003,0.1157407407407407,0.211864406779661,0.1497005988023952,0.1016498137307078,0.788135593220339,0.8983501862692922,0.5551072965244765,0.0836728688766521,0.1381207212330164
medium,123,sensor_507_multivar_labeled,without_dropout,11,1876,3,107,0.944917376064096,0.7857142857142857,0.0932203389830508,0.1666666666666666,0.001596593932943,0.9067796610169492,0.9984034060670568,0.5458118725250539,0.258932794257446,0.2206635851587638
medium,123,sensor_508_multivar_labeled,full,41,1662,9,229,0.8773827923750644,0.82,0.1518518518518518,0.25625,0.0053859964093357,0.8481481481481481,0.9946140035906644,0.5732329277212581,0.3199452986280507,0.283329455914622
medium,123,sensor_508_multivar_labeled,without_spike,50,1618,53,220,0.8593508500772797,0.4854368932038835,0.1851851851851851,0.2680965147453083,0.0317175344105326,0.8148148148148148,0.9682824655894674,0.5767338253873263,0.236916651750338,0.2458427677304735
medium,123,sensor_508_multivar_labeled,without_drift,48,1665,6,222,0.8825347758887172,0.8888888888888888,0.1777777777777777,0.2962962962962963,0.0035906642728904,0.8222222222222222,0.9964093357271095,0.5870935567524437,0.3665247443124567,0.3196409335727109
medium,123,sensor_508_multivar_labeled,without_flat,43,1655,16,227,0.874806800618238,0.7288135593220338,0.1592592592592592,0.2613981762917933,0.0095751047277079,0.8407407407407408,0.990424895272292,0.5748420772657756,0.3017241832128363,0.273771480534619
medium,123,sensor_508_multivar_labeled,without_dropout,42,1668,3,228,0.8809891808346213,0.9333333333333332,0.1555555555555555,0.2666666666666666,0.0017953321364452,0.8444444444444444,0.9982046678635548,0.5768801117095552,0.3535808088806613,0.3064871334530221
medium,123,sensor_509_multivar_labeled,full,549,10291,439,1566,0.843908135461269,0.555668016194332,0.2595744680851063,0.3538511118272639,0.0409133271202236,0.7404255319148936,0.9590866728797764,0.6093305704824413,0.304341218104005,0.3163642104649281
medium,123,sensor_509_multivar_labeled,without_spike,533,10273,457,1582,0.8412611911249513,0.5383838383838384,0.2520094562647754,0.343317230273752,0.0425908667287977,0.7479905437352246,0.9574091332712024,0.6047092947679888,0.2912070605660927,0.306594079587317
medium,123,sensor_509_multivar_labeled,without_drift,550,10281,449,1565,0.8432074737251849,0.5505505505505506,0.260047281323877,0.3532434168272318,0.0418452935694315,0.7399527186761229,0.9581547064305684,0.6091009938772228,0.3021656838477849,0.3153717751950569
medium,123,sensor_509_multivar_labeled,without_flat,684,9522,1208,1431,0.794550408719346,0.361522198731501,0.3234042553191489,0.3414025455452957,0.1125815470643056,0.676595744680851,0.8874184529356943,0.6054113541274216,0.2206202259322044,0.2936225971944223
medium,123,sensor_509_multivar_labeled,without_dropout,548,10304,426,1567,0.8448423511093811,0.5626283367556468,0.2591016548463357,0.3548073810294593,0.0397017707362534,0.7408983451536643,0.9602982292637464,0.6096999420550411,0.3073748357991588,0.3178178913568791
medium,123,sensor_510_multivar_labeled,full,53,8939,366,258,0.9351081530782028,0.1264916467780429,0.1704180064308681,0.1452054794520547,0.0393336915636754,0.8295819935691319,0.9606663084363246,0.5655421574335964,0.1135949453705115,0.1315082455430239
medium,123,sensor_510_multivar_labeled,without_spike,3,8950,355,308,0.9310524126455908,0.0083798882681564,0.0096463022508038,0.0089686098654708,0.0381515314347125,0.990353697749196,0.9618484685652876,0.4857473854080457,-0.0266356205186733,0.0043715952114552
medium,123,sensor_510_multivar_labeled,without_drift,55,8939,366,256,0.9353161397670549,0.1306413301662707,0.1768488745980707,0.1502732240437158,0.0393336915636754,0.8231511254019293,0.9606663084363246,0.5687575915171976,0.1188973348447009,0.1363404435676664
medium,123,sensor_510_multivar_labeled,without_flat,62,8522,783,249,0.8926788685524126,0.0733727810650887,0.1993569131832797,0.1072664359861591,0.0841483073616335,0.8006430868167203,0.9158516926383664,0.5576043029108231,0.0719897050775039,0.1106680565723555
medium,123,sensor_510_multivar_labeled,without_dropout,53,8955,350,258,0.9367720465890182,0.1315136476426799,0.1704180064308681,0.1484593837535014,0.0376141859215475,0.8295819935691319,0.9623858140784524,0.5664019102546604,0.1172454218635247,0.1338977531725833
medium,123,sensor_511_multivar_labeled,full,20,3801,236,4,0.9409012558483132,0.078125,0.8333333333333334,0.1428571428571428,0.0584592519197423,0.1666666666666666,0.9415407480802576,0.8874370407067955,0.2443817761314047,0.32015853909374
medium,123,sensor_511_multivar_labeled,without_spike,2,3802,235,22,0.9367150948042354,0.0084388185654008,0.0833333333333333,0.0153256704980842,0.0582115432251672,0.9166666666666666,0.9417884567748328,0.5125608950540831,0.0082139577287421,0.0273412201864313
medium,123,sensor_511_multivar_labeled,without_drift,20,3801,236,4,0.9409012558483132,0.078125,0.8333333333333334,0.1428571428571428,0.0584592519197423,0.1666666666666666,0.9415407480802576,0.8874370407067955,0.2443817761314047,0.32015853909374
medium,123,sensor_511_multivar_labeled,without_flat,20,3728,309,4,0.9229253878355084,0.060790273556231,0.8333333333333334,0.1133144475920679,0.0765419866237304,0.1666666666666666,0.9234580133762696,0.8783956733548015,0.2125897820404444,0.3024558437874922
medium,123,sensor_511_multivar_labeled,without_dropout,17,3909,128,7,0.9667569564146762,0.1172413793103448,0.7083333333333334,0.2011834319526627,0.0317067129056229,0.2916666666666667,0.968293287094377,0.8383133102138551,0.2794980183386922,0.3174480799846876
medium,321,sensor_501_multivar_labeled,full,8,1515,107,115,0.8727793696275071,0.0695652173913043,0.065040650406504,0.0672268907563025,0.0659679408138101,0.934959349593496,0.93403205918619,0.499536354796347,-0.0009566454832887,0.053602284489602
medium,321,sensor_501_multivar_labeled,without_spike,12,1442,180,111,0.8332378223495702,0.0625,0.0975609756097561,0.0761904761904762,0.1109741060419235,0.902439024390244,0.8890258939580764,0.4932934347839162,-0.0109716459891145,0.0618315963644487
medium,321,sensor_501_multivar_labeled,without_drift,8,1515,107,115,0.8727793696275071,0.0695652173913043,0.065040650406504,0.0672268907563025,0.0659679408138101,0.934959349593496,0.93403205918619,0.499536354796347,-0.0009566454832887,0.053602284489602
medium,321,sensor_501_multivar_labeled,without_flat,5,1556,66,118,0.8945558739255014,0.0704225352112676,0.040650406504065,0.0515463917525773,0.0406905055487053,0.959349593495935,0.9593094944512948,0.4999799504776798,-5.195233899904266e-05,0.0418853279666989
medium,321,sensor_501_multivar_labeled,without_dropout,5,1575,47,118,0.9054441260744984,0.0961538461538461,0.040650406504065,0.0571428571428571,0.0289765721331689,0.959349593495935,0.971023427866831,0.505836917185448,0.0175736250875175,0.0494348273752652
medium,321,sensor_502_multivar_labeled,full,13,1715,190,29,0.8875192604006163,0.064039408866995,0.3095238095238095,0.1061224489795918,0.0997375328083989,0.6904761904761905,0.9002624671916011,0.6048931383577053,0.0997304896061949,0.1402444029471685
medium,321,sensor_502_multivar_labeled,without_spike,8,1741,164,34,0.8983050847457628,0.0465116279069767,0.1904761904761904,0.0747663551401869,0.0860892388451443,0.8095238095238095,0.9139107611548556,0.552193475815523,0.0534385847988874,0.0891555372574733
medium,321,sensor_502_multivar_labeled,without_drift,10,1741,164,32,0.8993323061119671,0.057471264367816,0.238095238095238,0.0925925925925926,0.0860892388451443,0.7619047619047619,0.9139107611548556,0.5760029996250469,0.0774112128600238,0.113107003865896
medium,321,sensor_502_multivar_labeled,without_flat,15,1634,271,27,0.8469440164355418,0.0524475524475524,0.3571428571428571,0.0914634146341463,0.142257217847769,0.6428571428571429,0.857742782152231,0.6074428196475441,0.0881884470903583,0.1419428048105789
medium,321,sensor_502_multivar_labeled,without_dropout,10,1758,147,32,0.9080636877247048,0.0636942675159235,0.238095238095238,0.100502512562814,0.0771653543307086,0.7619047619047619,0.9228346456692912,0.5804649418822647,0.0858682260903427,0.1184923067761554
medium,321,sensor_505_multivar_labeled,full,20,1879,4,78,0.9586067642604744,0.8333333333333334,0.2040816326530612,0.3278688524590165,0.0021242697822623,0.7959183673469388,0.9978757302177376,0.6009786814353995,0.4003103835235946,0.3335530464242496
medium,321,sensor_505_multivar_labeled,without_spike,69,1800,83,29,0.9434628975265018,0.4539473684210526,0.7040816326530612,0.5519999999999999,0.0440785979819437,0.2959183673469387,0.9559214020180564,0.8300015173355588,0.5377191253753003,0.523308735260882
medium,321,sensor_505_multivar_labeled,without_drift,26,1877,6,72,0.9606259464916708,0.8125,0.2653061224489796,0.3999999999999999,0.0031864046733935,0.7346938775510204,0.9968135953266064,0.631059858887793,0.4508758570050584,0.3811481962673545
medium,321,sensor_505_multivar_labeled,without_flat,40,1867,16,58,0.9626451287228672,0.7142857142857143,0.4081632653061224,0.5194805194805194,0.0084970791290493,0.5918367346938775,0.9915029208709506,0.6998330930885366,0.5229091288020531,0.4625083625880227
medium,321,sensor_505_multivar_labeled,without_dropout,14,1883,0,84,0.9575971731448764,1.0,0.1428571428571428,0.25,0.0,0.8571428571428571,1.0,0.5714285714285714,0.369806005835778,0.3053571428571429
medium,321,sensor_506_multivar_labeled,full,168,4874,107,580,0.880083784255542,0.610909090909091,0.2245989304812834,0.3284457478005865,0.02148163019474,0.7754010695187166,0.97851836980526,0.6015586501432717,0.3201341994209031,0.3046684662715386
medium,321,sensor_506_multivar_labeled,without_spike,118,4874,107,630,0.8713562576365858,0.5244444444444445,0.1577540106951871,0.2425488180883864,0.02148163019474,0.8422459893048129,0.97851836980526,0.5681361902502235,0.236366780969134,0.2329916749955227
medium,321,sensor_506_multivar_labeled,without_drift,165,4875,106,583,0.8797346831907837,0.6088560885608856,0.2205882352941176,0.323846908734053,0.0212808672957237,0.7794117647058824,0.9787191327042762,0.5996536839991969,0.3163231761685526,0.3011079060731196
medium,321,sensor_506_multivar_labeled,without_flat,119,4904,77,629,0.8767673241403386,0.6071428571428571,0.1590909090909091,0.2521186440677966,0.0154587432242521,0.8409090909090909,0.984541256775748,0.5718160829333285,0.2662271900756213,0.2507062168067845
medium,321,sensor_506_multivar_labeled,without_dropout,191,4913,68,557,0.8909059172630477,0.7374517374517374,0.2553475935828877,0.3793445878848064,0.0136518771331058,0.7446524064171123,0.9863481228668942,0.620847858224891,0.3919534379233168,0.3565619155274793
medium,321,sensor_507_multivar_labeled,full,78,1761,130,28,0.9208813219829745,0.375,0.7358490566037735,0.4968152866242037,0.0687466948704389,0.2641509433962264,0.9312533051295612,0.8335511808666674,0.4896145749186679,0.4936969264749798
medium,321,sensor_507_multivar_labeled,without_spike,94,1589,302,12,0.842764146219329,0.2373737373737373,0.8867924528301887,0.3745019920318725,0.1597038603913273,0.1132075471698113,0.8402961396086727,0.8635442962194306,0.4088300114285843,0.454199306830327
medium,321,sensor_507_multivar_labeled,without_drift,83,1767,124,23,0.9263895843765648,0.4009661835748792,0.7830188679245284,0.5303514376996805,0.0655737704918032,0.2169811320754717,0.9344262295081968,0.8587225487163626,0.527686132422553,0.5271513578292663
medium,321,sensor_507_multivar_labeled,without_flat,86,1729,162,20,0.9088632949424136,0.3467741935483871,0.8113207547169812,0.4858757062146893,0.0856689582231623,0.1886792452830188,0.9143310417768375,0.8628258982469095,0.4932944470370144,0.5054895274216463
medium,321,sensor_507_multivar_labeled,without_dropout,78,1697,194,28,0.8888332498748123,0.2867647058823529,0.7358490566037735,0.4126984126984127,0.1025912215758857,0.2641509433962264,0.8974087784241143,0.8166289175139438,0.4139046134708979,0.4392245864201821
medium,321,sensor_508_multivar_labeled,full,52,1585,151,153,0.8433797011849562,0.2561576354679803,0.2536585365853658,0.2549019607843137,0.0869815668202765,0.7463414634146341,0.9130184331797236,0.5833384848825447,0.1673996255474337,0.2205289319667203
medium,321,sensor_508_multivar_labeled,without_spike,41,1660,76,164,0.8763523956723338,0.3504273504273504,0.2,0.2546583850931677,0.0437788018433179,0.8,0.956221198156682,0.5781105990783411,0.2017373944770878,0.2227824956716962
medium,321,sensor_508_multivar_labeled,without_drift,55,1667,69,150,0.8871715610510046,0.4435483870967742,0.2682926829268293,0.3343465045592705,0.0397465437788018,0.7317073170731707,0.9602534562211982,0.6142730695740137,0.2872350103285385,0.2935013356163564
medium,321,sensor_508_multivar_labeled,without_flat,55,1642,94,150,0.8742916022668727,0.3691275167785235,0.2682926829268293,0.3107344632768362,0.054147465437788,0.7317073170731707,0.945852534562212,0.6070726087445206,0.2472282153221424,0.2702726943256248
medium,321,sensor_508_multivar_labeled,without_dropout,6,1735,1,199,0.8969603297269448,0.8571428571428571,0.0292682926829268,0.0566037735849056,0.0005760368663594,0.9707317073170731,0.9994239631336406,0.5143461279082837,0.1471089956190136,0.1627660108028782
medium,321,sensor_509_multivar_labeled,full,381,10632,517,1315,0.8573764110548852,0.4242761692650334,0.2246462264150943,0.2937548188126446,0.0463718719167638,0.7753537735849056,0.9536281280832362,0.5891371772491653,0.2366748737511854,0.2585877745882969
medium,321,sensor_509_multivar_labeled,without_spike,1049,8844,2305,647,0.770182950564422,0.3127608825283244,0.6185141509433962,0.4154455445544555,0.2067449995515292,0.3814858490566037,0.7932550004484707,0.7058845756959335,0.3173563358642045,0.3987443727566195
medium,321,sensor_509_multivar_labeled,without_drift,379,10630,519,1317,0.8570650058388478,0.4220489977728285,0.2234669811320754,0.2922127987663839,0.0465512602027087,0.7765330188679245,0.9534487397972912,0.5884578604646834,0.2348711682809652,0.2571880774301489
medium,321,sensor_509_multivar_labeled,without_flat,83,11138,11,1613,0.8735694822888284,0.8829787234042553,0.048938679245283,0.0927374301675977,0.0009866355726971,0.9510613207547168,0.9990133644273028,0.523976021836293,0.1904591988406896,0.1887615923023724
medium,321,sensor_509_multivar_labeled,without_dropout,55,11144,5,1641,0.8718567536006228,0.9166666666666666,0.0324292452830188,0.0626423690205011,0.0004484707148623,0.9675707547169812,0.9995515292851376,0.5159903872840783,0.1587792946681273,0.1753729925726449
medium,321,sensor_510_multivar_labeled,full,372,8374,418,452,0.9095257903494176,0.4708860759493671,0.4514563106796116,0.4609665427509293,0.0475432211101,0.5485436893203883,0.9524567788899,0.7019565447847558,0.411718010855122,0.4087504267231968
medium,321,sensor_510_multivar_labeled,without_spike,355,8243,549,469,0.894134775374376,0.3926991150442478,0.4308252427184466,0.4108796296296296,0.0624431301182893,0.5691747572815534,0.9375568698817106,0.6841910563000786,0.3533156144536746,0.3668039603936756
medium,321,sensor_510_multivar_labeled,without_drift,372,8254,538,452,0.8970465890183028,0.4087912087912088,0.4514563106796116,0.4290657439446367,0.0611919927206551,0.5485436893203883,0.9388080072793448,0.6951321589794783,0.3731953839665521,0.3837159600255858
medium,321,sensor_510_multivar_labeled,without_flat,411,7939,853,413,0.8683444259567388,0.3251582278481013,0.4987864077669903,0.3936781609195403,0.0970200181983621,0.5012135922330098,0.902979981801638,0.700883194784314,0.3328221854742582,0.3658628271012692
medium,321,sensor_510_multivar_labeled,without_dropout,373,8451,341,451,0.9176372712146422,0.5224089635854342,0.4526699029126214,0.4850455136540962,0.0387852593266606,0.5473300970873787,0.9612147406733396,0.7069423217929804,0.4418693293241699,0.4285542706232788
medium,321,sensor_511_multivar_labeled,full,48,3682,62,269,0.918492982024132,0.4363636363636363,0.1514195583596214,0.2248243559718969,0.016559829059829,0.8485804416403786,0.9834401709401708,0.5674298646498962,0.2228588973031831,0.2103953902438026
medium,321,sensor_511_multivar_labeled,without_spike,47,3684,60,270,0.9187392267914308,0.4392523364485981,0.1482649842271293,0.2216981132075471,0.016025641025641,0.8517350157728707,0.9839743589743588,0.5661196716007442,0.2214868840311589,0.2085289325762606
medium,321,sensor_511_multivar_labeled,without_drift,48,3682,62,269,0.918492982024132,0.4363636363636363,0.1514195583596214,0.2248243559718969,0.016559829059829,0.8485804416403786,0.9834401709401708,0.5674298646498962,0.2228588973031831,0.2103953902438026
medium,321,sensor_511_multivar_labeled,without_flat,79,3594,150,238,0.9044570302881064,0.3449781659388646,0.2492113564668769,0.2893772893772893,0.0400641025641025,0.750788643533123,0.9599358974358976,0.6045736269513873,0.2432311686430532,0.2527235017942627
medium,321,sensor_511_multivar_labeled,without_dropout,61,3644,100,256,0.9123368628416646,0.3788819875776397,0.1924290220820189,0.2552301255230125,0.0267094017094017,0.807570977917981,0.9732905982905984,0.5828598101863086,0.2278380418132343,0.2267436210756671
medium,42,sensor_501_multivar_labeled,full,25,1652,47,21,0.961031518624642,0.3472222222222222,0.5434782608695652,0.423728813559322,0.0276633313713949,0.4565217391304347,0.972336668628605,0.7579074647490851,0.4154849476079094,0.4030384445587583
medium,42,sensor_501_multivar_labeled,without_spike,20,1624,75,26,0.9421203438395416,0.2105263157894736,0.4347826086956521,0.2836879432624113,0.0441436138905238,0.5652173913043478,0.9558563861094762,0.6953194974025642,0.2758337630267947,0.2852589430561494
medium,42,sensor_501_multivar_labeled,without_drift,25,1652,47,21,0.961031518624642,0.3472222222222222,0.5434782608695652,0.423728813559322,0.0276633313713949,0.4565217391304347,0.972336668628605,0.7579074647490851,0.4154849476079094,0.4030384445587583
medium,42,sensor_501_multivar_labeled,without_flat,8,1696,3,38,0.9765042979942692,0.7272727272727273,0.1739130434782608,0.2807017543859649,0.0017657445556209,0.8260869565217391,0.998234255444379,0.5860736494613199,0.3484616020216965,0.2874040371525095
medium,42,sensor_501_multivar_labeled,without_dropout,16,1674,25,30,0.968481375358166,0.3902439024390244,0.3478260869565217,0.367816091954023,0.0147145379635079,0.6521739130434783,0.985285462036492,0.6665557744965069,0.3523210338306271,0.3269301990357697
medium,42,sensor_502_multivar_labeled,full,11,1567,154,215,0.810477657935285,0.0666666666666666,0.0486725663716814,0.0562659846547314,0.0894828588030215,0.9513274336283186,0.9105171411969784,0.4795948537843299,-0.0469373470930088,0.0409731771258314
medium,42,sensor_502_multivar_labeled,without_spike,10,1510,211,216,0.7806882383153569,0.0452488687782805,0.0442477876106194,0.0447427293064877,0.1226031377106333,0.9557522123893806,0.8773968622893666,0.460822324949993,-0.079121912744223,0.027935581016784
medium,42,sensor_502_multivar_labeled,without_drift,11,1566,155,215,0.8099640472521829,0.0662650602409638,0.0486725663716814,0.0561224489795918,0.0900639163277164,0.9513274336283186,0.9099360836722836,0.4793043250219824,-0.0474753572963461,0.0407902393556936
medium,42,sensor_502_multivar_labeled,without_flat,14,1513,208,212,0.7842835130970724,0.063063063063063,0.0619469026548672,0.0624999999999999,0.1208599651365485,0.9380530973451328,0.8791400348634515,0.4705434687591593,-0.0593724837212341,0.0440825337422647
medium,42,sensor_502_multivar_labeled,without_dropout,11,1594,127,215,0.8243451463790447,0.0797101449275362,0.0486725663716814,0.0604395604395604,0.073794305636258,0.9513274336283186,0.926205694363742,0.4874391303677117,-0.0313570740737075,0.0463766632848112
medium,42,sensor_505_multivar_labeled,full,37,1781,128,35,0.917718324078748,0.2242424242424242,0.5138888888888888,0.3122362869198312,0.0670508119434258,0.4861111111111111,0.932949188056574,0.7234190384727315,0.3026352363424704,0.3216042782226117
medium,42,sensor_505_multivar_labeled,without_spike,32,1802,107,40,0.9257950530035336,0.2302158273381295,0.4444444444444444,0.3033175355450237,0.0560502881089575,0.5555555555555556,0.9439497118910424,0.6941970781677433,0.2845703751276487,0.2987535696184177
medium,42,sensor_505_multivar_labeled,without_drift,37,1783,126,35,0.9187279151943464,0.2269938650306748,0.5138888888888888,0.3148936170212765,0.0660031430068098,0.4861111111111111,0.93399685699319,0.7239428729410395,0.3050322174384245,0.3233175597801614
medium,42,sensor_505_multivar_labeled,without_flat,41,1708,201,31,0.8828874305906108,0.1694214876033057,0.5694444444444444,0.2611464968152866,0.1052907281299109,0.4305555555555556,0.8947092718700891,0.7320768581572668,0.2652611025749211,0.3032334072277171
medium,42,sensor_505_multivar_labeled,without_dropout,27,1904,5,45,0.9747602221100454,0.84375,0.375,0.5192307692307693,0.00261917234154,0.625,0.99738082765846,0.68619041382923,0.5528096512243934,0.4724544289196921
medium,42,sensor_506_multivar_labeled,full,459,4821,85,364,0.9216268109617736,0.84375,0.5577156743620899,0.6715435259692758,0.0173257236037505,0.4422843256379101,0.9826742763962496,0.7701949753791697,0.6465425674508366,0.594339216634426
medium,42,sensor_506_multivar_labeled,without_spike,620,3606,1300,203,0.737650549834177,0.3229166666666667,0.7533414337788579,0.4520597885526796,0.2649816551161842,0.2466585662211421,0.7350183448838158,0.7441798893313368,0.3628670024057037,0.4513686694707447
medium,42,sensor_506_multivar_labeled,without_drift,459,4821,85,364,0.9216268109617736,0.84375,0.5577156743620899,0.6715435259692758,0.0173257236037505,0.4422843256379101,0.9826742763962496,0.7701949753791697,0.6465425674508366,0.594339216634426
medium,42,sensor_506_multivar_labeled,without_flat,114,4899,7,709,0.8750218188165474,0.9421487603305784,0.1385176184690158,0.2415254237288136,0.0014268242967794,0.8614823815309842,0.9985731757032206,0.5685453970861182,0.3344069495344292,0.2914213578385797
medium,42,sensor_506_multivar_labeled,without_dropout,48,4901,5,775,0.8638505847442834,0.9056603773584906,0.0583232077764277,0.1095890410958904,0.0010191602119853,0.9416767922235724,0.9989808397880148,0.5286520237822212,0.2099374220729057,0.202559171408654
medium,42,sensor_507_multivar_labeled,full,61,1665,70,201,0.8642964446670005,0.465648854961832,0.232824427480916,0.3104325699745547,0.0403458213256484,0.767175572519084,0.9596541786743517,0.5962393030776338,0.2624770780390039,0.2753547308445344
medium,42,sensor_507_multivar_labeled,without_spike,62,1662,73,200,0.8632949424136205,0.4592592592592592,0.2366412213740458,0.3123425692695213,0.0420749279538904,0.7633587786259542,0.9579250720461095,0.5972831467100777,0.2616442940794002,0.2762279186769982
medium,42,sensor_507_multivar_labeled,without_drift,59,1673,62,203,0.8673009514271407,0.4876033057851239,0.2251908396946564,0.3080939947780678,0.0357348703170028,0.7748091603053435,0.9642651296829972,0.5947279846888268,0.2681017054440081,0.2757665583945958
medium,42,sensor_507_multivar_labeled,without_flat,3,1696,39,259,0.8507761642463696,0.0714285714285714,0.0114503816793893,0.0197368421052631,0.0224783861671469,0.9885496183206108,0.9775216138328532,0.4944859977561212,-0.0259477254060264,0.0207831405487562
medium,42,sensor_507_multivar_labeled,without_dropout,70,1641,94,192,0.85678517776665,0.4268292682926829,0.2671755725190839,0.3286384976525821,0.054178674351585,0.732824427480916,0.945821325648415,0.6064984490837495,0.2619211130643388,0.2866465185081311
medium,42,sensor_508_multivar_labeled,full,64,1641,5,231,0.878413189077795,0.927536231884058,0.2169491525423728,0.3516483516483516,0.0030376670716889,0.7830508474576271,0.996962332928311,0.6069557427353419,0.414746337384799,0.3621531720799099
medium,42,sensor_508_multivar_labeled,without_spike,57,1641,5,238,0.874806800618238,0.9193548387096774,0.1932203389830508,0.319327731092437,0.0030376670716889,0.8067796610169492,0.996962332928311,0.595091335955681,0.388273395067482,0.3392630397857946
medium,42,sensor_508_multivar_labeled,without_drift,64,1641,5,231,0.878413189077795,0.927536231884058,0.2169491525423728,0.3516483516483516,0.0030376670716889,0.7830508474576271,0.996962332928311,0.6069557427353419,0.414746337384799,0.3621531720799099
medium,42,sensor_508_multivar_labeled,without_flat,8,1646,0,287,0.8521380731581659,1.0,0.0271186440677966,0.0528052805280528,0.0,0.9728813559322034,1.0,0.5135593220338983,0.1519612908064618,0.1818979694579627
medium,42,sensor_508_multivar_labeled,without_dropout,97,1624,22,198,0.8866563626996393,0.8151260504201681,0.3288135593220339,0.4685990338164251,0.0133657351154313,0.6711864406779661,0.9866342648845686,0.6577239121033013,0.4720693376930446,0.4304459670654835
medium,42,sensor_509_multivar_labeled,full,912,9630,931,1372,0.820708446866485,0.4948453608247423,0.3992994746059544,0.441967530894112,0.0881545308209449,0.6007005253940455,0.9118454691790552,0.6555724718925048,0.3393632662495133,0.3840865823257536
medium,42,sensor_509_multivar_labeled,without_spike,914,9564,997,1370,0.8157259634098871,0.478283621140764,0.4001751313485114,0.435756853396901,0.094403939020926,0.5998248686514887,0.905596060979074,0.6528855961637927,0.3285316837939974,0.3784452727021809
medium,42,sensor_509_multivar_labeled,without_drift,920,9577,984,1364,0.8172051381860647,0.4831932773109244,0.4028021015761821,0.4393505253104107,0.0931729949815358,0.5971978984238179,0.906827005018464,0.6548145532973231,0.3331811092282811,0.3817100589610245
medium,42,sensor_509_multivar_labeled,without_flat,1266,8874,1687,1018,0.7894122226547294,0.428716559431087,0.5542907180385289,0.4834829100630132,0.1597386611116371,0.4457092819614711,0.8402613388883629,0.6972760284634458,0.3585346267964884,0.4321881427434139
medium,42,sensor_509_multivar_labeled,without_dropout,1174,9566,995,1110,0.8361230050603348,0.541263254956201,0.5140105078809106,0.5272849764203907,0.094214563014866,0.4859894921190893,0.905785436985134,0.7098979724330223,0.4284545425065067,0.4632494236953925
medium,42,sensor_510_multivar_labeled,full,389,8315,357,555,0.9051580698835274,0.5214477211796247,0.4120762711864407,0.4603550295857988,0.0411669741697416,0.5879237288135594,0.9588330258302584,0.6854546485083495,0.4125552587631418,0.4048831054295111
medium,42,sensor_510_multivar_labeled,without_spike,355,8309,363,589,0.9009983361064892,0.4944289693593314,0.3760593220338983,0.4271961492178099,0.0418588560885608,0.6239406779661016,0.9581411439114392,0.6671002329726687,0.3783068977723894,0.3750345235532276
medium,42,sensor_510_multivar_labeled,without_drift,390,8312,360,554,0.9049500831946756,0.52,0.413135593220339,0.4604486422668241,0.0415129151291512,0.586864406779661,0.9584870848708488,0.6858113390455938,0.4123379859559089,0.4049912754732573
medium,42,sensor_510_multivar_labeled,without_flat,433,7868,804,511,0.8632487520798668,0.3500404203718674,0.4586864406779661,0.397065566254012,0.0927121771217712,0.5413135593220338,0.9072878228782288,0.6829871317780974,0.3252484475182645,0.3595202823612982
medium,42,sensor_510_multivar_labeled,without_dropout,392,8323,349,552,0.906301996672213,0.5290148448043185,0.4152542372881356,0.4652818991097923,0.0402444649446494,0.5847457627118644,0.9597555350553506,0.6875048861717431,0.418403136988937,0.40928090601203
medium,42,sensor_511_multivar_labeled,full,166,3482,67,346,0.898300911105639,0.7124463519313304,0.32421875,0.4456375838926174,0.0188785573400958,0.67578125,0.9811214426599042,0.6526700963299521,0.4358208770895014,0.4027816348073678
medium,42,sensor_511_multivar_labeled,without_spike,325,2855,694,187,0.7830583600098497,0.3189401373895976,0.634765625,0.4245591116917047,0.1955480417018878,0.365234375,0.8044519582981121,0.7196087916490561,0.3362799710061549,0.4097675041995179
medium,42,sensor_511_multivar_labeled,without_drift,163,3482,67,349,0.897562176803743,0.7086956521739131,0.318359375,0.4393530997304581,0.0188785573400958,0.681640625,0.9811214426599042,0.6497404088299521,0.4300678683714976,0.3976331994707835
medium,42,sensor_511_multivar_labeled,without_flat,203,3460,89,309,0.9019945826151194,0.6952054794520548,0.396484375,0.5049751243781094,0.0250774866159481,0.603515625,0.974922513384052,0.685703444192026,0.4772362669910016,0.4479571917263626
medium,42,sensor_511_multivar_labeled,without_dropout,7,3547,2,505,0.8751539029795616,0.7777777777777778,0.013671875,0.0268714011516314,0.0005635390250774,0.986328125,0.9994364609749226,0.5065541679874612,0.0925293627504636,0.1328040057823931
medium,777,sensor_501_multivar_labeled,full,23,1466,33,223,0.8532951289398281,0.4107142857142857,0.0934959349593495,0.152317880794702,0.0220146764509673,0.9065040650406504,0.9779853235490328,0.5357406292541911,0.1411405228188516,0.1559975020574668
medium,777,sensor_501_multivar_labeled,without_spike,25,1449,50,221,0.8446991404011461,0.3333333333333333,0.1016260162601626,0.1557632398753894,0.0333555703802535,0.8983739837398373,0.9666444296197464,0.5341352229399545,0.1171418941007301,0.1472457057839486
medium,777,sensor_501_multivar_labeled,without_drift,23,1466,33,223,0.8532951289398281,0.4107142857142857,0.0934959349593495,0.152317880794702,0.0220146764509673,0.9065040650406504,0.9779853235490328,0.5357406292541911,0.1411405228188516,0.1559975020574668
medium,777,sensor_501_multivar_labeled,without_flat,23,1477,22,223,0.8595988538681948,0.5111111111111111,0.0934959349593495,0.1580756013745704,0.0146764509673115,0.9065040650406504,0.9853235490326884,0.539409741996019,0.1730498550034455,0.1743818226762971
medium,777,sensor_501_multivar_labeled,without_dropout,97,1342,157,149,0.8246418338108883,0.3818897637795275,0.3943089430894309,0.388,0.104736490993996,0.6056910569105691,0.895263509006004,0.6447862260477175,0.2857392718485335,0.3397024983943587
medium,777,sensor_502_multivar_labeled,full,7,1770,118,52,0.9126861838726246,0.056,0.1186440677966101,0.0760869565217391,0.0625,0.8813559322033898,0.9375,0.528072033898305,0.039264645725534,0.0719823507737656
medium,777,sensor_502_multivar_labeled,without_spike,1,1748,140,58,0.8983050847457628,0.0070921985815602,0.0169491525423728,0.01,0.0741525423728813,0.9830508474576272,0.9258474576271186,0.4713983050847457,-0.0378338325200532,0.0032333213126577
medium,777,sensor_502_multivar_labeled,without_drift,7,1770,118,52,0.9126861838726246,0.056,0.1186440677966101,0.0760869565217391,0.0625,0.8813559322033898,0.9375,0.528072033898305,0.039264645725534,0.0719823507737656
medium,777,sensor_502_multivar_labeled,without_flat,7,1750,138,52,0.9024139702105805,0.0482758620689655,0.1186440677966101,0.0686274509803921,0.073093220338983,0.8813559322033898,0.926906779661017,0.5227754237288136,0.0297414451763399,0.066407630556606
medium,777,sensor_502_multivar_labeled,without_dropout,7,1801,87,52,0.928608115048793,0.0744680851063829,0.1186440677966101,0.0915032679738562,0.0460805084745762,0.8813559322033898,0.9539194915254238,0.536281779661017,0.0580288470093339,0.0833318528457181
medium,777,sensor_505_multivar_labeled,full,6,1827,42,106,0.9252902574457345,0.125,0.0535714285714285,0.075,0.0224719101123595,0.9464285714285714,0.9775280898876404,0.5155497592295345,0.0467122493852934,0.0663242375601926
medium,777,sensor_505_multivar_labeled,without_spike,2,1817,52,110,0.9182231196365472,0.037037037037037,0.0178571428571428,0.0240963855421686,0.0278223649010165,0.9821428571428572,0.9721776350989834,0.4950173889780631,-0.0141339289826169,0.0189738354165726
medium,777,sensor_505_multivar_labeled,without_drift,6,1831,38,106,0.9273094396769308,0.1363636363636363,0.0535714285714285,0.0769230769230769,0.0203317281968967,0.9464285714285714,0.9796682718031032,0.5166198501872659,0.0520930293767729,0.0691081858216689
medium,777,sensor_505_multivar_labeled,without_flat,17,1806,63,95,0.9202423018677436,0.2125,0.1517857142857142,0.1770833333333333,0.0337078651685393,0.8482142857142857,0.9662921348314608,0.5590389245585875,0.1385307047509426,0.1537274277688603
medium,777,sensor_505_multivar_labeled,without_dropout,6,1835,34,106,0.9293286219081272,0.15,0.0535714285714285,0.0789473684210526,0.0181915462814339,0.9464285714285714,0.981808453718566,0.5176899411449973,0.0580934651970865,0.0722785897327588
medium,777,sensor_506_multivar_labeled,full,223,4878,60,568,0.8903822656659103,0.7879858657243817,0.281921618204804,0.4152700186219739,0.0121506682867557,0.718078381795196,0.9878493317132442,0.6348854749590241,0.4294641628540453,0.3884308068713111
medium,777,sensor_506_multivar_labeled,without_spike,217,4875,63,574,0.8888113108744982,0.775,0.2743362831858407,0.4052287581699346,0.0127582017010935,0.7256637168141593,0.9872417982989063,0.6307890407423735,0.4185310809436683,0.3796280059621134
medium,777,sensor_506_multivar_labeled,without_drift,456,3426,1512,335,0.6776051666957584,0.2317073170731707,0.5764854614412137,0.330554548749547,0.3061968408262454,0.4235145385587863,0.6938031591737546,0.6351443103074841,0.1963483846496452,0.3258315988480113
medium,777,sensor_506_multivar_labeled,without_flat,433,4322,616,358,0.8299877814627334,0.4127740705433746,0.5474083438685209,0.4706521739130434,0.1247468610773592,0.4525916561314791,0.8752531389226408,0.7113307413955808,0.377003850810221,0.425457405895196
medium,777,sensor_506_multivar_labeled,without_dropout,64,4933,5,727,0.8722290102984814,0.927536231884058,0.0809102402022756,0.1488372093023256,0.0010125556905629,0.9190897597977244,0.998987444309437,0.5399488422558563,0.2526767120058554,0.2302789954602816
medium,777,sensor_507_multivar_labeled,full,45,1866,42,44,0.956935403104657,0.5172413793103449,0.5056179775280899,0.5113636363636364,0.0220125786163522,0.4943820224719101,0.9779874213836478,0.7418026994558689,0.4888763398263321,0.4571839786569798
medium,777,sensor_507_multivar_labeled,without_spike,44,1866,42,45,0.956434651977967,0.5116279069767442,0.4943820224719101,0.5028571428571429,0.0220125786163522,0.5056179775280899,0.9779874213836478,0.736184721927779,0.4801604841859926,0.4491432492121637
medium,777,sensor_507_multivar_labeled,without_drift,44,1866,42,45,0.956434651977967,0.5116279069767442,0.4943820224719101,0.5028571428571429,0.0220125786163522,0.5056179775280899,0.9779874213836478,0.736184721927779,0.4801604841859926,0.4491432492121637
medium,777,sensor_507_multivar_labeled,without_flat,7,1907,1,82,0.9584376564847272,0.875,0.0786516853932584,0.1443298969072165,0.000524109014675,0.9213483146067416,0.999475890985325,0.5390637881892917,0.2552267295908751,0.2197415483247574
medium,777,sensor_507_multivar_labeled,without_dropout,9,1907,1,80,0.9594391587381071,0.9,0.1011235955056179,0.1818181818181818,0.000524109014675,0.898876404494382,0.999475890985325,0.5502997432454715,0.2940905156414869,0.2471028495683997
medium,777,sensor_508_multivar_labeled,full,5,1617,6,313,0.8356517259144771,0.4545454545454545,0.0157232704402515,0.0303951367781155,0.0036968576709796,0.9842767295597484,0.9963031423290204,0.506013206384636,0.0592971647507188,0.0862069250969476
medium,777,sensor_508_multivar_labeled,without_spike,0,1614,9,318,0.8315301391035549,0.0,0.0,0.0,0.0055452865064695,1.0,0.9944547134935304,0.4972273567467652,-0.0302114794953984,-0.0005545286506469
medium,777,sensor_508_multivar_labeled,without_drift,1,1616,7,317,0.8330757341576507,0.125,0.0031446540880503,0.0061349693251533,0.0043130006161429,0.9968553459119496,0.9956869993838572,0.4994158267359537,-0.0067496860326276,0.0220228323611198
medium,777,sensor_508_multivar_labeled,without_flat,5,1618,5,313,0.8361669242658424,0.5,0.0157232704402515,0.0304878048780487,0.0030807147258163,0.9842767295597484,0.9969192852741836,0.5063212778572176,0.0653606796012979,0.0931284218546157
medium,777,sensor_508_multivar_labeled,without_dropout,8,1621,2,310,0.839258114374034,0.8,0.0251572327044025,0.048780487804878,0.0012322858903265,0.9748427672955976,0.9987677141096736,0.511962473407038,0.1236894516041115,0.1493751607344832
medium,777,sensor_509_multivar_labeled,full,175,11488,602,580,0.9079797586609576,0.2252252252252252,0.2317880794701986,0.2284595300261096,0.049793217535153,0.7682119205298014,0.950206782464847,0.5909974309675229,0.1795633062227629,0.2011476743830774
medium,777,sensor_509_multivar_labeled,without_spike,125,11528,562,630,0.907201245620864,0.1819505094614265,0.1655629139072847,0.1733703190013869,0.0464846980976013,0.8344370860927153,0.9535153019023986,0.5595391079048417,0.1244828454767035,0.1503296243322634
medium,777,sensor_509_multivar_labeled,without_drift,174,11488,602,581,0.9079019073569482,0.2242268041237113,0.2304635761589404,0.2273024167210973,0.049793217535153,0.7695364238410596,0.950206782464847,0.5903351793118937,0.1783639282472604,0.2000798592372173
medium,777,sensor_509_multivar_labeled,without_flat,122,11653,437,633,0.916699104710004,0.2182468694096601,0.1615894039735099,0.1856925418569253,0.0361455748552522,0.83841059602649,0.9638544251447476,0.5627219145591288,0.1446188051364414,0.1611609379535932
medium,777,sensor_509_multivar_labeled,without_dropout,167,11719,371,588,0.9253405994550408,0.3104089219330855,0.2211920529801324,0.2583139984532095,0.0306865177832919,0.7788079470198676,0.969313482216708,0.5952527675984203,0.223679913886002,0.2260916017096177
medium,777,sensor_510_multivar_labeled,full,301,8214,324,777,0.8855033277870217,0.4816,0.2792207792207792,0.3534938344098648,0.0379479971890372,0.7207792207792207,0.9620520028109628,0.620636391015871,0.3087818608286928,0.3112836595317692
medium,777,sensor_510_multivar_labeled,without_spike,31,8281,257,1047,0.8643926788685524,0.1076388888888889,0.0287569573283859,0.0453879941434846,0.0301007261653783,0.971243042671614,0.9698992738346216,0.4993281155815038,-0.0024872618482064,0.0421874452798793
medium,777,sensor_510_multivar_labeled,without_drift,300,8215,323,778,0.8855033277870217,0.4815409309791332,0.2782931354359926,0.3527336860670194,0.0378308737409229,0.7217068645640075,0.962169126259077,0.6202311308475348,0.3082038526352832,0.3106661516337342
medium,777,sensor_510_multivar_labeled,without_flat,69,8214,324,1009,0.8613768718801996,0.1755725190839694,0.0640074211502783,0.0938137321549966,0.0379479971890372,0.9359925788497218,0.9620520028109628,0.5130297119806205,0.0415259797302778,0.0839594839585236
medium,777,sensor_510_multivar_labeled,without_dropout,301,8234,304,777,0.8875831946755408,0.4975206611570248,0.2792207792207792,0.3576945929887106,0.035605528226751,0.7207792207792207,0.964394471773249,0.6218076254970141,0.3165393792464248,0.3157963469620322
medium,777,sensor_511_multivar_labeled,full,136,3477,78,370,0.8896823442501847,0.6355140186915887,0.2687747035573122,0.3777777777777777,0.0219409282700421,0.7312252964426877,0.9780590717299578,0.623416887643635,0.3648645476611689,0.3437654210439277
medium,777,sensor_511_multivar_labeled,without_spike,255,2636,919,251,0.711893622260527,0.217206132879046,0.5039525691699605,0.3035714285714285,0.2585091420534458,0.4960474308300395,0.7414908579465541,0.6227217135582572,0.1788088569402008,0.2945229193346433
medium,777,sensor_511_multivar_labeled,without_drift,133,3476,79,373,0.8886973651809899,0.6273584905660378,0.2628458498023715,0.3704735376044568,0.0222222222222222,0.7371541501976284,0.9777777777777776,0.6203118137900746,0.3572658002441223,0.3374483982254004
medium,777,sensor_511_multivar_labeled,without_flat,149,3479,76,357,0.8933760157596651,0.6622222222222223,0.2944664031620553,0.4076607387140903,0.0213783403656821,0.7055335968379447,0.978621659634318,0.6365440313981866,0.3942459307026475,0.3689827526667223
medium,777,sensor_511_multivar_labeled,without_dropout,164,3470,85,342,0.8948534843634572,0.6586345381526104,0.3241106719367589,0.4344370860927152,0.0239099859353023,0.6758893280632411,0.9760900140646976,0.6501003430007283,0.413266899289635,0.3891340724521108
medium,999,sensor_501_multivar_labeled,full,36,1525,21,163,0.8945558739255014,0.631578947368421,0.1809045226130653,0.28125,0.0135834411384217,0.8190954773869347,0.9864165588615784,0.5836605407373219,0.2991977318943901,0.2742123547753405
medium,999,sensor_501_multivar_labeled,without_spike,71,1471,75,128,0.8836676217765043,0.4863013698630137,0.3567839195979899,0.4115942028985507,0.0485122897800776,0.6432160804020101,0.9514877102199224,0.6541358149089562,0.3538866517176334,0.3603465436851891
medium,999,sensor_501_multivar_labeled,without_drift,66,1478,68,133,0.8848137535816619,0.4925373134328358,0.3316582914572864,0.3963963963963964,0.0439844760672703,0.6683417085427136,0.9560155239327296,0.643836907695008,0.3434246363082211,0.3473580152237627
medium,999,sensor_501_multivar_labeled,without_flat,48,1501,45,151,0.8876790830945559,0.5161290322580645,0.2412060301507537,0.3287671232876712,0.0291073738680465,0.7587939698492462,0.9708926261319534,0.6060493281413536,0.3001391887529298,0.2948156319765832
medium,999,sensor_501_multivar_labeled,without_dropout,51,1517,29,148,0.898567335243553,0.6375,0.2562814070351759,0.3655913978494624,0.01875808538163,0.7437185929648241,0.98124191461837,0.618761660826773,0.36098190177231,0.3351497426046478
medium,999,sensor_502_multivar_labeled,full,32,1740,156,19,0.9101181304571136,0.1702127659574468,0.6274509803921569,0.2677824267782426,0.0822784810126582,0.3725490196078431,0.9177215189873418,0.7725862496897493,0.2947992337796342,0.3260414529602075
medium,999,sensor_502_multivar_labeled,without_spike,22,1749,147,29,0.9096045197740112,0.1301775147928994,0.4313725490196078,0.1999999999999999,0.0775316455696202,0.5686274509803921,0.9224683544303798,0.6769204517249938,0.2007257360659221,0.2311852273678552
medium,999,sensor_502_multivar_labeled,without_drift,32,1740,156,19,0.9101181304571136,0.1702127659574468,0.6274509803921569,0.2677824267782426,0.0822784810126582,0.3725490196078431,0.9177215189873418,0.7725862496897493,0.2947992337796342,0.3260414529602075
medium,999,sensor_502_multivar_labeled,without_flat,40,1696,200,11,0.891628145865434,0.1666666666666666,0.7843137254901961,0.274914089347079,0.1054852320675105,0.2156862745098039,0.8945147679324894,0.8394142467113428,0.3297933820432813,0.3734569346464934
medium,999,sensor_502_multivar_labeled,without_dropout,28,1722,174,23,0.8988186954288649,0.1386138613861386,0.5490196078431373,0.2213438735177865,0.0917721518987341,0.4509803921568627,0.9082278481012658,0.7286237279722015,0.2394871148485056,0.2759254894539925
medium,999,sensor_505_multivar_labeled,full,83,1697,73,128,0.8985360928823827,0.532051282051282,0.3933649289099526,0.4523160762942779,0.0412429378531073,0.6066350710900474,0.9587570621468926,0.6760609955284226,0.4032991216418398,0.3972351115277924
medium,999,sensor_505_multivar_labeled,without_spike,76,1724,46,135,0.9086320040383644,0.6229508196721312,0.3601895734597156,0.4564564564564565,0.0259887005649717,0.6398104265402843,0.9740112994350284,0.6671004364473719,0.4288602856228824,0.4043060303376426
medium,999,sensor_505_multivar_labeled,without_drift,76,1743,27,135,0.9182231196365472,0.7378640776699029,0.3601895734597156,0.4840764331210191,0.0152542372881355,0.6398104265402843,0.9847457627118644,0.6724676680857901,0.4792908538136899,0.4350454548640452
medium,999,sensor_505_multivar_labeled,without_flat,73,1701,69,138,0.895507319535588,0.5140845070422535,0.3459715639810427,0.4135977337110482,0.0389830508474576,0.6540284360189573,0.9610169491525424,0.6534942565667925,0.3671258367833115,0.3631248203358768
medium,999,sensor_505_multivar_labeled,without_dropout,38,1759,11,173,0.9071176173649672,0.7755102040816326,0.1800947867298578,0.2923076923076923,0.0062146892655367,0.8199052132701422,0.9937853107344632,0.5869400487321605,0.3453632596888306,0.3012719592431101
medium,999,sensor_506_multivar_labeled,full,225,5234,160,110,0.9528713562576366,0.5844155844155844,0.6716417910447762,0.625,0.0296625880608083,0.3283582089552239,0.9703374119391917,0.820989601491984,0.6016379798662451,0.5674386161696897
medium,999,sensor_506_multivar_labeled,without_spike,215,5180,214,120,0.9417001221853728,0.5011655011655012,0.6417910447761194,0.5628272251308899,0.0396737115313311,0.3582089552238806,0.9603262884686689,0.8010586666223941,0.5367751762097847,0.5170170187634284
medium,999,sensor_506_multivar_labeled,without_drift,225,5234,160,110,0.9528713562576366,0.5844155844155844,0.6716417910447762,0.625,0.0296625880608083,0.3283582089552239,0.9703374119391917,0.820989601491984,0.6016379798662451,0.5674386161696897
medium,999,sensor_506_multivar_labeled,without_flat,235,5063,331,100,0.9247687205445976,0.4151943462897526,0.7014925373134329,0.5216426193118757,0.0613644790507971,0.2985074626865671,0.9386355209492028,0.8200640291313178,0.5033678342173724,0.5013296439227571
medium,999,sensor_506_multivar_labeled,without_dropout,222,5249,145,113,0.954965962646186,0.6049046321525886,0.6626865671641791,0.6324786324786325,0.0268817204301075,0.3373134328358209,0.9731182795698924,0.8179024233670358,0.6092636554729365,0.5714688775445158
medium,999,sensor_507_multivar_labeled,full,68,1781,88,60,0.9258888332498748,0.4358974358974359,0.53125,0.4788732394366197,0.0470840021401819,0.46875,0.952915997859818,0.742082998929909,0.4418905646563213,0.435544172917076
medium,999,sensor_507_multivar_labeled,without_spike,67,1803,66,61,0.9364046069103656,0.5037593984962406,0.5234375,0.5134099616858239,0.0353130016051364,0.4765625,0.9646869983948636,0.7440622491974318,0.4795031515757577,0.4600983423725432
medium,999,sensor_507_multivar_labeled,without_drift,66,1796,73,62,0.9323985978968452,0.4748201438848921,0.515625,0.4943820224719101,0.0390583199571963,0.484375,0.9609416800428036,0.7382833400214018,0.4586728724892411,0.4444765996993737
medium,999,sensor_507_multivar_labeled,without_flat,29,1803,66,99,0.9173760640961444,0.3052631578947368,0.2265625,0.2600896860986547,0.0353130016051364,0.7734375,0.9646869983948636,0.5956247491974318,0.2200608982480525,0.2272672822680914
medium,999,sensor_507_multivar_labeled,without_dropout,62,1812,57,66,0.9384076114171256,0.5210084033613446,0.484375,0.5020242914979758,0.0304975922953451,0.515625,0.9695024077046548,0.7269387038523274,0.4695987439292406,0.4463249324487562
medium,999,sensor_508_multivar_labeled,full,51,1462,338,90,0.779495105615662,0.1311053984575835,0.3617021276595745,0.1924528301886792,0.1877777777777777,0.6382978723404256,0.8122222222222222,0.5869621749408983,0.1127679118105845,0.1960024438736377
medium,999,sensor_508_multivar_labeled,without_spike,29,1679,121,112,0.8799587841318908,0.1933333333333333,0.2056737588652482,0.1993127147766323,0.0672222222222222,0.7943262411347518,0.9327777777777778,0.5692257683215131,0.1345705931531634,0.1736706270868367
medium,999,sensor_508_multivar_labeled,without_drift,61,1401,399,80,0.753219989696033,0.1326086956521739,0.4326241134751773,0.2029950083194675,0.2216666666666666,0.5673758865248227,0.7783333333333333,0.6054787234042553,0.1287609654549804,0.218859625467473
medium,999,sensor_508_multivar_labeled,without_flat,51,1462,338,90,0.779495105615662,0.1311053984575835,0.3617021276595745,0.1924528301886792,0.1877777777777777,0.6382978723404256,0.8122222222222222,0.5869621749408983,0.1127679118105845,0.1960024438736377
medium,999,sensor_508_multivar_labeled,without_dropout,13,1778,22,128,0.9227202472952086,0.3714285714285714,0.0921985815602836,0.1477272727272727,0.0122222222222222,0.9078014184397164,0.9877777777777778,0.5399881796690307,0.1559954635482667,0.1486289106874213
medium,999,sensor_509_multivar_labeled,full,386,11910,513,36,0.9572596340988712,0.4293659621802002,0.914691943127962,0.5844057532172596,0.041294373339773,0.0853080568720379,0.958705626660227,0.9366987848940944,0.610225491963955,0.5976656288792082
medium,999,sensor_509_multivar_labeled,without_spike,359,11842,581,63,0.9498637602179836,0.3819148936170213,0.8507109004739336,0.5271659324522762,0.0467680914432906,0.1492890995260663,0.9532319085567094,0.9019714045153217,0.5502575325493712,0.5450483646439285
medium,999,sensor_509_multivar_labeled,without_drift,386,11895,528,36,0.9560918645387312,0.4223194748358862,0.914691943127962,0.5778443113772455,0.0425018111567254,0.0853080568720379,0.9574981888432744,0.9360950659856184,0.6047405855445578,0.5935352631678594
medium,999,sensor_509_multivar_labeled,without_flat,77,11937,486,345,0.9353055663682368,0.1367673179396092,0.1824644549763033,0.1563451776649746,0.0391209852692586,0.8175355450236966,0.9608790147307412,0.5716717348535223,0.1248126593656551,0.1416976656061451
medium,999,sensor_509_multivar_labeled,without_dropout,386,11910,513,36,0.9572596340988712,0.4293659621802002,0.914691943127962,0.5844057532172596,0.041294373339773,0.0853080568720379,0.958705626660227,0.9366987848940944,0.610225491963955,0.5976656288792082
medium,999,sensor_510_multivar_labeled,full,340,8096,389,791,0.877287853577371,0.4663923182441701,0.3006189213085765,0.3655913978494624,0.0458456098998232,0.6993810786914235,0.9541543901001768,0.6273866557043766,0.3100771783575689,0.3200760921714742
medium,999,sensor_510_multivar_labeled,without_spike,395,7594,891,736,0.8308028286189684,0.307153965785381,0.3492484526967285,0.3268514687629292,0.1050088391278727,0.6507515473032714,0.8949911608721273,0.6221198067844279,0.231169399552176,0.2874299077073566
medium,999,sensor_510_multivar_labeled,without_drift,343,8090,395,788,0.8769758735440932,0.4647696476964769,0.3032714412024757,0.3670411985018726,0.0465527401296405,0.6967285587975243,0.9534472598703596,0.6283593505364176,0.3106912205439521,0.3212101448280929
medium,999,sensor_510_multivar_labeled,without_flat,90,8468,17,1041,0.8899750415973378,0.8411214953271028,0.0795755968169761,0.1453957996768982,0.002003535651149,0.920424403183024,0.9979964643488508,0.5387860305829135,0.2382337266977105,0.2152686596336475
medium,999,sensor_510_multivar_labeled,without_dropout,61,8467,18,1070,0.8868552412645591,0.7721518987341772,0.0539345711759504,0.1008264462809917,0.0021213906894519,0.9460654288240496,0.997878609310548,0.5259065902432493,0.1849175115842103,0.1771629179204128
medium,999,sensor_511_multivar_labeled,full,149,3714,105,93,0.9512435360748585,0.5866141732283464,0.6157024793388429,0.6008064516129031,0.0274941084053417,0.384297520661157,0.9725058915946584,0.7941041854667505,0.5750497463520917,0.5403163621711771
medium,999,sensor_511_multivar_labeled,without_spike,140,3680,139,102,0.9406550110810146,0.5017921146953405,0.5785123966942148,0.5374280230326295,0.0363969625556428,0.4214876033057851,0.9636030374443572,0.771057717069286,0.5073543872391041,0.4870254503216845
medium,999,sensor_511_multivar_labeled,without_drift,144,3714,105,98,0.9500123122383648,0.5783132530120482,0.5950413223140496,0.5865580448065174,0.0274941084053417,0.4049586776859504,0.9725058915946584,0.7837736069543539,0.5600262559648087,0.5264610939684208
medium,999,sensor_511_multivar_labeled,without_flat,171,3530,289,71,0.9113518837724698,0.3717391304347826,0.7066115702479339,0.4871794871794872,0.0756742602775595,0.2933884297520661,0.9243257397224404,0.8154686549851872,0.4712791706575682,0.4794076838426109
medium,999,sensor_511_multivar_labeled,without_dropout,144,3714,105,98,0.9500123122383648,0.5783132530120482,0.5950413223140496,0.5865580448065174,0.0274941084053417,0.4049586776859504,0.9725058915946584,0.7837736069543539,0.5600262559648087,0.5264610939684208
