scenario,seed,sensor,expert,threshold,best_action,tp,tn,fp,fn,accuracy,precision,recall,f1,fpr,fnr,specificity,balanced_accuracy,mcc,reward,roc_auc,pr_auc,n_events,event_detection_rate,event_precision,mean_detection_delay,median_detection_delay,early_detection_rate
high,123,sensor_501_multivar_labeled,spike,0.6,z_w21_t3,15,1716,3,11,0.9919770773638968,0.8333333333333334,0.5769230769230769,0.6818181818181818,0.0017452006980802,0.4230769230769231,0.9982547993019196,0.7875889381124983,0.6896748099665613,0.6047205848252969,0.8801852597664115,0.5471533514882008,25,0.56,0.8235294117647058,0.0,0.0,0.56
high,123,sensor_501_multivar_labeled,drift,0.25,mean_shift_12_72,0,1593,152,0,0.9128939828080228,0.0,0.0,0.0,0.087106017191977,0.0,0.9128939828080228,0.4564469914040114,0.0,-0.0087106017191977,,,0,,,,,
high,123,sensor_501_multivar_labeled,flat,0.775,flat_std_w18,0,1647,5,93,0.943839541547278,0.0,0.0,0.0,0.0030266343825665,1.0,0.9969733656174334,0.4984866828087167,-0.0127188202838565,-0.0003026634382566,0.9465750214793408,0.7690126547128615,1,0.0,0.0,,,0.0
high,123,sensor_501_multivar_labeled,dropout,0.525,dropout_w24,0,1725,20,0,0.988538681948424,0.0,0.0,0.0,0.0114613180515759,0.0,0.988538681948424,0.494269340974212,0.0,-0.0011461318051575,,,0,,,,,
high,123,sensor_502_multivar_labeled,spike,0.7,z_w21_t3,13,1925,2,7,0.99537750385208,0.8666666666666667,0.65,0.7428571428571429,0.0010378827192527,0.35,0.9989621172807472,0.8244810586403737,0.7483866132939008,0.6591819260137891,0.8594836533471718,0.6515569754211656,19,0.6842105263157895,0.8666666666666667,0.0769230769230769,0.0,0.6842105263157895
high,123,sensor_502_multivar_labeled,drift,0.4999999999999999,slope_w36_t2.2,0,1923,24,0,0.987673343605547,0.0,0.0,0.0,0.012326656394453,0.0,0.987673343605547,0.4938366718027735,0.0,-0.0012326656394453,,,0,,,,,
high,123,sensor_502_multivar_labeled,flat,0.4249999999999999,flat_std_w36,86,1689,155,17,0.91165896250642,0.3568464730290456,0.8349514563106796,0.5,0.084056399132321,0.1650485436893204,0.915943600867679,0.8754475285891793,0.5103642926063844,0.5206067679343287,0.926768527683592,0.4575137518554597,1,1.0,0.125,0.0,0.0,1.0
high,123,sensor_502_multivar_labeled,dropout,0.75,flat_std_w18,60,1762,108,17,0.935798664612224,0.3571428571428571,0.7792207792207793,0.4897959183673469,0.0577540106951871,0.2207792207792207,0.9422459893048128,0.860733384262796,0.500771821184617,0.5019704245334498,0.9439822209875688,0.3559240635419016,1,1.0,0.125,9.0,9.0,1.0
high,123,sensor_505_multivar_labeled,spike,0.65,z_w21_t3,17,1951,1,12,0.9934376577486118,0.9444444444444444,0.5862068965517241,0.7234042553191489,0.0005122950819672,0.4137931034482758,0.9994877049180328,0.7928473007348784,0.741333668057769,0.6430094210176043,0.8751413227812322,0.6138103874746627,29,0.5862068965517241,0.9444444444444444,0.0,0.0,0.5862068965517241
high,123,sensor_505_multivar_labeled,drift,0.2249999999999999,slope_w36_t2.2,45,1398,161,377,0.7284199899040888,0.2184466019417475,0.1066350710900474,0.143312101910828,0.1032713277742142,0.8933649289099526,0.8967286722257858,0.5016818716579166,0.0045120026076704,0.1189208247007275,0.4936791113516077,0.2109200101890525,2,1.0,0.2247191011235955,8.5,8.5,1.0
high,123,sensor_505_multivar_labeled,flat,0.675,flat_std_w18,83,1833,43,22,0.9671882887430592,0.6587301587301587,0.7904761904761904,0.7186147186147186,0.0229211087420042,0.2095238095238095,0.9770788912579956,0.8837775408670931,0.7046336648844066,0.6570368934548039,0.9339044573053102,0.597504186850048,1,1.0,0.5,5.0,5.0,1.0
high,123,sensor_505_multivar_labeled,dropout,0.875,dropout_w24,56,1898,4,23,0.9863705199394244,0.9333333333333332,0.7088607594936709,0.8057553956834533,0.0021030494216614,0.2911392405063291,0.9978969505783386,0.8533788550360047,0.8069563608213643,0.7150378509634892,0.9471575556709126,0.7951402521641657,1,1.0,0.5,12.0,12.0,1.0
high,123,sensor_506_multivar_labeled,spike,0.825,z_w21_t3,40,5674,2,13,0.9973817420143132,0.9523809523809524,0.7547169811320755,0.8421052631578947,0.000352360817477,0.2452830188679245,0.9996476391825228,0.8771823101572992,0.8465920398584099,0.7481843695360704,0.9531077559269748,0.7544513588911005,53,0.7547169811320755,0.9523809523809524,0.0,0.0,0.7547169811320755
high,123,sensor_506_multivar_labeled,drift,0.25,mean_shift_12_72,0,5211,518,0,0.909582824227614,0.0,0.0,0.0,0.0904171757723861,0.0,0.909582824227614,0.4547914121138069,0.0,-0.0090417175772386,,,0,,,,,
high,123,sensor_506_multivar_labeled,flat,0.4999999999999999,low_range_w24,294,4693,731,11,0.8704835049746902,0.2868292682926829,0.9639344262295082,0.4421052631578946,0.1347713864306784,0.0360655737704918,0.8652286135693216,0.9145815198994148,0.485684345864299,0.5176749478907396,0.9370977199090864,0.4549015611673229,1,1.0,0.0181818181818181,0.0,0.0,1.0
high,123,sensor_506_multivar_labeled,dropout,0.75,dropout_w24,259,5359,86,25,0.9806248909059172,0.7507246376811594,0.9119718309859156,0.8235294117647058,0.0157943067033976,0.0880281690140845,0.9842056932966023,0.9480887621412588,0.8176926362747734,0.7552090495717264,0.9691091452295038,0.7484186885159507,2,1.0,0.25,4.5,4.5,1.0
high,123,sensor_507_multivar_labeled,spike,0.725,z_w21_t3,14,1976,1,6,0.9964947421131698,0.9333333333333332,0.7,0.8,0.0005058168942842,0.3,0.9994941831057156,0.8497470915528578,0.8066868643732215,0.7099494183105717,0.9062089023773394,0.6538519442463111,20,0.7,0.9333333333333332,0.0,0.0,0.7
high,123,sensor_507_multivar_labeled,drift,0.25,mean_shift_12_72,21,1575,157,244,0.7991987981972959,0.1179775280898876,0.0792452830188679,0.0948081264108352,0.0906466512702078,0.920754716981132,0.909353348729792,0.49429931587433,-0.0135746144425552,0.0750692058769985,0.511880691969149,0.1364582416112916,2,1.0,0.1481481481481481,8.0,8.0,0.5
high,123,sensor_507_multivar_labeled,flat,0.4999999999999999,flat_std_w18,0,1761,130,106,0.8818227341011518,0.0,0.0,0.0,0.0687466948704389,1.0,0.9312533051295612,0.4656266525647805,-0.0624750605036216,-0.0068746694870438,0.4299312533051295,0.0530796194291437,1,0.0,0.0,,,0.0
high,123,sensor_507_multivar_labeled,dropout,0.775,dropout_w24,82,1854,39,22,0.969454181271908,0.6776859504132231,0.7884615384615384,0.7288888888888889,0.0206022187004754,0.2115384615384615,0.9793977812995246,0.8839296598805315,0.7150963054552172,0.6641311322303975,0.960667337153074,0.6380389583107392,1,1.0,0.2,11.0,11.0,1.0
high,123,sensor_508_multivar_labeled,spike,0.75,z_w21_t3,13,1915,1,12,0.9933024214322514,0.9285714285714286,0.52,0.6666666666666666,0.0005219206680584,0.48,0.9994780793319415,0.7597390396659708,0.6921976295158685,0.5952335222189084,0.940615866388309,0.5463709376944434,25,0.52,0.9285714285714286,0.0,0.0,0.52
high,123,sensor_508_multivar_labeled,drift,0.25,mean_shift_12_72,40,1378,151,372,0.7305512622359609,0.2094240837696335,0.0970873786407767,0.132669983416252,0.0987573577501635,0.9029126213592232,0.9012426422498364,0.4991650104453066,-0.0022925967960011,0.1103655829199751,0.5145512010515153,0.2152074403812258,2,1.0,0.2065217391304347,5.5,5.5,1.0
high,123,sensor_508_multivar_labeled,flat,0.6,flat_std_w18,84,1772,66,19,0.9562081401339516,0.56,0.8155339805825242,0.6640316205533596,0.0359085963003264,0.1844660194174757,0.9640914036996736,0.8898126921410989,0.6544612154116691,0.6238835637937364,0.9207639160336796,0.5497198603273874,1,1.0,0.25,8.0,8.0,1.0
high,123,sensor_508_multivar_labeled,dropout,0.725,dropout_w12,60,1859,5,17,0.988665636269964,0.9230769230769232,0.7792207792207793,0.8450704225352113,0.0026824034334763,0.2207792207792207,0.9973175965665236,0.8882691878936515,0.842477176520894,0.7522412220252697,0.9494663062259628,0.8027072184838747,1,1.0,0.5,9.0,9.0,1.0
high,123,sensor_509_multivar_labeled,spike,0.75,z_w21_t3,133,12668,16,28,0.9965745426235888,0.8926174496644296,0.8260869565217391,0.8580645161290322,0.0012614317250078,0.1739130434782608,0.998738568274992,0.9124127623983656,0.8569915813201922,0.7677215934917498,0.9763694565070486,0.8750481537898813,159,0.8364779874213837,0.8986486486486487,0.0,0.0,0.8364779874213837
high,123,sensor_509_multivar_labeled,drift,0.05,slope_w36_t2.2,0,11614,1231,0,0.9041650447644998,0.0,0.0,0.0,0.0958349552355001,0.0,0.9041650447644998,0.4520825223822499,0.0,-0.00958349552355,,,0,,,,,
high,123,sensor_509_multivar_labeled,flat,0.775,flat_std_w36,79,11586,153,1027,0.9081354612689764,0.3405172413793103,0.0714285714285714,0.1180866965620328,0.0130334781497572,0.9285714285714286,0.9869665218502428,0.5291975466394071,0.1230031634576576,0.124341823273407,0.959037216480759,0.6411744999511692,2,1.0,0.2962962962962963,144.5,144.5,0.5
high,123,sensor_509_multivar_labeled,dropout,0.875,flat_std_w18,0,12544,301,0,0.976566757493188,0.0,0.0,0.0,0.0234332425068119,0.0,0.976566757493188,0.488283378746594,0.0,-0.0023433242506811,,,0,,,,,
high,123,sensor_510_multivar_labeled,spike,0.75,z_w21_t3,98,9495,7,16,0.9976081530782028,0.9333333333333332,0.8596491228070176,0.8949771689497716,0.0007366870132603,0.1403508771929824,0.9992633129867396,0.9294562178968786,0.8945427270042929,0.8005607941681764,0.972745811592758,0.8779929657677267,112,0.875,0.9333333333333332,0.0204081632653061,0.0,0.875
high,123,sensor_510_multivar_labeled,drift,0.05,ewma_s24_w48_t2.5,108,7726,865,917,0.8146838602329451,0.1109969167523124,0.1053658536585365,0.1081081081081081,0.1006867652194156,0.8946341463414634,0.8993132347805843,0.5023395442195605,0.0047880245597857,0.0868392657371149,0.50221314989311,0.1069733977079344,1,1.0,0.1088435374149659,1.0,1.0,1.0
high,123,sensor_510_multivar_labeled,flat,0.775,flat_std_w36,75,8560,544,437,0.8979825291181365,0.1211631663974151,0.146484375,0.1326259946949602,0.0597539543057996,0.853515625,0.9402460456942004,0.5433652103471002,0.0793466093662681,0.1158260896417644,0.9208247447893784,0.319545879668643,1,1.0,0.28,113.0,113.0,0.0
high,123,sensor_510_multivar_labeled,dropout,0.7999999999999999,flat_std_w18,365,8935,297,19,0.9671381031613976,0.5513595166163142,0.9505208333333334,0.6978967495219885,0.0321707105719237,0.0494791666666666,0.9678292894280762,0.9591750613807049,0.7102058719866037,0.6786966437201497,0.9709225835860774,0.534072378616656,1,1.0,0.0416666666666666,8.0,8.0,1.0
high,123,sensor_511_multivar_labeled,spike,0.875,z_w21_t3,28,4016,0,17,0.9958138389559222,1.0,0.6222222222222222,0.7671232876712328,0.0,0.3777777777777777,1.0,0.8111111111111111,0.7871463751613744,0.6818721461187215,0.9254980079681276,0.7617916410886703,45,0.6222222222222222,1.0,0.0,0.0,0.6222222222222222
high,123,sensor_511_multivar_labeled,drift,0.25,slope_w36_t2.2,57,3138,382,484,0.7867520315193303,0.1298405466970387,0.1053604436229205,0.1163265306122449,0.1085227272727272,0.8946395563770795,0.8914772727272727,0.4984188581750966,-0.0034607027955518,0.0925788811396694,0.5027358847252562,0.1361285699277253,2,1.0,0.1333333333333333,50.0,50.0,0.5
high,123,sensor_511_multivar_labeled,flat,0.75,flat_std_w18,0,3767,78,216,0.9276040384141836,0.0,0.0,0.0,0.0202860858257477,1.0,0.9797139141742522,0.4898569570871261,-0.0331681196675371,-0.0020286085825747,0.446248133699369,0.051093205426924,1,0.0,0.0,,,0.0
high,123,sensor_511_multivar_labeled,dropout,0.7999999999999999,dropout_w24,0,3993,68,0,0.9832553558236888,0.0,0.0,0.0,0.0167446441763112,0.0,0.9832553558236888,0.4916276779118443,0.0,-0.0016744644176311,,,0,,,,,
high,321,sensor_501_multivar_labeled,spike,0.7999999999999999,z_w21_t3,12,1721,1,11,0.9931232091690544,0.9230769230769232,0.5217391304347826,0.6666666666666667,0.0005807200929152,0.4782608695652174,0.9994192799070848,0.7605792051709337,0.6912014209539543,0.5949252055826817,0.9271448770388324,0.618991779229961,23,0.5217391304347826,0.9230769230769232,0.0,0.0,0.5217391304347826
high,321,sensor_501_multivar_labeled,drift,0.25,slope_w36_t2.2,26,1330,87,302,0.7770773638968481,0.2300884955752212,0.0792682926829268,0.1179138321995465,0.0613973182780522,0.9207317073170732,0.9386026817219478,0.5089354872024373,0.0283707476500352,0.1052152548031519,0.5191081295075478,0.1941768475033867,2,1.0,0.1636363636363636,46.5,46.5,0.5
high,321,sensor_501_multivar_labeled,flat,0.775,flat_std_w18,0,1665,80,0,0.9541547277936964,0.0,0.0,0.0,0.0458452722063037,0.0,0.9541547277936964,0.4770773638968481,0.0,-0.0045845272206303,,,0,,,,,
high,321,sensor_501_multivar_labeled,dropout,0.7999999999999999,dropout_w24,98,1595,12,40,0.9702005730659026,0.8909090909090909,0.7101449275362319,0.7903225806451614,0.0074673304293715,0.2898550724637681,0.9925326695706284,0.8513387985534302,0.7802762139235063,0.7015782701446187,0.9241272332097796,0.7572060901705704,2,1.0,0.5,9.0,9.0,1.0
high,321,sensor_502_multivar_labeled,spike,0.675,z_w21_t3,9,1924,2,12,0.9928094504365692,0.8181818181818182,0.4285714285714285,0.5625,0.0010384215991692,0.5714285714285714,0.9989615784008308,0.7137665034861297,0.589194140330844,0.5043198591387844,0.8997552291944815,0.457668578457673,21,0.4285714285714285,0.8181818181818182,0.0,0.0,0.4285714285714285
high,321,sensor_502_multivar_labeled,drift,0.25,slope_w36_t2.2,0,1825,122,0,0.9373394966615306,0.0,0.0,0.0,0.0626605033384694,0.0,0.9373394966615306,0.4686697483307653,0.0,-0.0062660503338469,,,0,,,,,
high,321,sensor_502_multivar_labeled,flat,0.6,flat_std_w18,0,1774,173,0,0.911145351823318,0.0,0.0,0.0,0.088854648176682,0.0,0.911145351823318,0.4555726759116589,0.0,-0.0088854648176682,,,0,,,,,
high,321,sensor_502_multivar_labeled,dropout,0.775,dropout_w24,60,1761,109,17,0.9352850539291218,0.3550295857988165,0.7792207792207793,0.4878048780487805,0.0582887700534759,0.2207792207792207,0.941711229946524,0.8604660045836516,0.4990582550138333,0.5007039897526598,0.907556080283353,0.3141012911403765,1,1.0,0.125,9.0,9.0,1.0
high,321,sensor_505_multivar_labeled,spike,0.625,z_w21_t3,20,1949,2,10,0.993942453306411,0.9090909090909092,0.6666666666666666,0.7692307692307692,0.0010251153254741,0.3333333333333333,0.998974884674526,0.8328207756705963,0.7757131035823726,0.6824149709849351,0.9623611822996754,0.7244176025994208,29,0.6896551724137931,0.9090909090909092,0.0,0.0,0.6896551724137931
high,321,sensor_505_multivar_labeled,drift,0.25,slope_w36_t2.2,42,1344,163,432,0.6996466431095406,0.2048780487804878,0.0886075949367088,0.1237113402061855,0.1081619110816191,0.9113924050632912,0.8918380889183809,0.4902228419275449,-0.027389872973157,0.1021678977827074,0.4861273270448175,0.2321538920264155,3,1.0,0.2093023255813953,13.666666666666666,3.0,1.0
high,321,sensor_505_multivar_labeled,flat,0.675,flat_std_w18,0,1980,1,0,0.9994952044422007,0.0,0.0,0.0,0.000504795557799,0.0,0.9994952044422007,0.4997476022211004,0.0,-5.047955577990914e-05,,,0,,,,,
high,321,sensor_505_multivar_labeled,dropout,0.625,dropout_w24,0,1953,28,0,0.9858657243816256,0.0,0.0,0.0,0.0141342756183745,0.0,0.9858657243816256,0.4929328621908127,0.0,-0.0014134275618374,,,0,,,,,
high,321,sensor_506_multivar_labeled,spike,0.775,z_w21_t3,45,5663,4,17,0.9963344388200384,0.9183673469387756,0.7258064516129032,0.8108108108108109,0.0007058408328921,0.2741935483870967,0.9992941591671078,0.8625503053900055,0.8147014966818914,0.720291318306263,0.9360388667839272,0.7005229940903754,62,0.7258064516129032,0.9183673469387756,0.0,0.0,0.7258064516129032
high,321,sensor_506_multivar_labeled,drift,0.05,ewma_s48_w96_t2.2,76,4344,774,535,0.771513353115727,0.0894117647058823,0.1243862520458265,0.1040383299110198,0.1512309495896834,0.8756137479541735,0.8487690504103166,0.4865776512280715,-0.0233106502951348,0.0824217938206209,0.4863477255909472,0.1044907094912135,1,1.0,0.0884353741496598,3.0,3.0,1.0
high,321,sensor_506_multivar_labeled,flat,0.75,flat_std_w36,95,5075,44,515,0.9024262524000698,0.6834532374100719,0.1557377049180328,0.253671562082777,0.0085954287946864,0.8442622950819673,0.9914045712053136,0.5735711380616731,0.2949725808228554,0.2625319571447016,0.7777146535408107,0.4461631061054473,2,1.0,0.6842105263157895,36.5,36.5,1.0
high,321,sensor_506_multivar_labeled,dropout,0.7999999999999999,dropout_w24,0,5657,72,0,0.9874323616687032,0.0,0.0,0.0,0.0125676383312969,0.0,0.9874323616687032,0.4937161808343515,0.0,-0.0012567638331296,,,0,,,,,
high,321,sensor_507_multivar_labeled,spike,0.7,z_w21_t3,17,1973,3,4,0.9964947421131698,0.85,0.8095238095238095,0.8292682926829269,0.0015182186234817,0.1904761904761904,0.9984817813765182,0.904002795450164,0.8277499264579034,0.7433760527021118,0.9599238480817428,0.7811364286200938,21,0.8095238095238095,0.85,0.0,0.0,0.8095238095238095
high,321,sensor_507_multivar_labeled,drift,0.25,ewma_s48_w96_t2.2,28,1530,145,294,0.7801702553830746,0.1618497109826589,0.0869565217391304,0.1131313131313131,0.0865671641791044,0.9130434782608696,0.9134328358208956,0.500194678780013,0.0005090359848556,0.0926167876603184,0.4873913043478261,0.1616213263845326,3,1.0,0.1666666666666666,16.333333333333332,12.0,0.6666666666666666
high,321,sensor_507_multivar_labeled,flat,0.825,flat_std_w36,73,1705,80,139,0.8903355032548823,0.477124183006536,0.3443396226415094,0.3999999999999999,0.0448179271708683,0.6556603773584906,0.9551820728291316,0.6497608477353205,0.3468879008980969,0.3503887215263463,0.6586055176787696,0.2546308811377099,2,0.5,0.3333333333333333,16.0,16.0,0.5
high,321,sensor_507_multivar_labeled,dropout,0.725,flat_std_w18,63,1885,33,16,0.9754631947921882,0.65625,0.7974683544303798,0.7200000000000001,0.0172054223149113,0.2025316455696202,0.9827945776850886,0.8901314660577342,0.7109714272689589,0.6599574640976228,0.9554817122266074,0.584569695647355,1,1.0,0.25,8.0,8.0,1.0
high,321,sensor_508_multivar_labeled,spike,0.775,z_w21_t3,14,1919,1,7,0.9958784131890778,0.9333333333333332,0.6666666666666666,0.7777777777777778,0.0005208333333333,0.3333333333333333,0.9994791666666668,0.8330729166666666,0.7869657046757224,0.6899479166666668,0.9409226190476188,0.6316413410421338,21,0.6666666666666666,0.9333333333333332,0.0,0.0,0.6666666666666666
high,321,sensor_508_multivar_labeled,drift,0.05,slope_w36_t2.2,8,1599,274,60,0.8279237506439979,0.0283687943262411,0.1176470588235294,0.0457142857142857,0.1462893753336892,0.8823529411764706,0.8537106246663108,0.4856788417449201,-0.0149445807996168,0.0454919278340546,0.4899893219434063,0.0393666568835372,1,1.0,0.0660377358490566,5.0,5.0,1.0
high,321,sensor_508_multivar_labeled,flat,0.775,flat_std_w18,71,1833,5,32,0.9809376609994848,0.9342105263157896,0.6893203883495146,0.7932960893854749,0.0027203482045701,0.3106796116504854,0.9972796517954298,0.8433000200724722,0.7935037365342977,0.7036389008552295,0.9539891397360998,0.8323761036896592,1,1.0,0.5,15.0,15.0,1.0
high,321,sensor_508_multivar_labeled,dropout,0.75,dropout_w24,0,1936,5,0,0.9974240082431736,0.0,0.0,0.0,0.0025759917568263,0.0,0.9974240082431736,0.4987120041215868,0.0,-0.0002575991756826,,,0,,,,,
high,321,sensor_509_multivar_labeled,spike,0.775,z_w21_t3,123,12681,1,40,0.996808096535617,0.9919354838709676,0.754601226993865,0.8571428571428571,7.885191610156126e-05,0.2453987730061349,0.9999211480838984,0.8772611875388817,0.8637505379808501,0.7608770912014803,0.964024659848314,0.8381051675426725,162,0.7592592592592593,0.9919354838709676,0.0,0.0,0.7592592592592593
high,321,sensor_509_multivar_labeled,drift,0.25,ewma_s48_w96_t2.2,0,12241,604,0,0.9529778123783572,0.0,0.0,0.0,0.0470221876216426,0.0,0.9529778123783572,0.4764889061891786,0.0,-0.0047022187621642,,,0,,,,,
high,321,sensor_509_multivar_labeled,flat,0.7999999999999999,flat_std_w18,205,10732,743,1165,0.8514597119501751,0.2162447257383966,0.1496350364963503,0.176876617773943,0.0647494553376906,0.8503649635036497,0.9352505446623094,0.5424427905793299,0.1002184444614507,0.1504467522741699,0.6783660766820923,0.2158548702380354,2,1.0,0.509090909090909,109.5,109.5,0.5
high,321,sensor_509_multivar_labeled,dropout,0.875,dropout_w24,497,11995,337,16,0.9725184896847022,0.5959232613908872,0.9688109161793372,0.7379361544172234,0.0273272786247161,0.0311890838206627,0.9726727213752838,0.9707418187773104,0.7481963899734786,0.7093703056877131,0.9796105664023104,0.5847216110235252,1,1.0,0.0263157894736842,7.0,7.0,1.0
high,321,sensor_510_multivar_labeled,spike,0.7999999999999999,z_w21_t3,86,9508,1,21,0.997712146422629,0.9885057471264368,0.8037383177570093,0.8865979381443299,0.000105163529288,0.1962616822429906,0.999894836470712,0.9018165771138608,0.8902948644412052,0.7883559132080878,0.9690765167873424,0.8781502203184397,106,0.8113207547169812,0.9885057471264368,0.0,0.0,0.8113207547169812
high,321,sensor_510_multivar_labeled,drift,0.75,ewma_s24_w48_t2.5,2,6281,4,3329,0.6533901830282862,0.3333333333333333,0.0006004202942059,0.0011986814504045,0.0006364359586316,0.999399579705794,0.9993635640413684,0.4999819921677871,-0.0006862685070006,0.0506558891450806,0.4887068203112107,0.3430655546094077,4,0.25,0.3333333333333333,399.0,399.0,0.0
high,321,sensor_510_multivar_labeled,flat,0.7,flat_std_w36,0,8470,634,512,0.8808236272878536,0.0,0.0,0.0,0.0696397188049209,1.0,0.9303602811950792,0.4651801405975395,-0.0630052819727007,-0.006963971880492,0.4194074205019772,0.052577133957232,1,0.0,0.0,,,0.0
high,321,sensor_510_multivar_labeled,dropout,0.85,dropout_w24,364,9090,142,20,0.983153078202995,0.7193675889328063,0.9479166666666666,0.8179775280898876,0.0153812824956672,0.0520833333333333,0.9846187175043328,0.9662676920854996,0.8177948718018598,0.7588318977308036,0.9853360480755344,0.7044307516730448,1,1.0,0.0909090909090909,9.0,9.0,1.0
high,321,sensor_511_multivar_labeled,spike,0.9,z_w21_t3,40,4005,0,16,0.9960600837232207,1.0,0.7142857142857143,0.8333333333333333,0.0,0.2857142857142857,1.0,0.8571428571428572,0.8434710979576299,0.7392857142857143,0.9550829320492245,0.8037830603652111,55,0.7272727272727273,1.0,0.0,0.0,0.7272727272727273
high,321,sensor_511_multivar_labeled,drift,0.05,slope_w36_t2.2,0,3357,704,0,0.8266436838217188,0.0,0.0,0.0,0.1733563161782812,0.0,0.8266436838217188,0.4133218419108594,0.0,-0.0173356316178281,,,0,,,,,
high,321,sensor_511_multivar_labeled,flat,0.775,flat_std_w36,7,3466,41,547,0.8552080768283674,0.1458333333333333,0.0126353790613718,0.0232558139534883,0.0116909039064727,0.9873646209386282,0.9883090960935272,0.5004722375774495,0.0029995638070284,0.034961639606834,0.763230115323762,0.4985660032005206,3,0.3333333333333333,0.2,47.0,47.0,0.0
high,321,sensor_511_multivar_labeled,dropout,0.85,dropout_w24,0,4011,50,0,0.9876877616350652,0.0,0.0,0.0,0.0123122383649347,0.0,0.9876877616350652,0.4938438808175326,0.0,-0.0012312238364934,,,0,,,,,
high,42,sensor_501_multivar_labeled,spike,0.775,z_w21_t3,10,1717,1,17,0.9896848137535816,0.9090909090909092,0.3703703703703703,0.5263157894736842,0.0005820721769499,0.6296296296296297,0.99941792782305,0.6848941490967102,0.5766678460806985,0.4842586455202103,0.9265942310179796,0.4673147799895835,27,0.3703703703703703,0.9090909090909092,0.0,0.0,0.3703703703703703
high,42,sensor_501_multivar_labeled,drift,0.4999999999999999,slope_w36_t2.2,6,1503,56,180,0.864756446991404,0.0967741935483871,0.032258064516129,0.0483870967741935,0.0359204618345093,0.967741935483871,0.9640795381654907,0.4981688013408099,-0.0061053010585132,0.0423756957520329,0.48551249422362,0.1069835651851188,1,1.0,0.0833333333333333,9.0,9.0,1.0
high,42,sensor_501_multivar_labeled,flat,0.675,flat_std_w36,61,1580,72,32,0.9404011461318053,0.4586466165413533,0.6559139784946236,0.5398230088495576,0.0435835351089588,0.3440860215053763,0.9564164648910412,0.8061652216928323,0.5183510808508314,0.5041331865009951,0.8726210002863912,0.3830094190328513,1,1.0,0.3333333333333333,15.0,15.0,1.0
high,42,sensor_501_multivar_labeled,dropout,0.775,flat_std_w18,95,1598,9,43,0.9702005730659026,0.9134615384615384,0.6884057971014492,0.7851239669421487,0.0056004978220286,0.3115942028985507,0.9943995021779714,0.8414026496397102,0.7783472663154039,0.6962867052414297,0.9323521189001018,0.7875217966835976,2,1.0,0.5,10.5,10.5,1.0
high,42,sensor_502_multivar_labeled,spike,0.85,z_w21_t3,15,1923,0,9,0.99537750385208,1.0,0.625,0.7692307692307693,0.0,0.375,1.0,0.8125,0.788725877169483,0.6836538461538463,0.9607925983706016,0.6960651258761561,24,0.625,1.0,0.0,0.0,0.625
high,42,sensor_502_multivar_labeled,drift,0.7999999999999999,slope_w36_t2.2,0,1945,2,0,0.9989727786337956,0.0,0.0,0.0,0.0010272213662044,0.0,0.9989727786337956,0.4994863893168978,0.0,-0.0001027221366204,,,0,,,,,
high,42,sensor_502_multivar_labeled,flat,0.775,flat_std_w18,60,1661,80,146,0.8839239856189008,0.4285714285714285,0.2912621359223301,0.3468208092485549,0.0459506031016657,0.7087378640776699,0.9540493968983343,0.6226557664103323,0.2920840674344553,0.3031386589140964,0.9159142998946036,0.5430994019728776,2,1.0,0.4444444444444444,19.5,19.5,0.5
high,42,sensor_502_multivar_labeled,dropout,0.7,flat_std_w18,58,1773,108,8,0.9404211607601438,0.3493975903614458,0.8787878787878788,0.5,0.0574162679425837,0.1212121212121212,0.9425837320574164,0.9106858054226477,0.5322553678108917,0.5353043753963221,0.9295184701883266,0.3168710405859572,1,1.0,0.1428571428571428,0.0,0.0,1.0
high,42,sensor_505_multivar_labeled,spike,0.65,z_w21_t3,12,1959,1,9,0.9949520444220092,0.9230769230769232,0.5714285714285714,0.7058823529411765,0.0005102040816326,0.4285714285714285,0.9994897959183674,0.7854591836734695,0.7241482325401116,0.627486148305476,0.9442784256559766,0.5940819541112843,21,0.5714285714285714,0.9230769230769232,0.0,0.0,0.5714285714285714
high,42,sensor_505_multivar_labeled,drift,0.05,slope_w36_t2.2,35,1452,266,228,0.7506309944472489,0.1162790697674418,0.1330798479087452,0.1241134751773049,0.1548311990686845,0.8669201520912547,0.8451688009313155,0.4891243244200304,-0.0205606956820301,0.0977337587606586,0.4887259480251597,0.1300498534696059,2,1.0,0.196078431372549,22.5,22.5,0.5
high,42,sensor_505_multivar_labeled,flat,0.75,flat_std_w36,0,1876,0,105,0.9469964664310954,0.0,0.0,0.0,0.0,1.0,1.0,0.5,0.0,0.0,0.920281246827089,0.8115297031821573,1,0.0,0.0,,,0.0
high,42,sensor_505_multivar_labeled,dropout,0.7999999999999999,dropout_w24,0,1978,3,0,0.9984856133266028,0.0,0.0,0.0,0.0015143866733972,0.0,0.9984856133266028,0.4992428066633013,0.0,-0.0001514386673397,,,0,,,,,
high,42,sensor_506_multivar_labeled,spike,0.7999999999999999,z_w21_t3,47,5662,4,16,0.9965089893524176,0.9215686274509804,0.746031746031746,0.8245614035087719,0.000705965407695,0.2539682539682539,0.9992940345923048,0.8726628903120255,0.8275074669682018,0.7330268529653488,0.9291247149524592,0.7239978150428172,63,0.746031746031746,0.9215686274509804,0.0,0.0,0.746031746031746
high,42,sensor_506_multivar_labeled,drift,0.25,mean_shift_12_72,0,5217,512,0,0.9106301274218886,0.0,0.0,0.0,0.0893698725781113,0.0,0.9106301274218886,0.4553150637109443,0.0,-0.0089369872578111,,,0,,,,,
high,42,sensor_506_multivar_labeled,flat,0.775,flat_std_w36,0,4890,229,610,0.8535521033339152,0.0,0.0,0.0,0.0447352998632545,1.0,0.9552647001367456,0.4776323500683727,-0.0704382810649091,-0.0044735299863254,0.737552000102479,0.2660835275583254,2,0.0,0.0,,,0.0
high,42,sensor_506_multivar_labeled,dropout,0.75,dropout_w24,211,5428,72,18,0.9842904520858788,0.7455830388692579,0.9213973799126638,0.82421875,0.013090909090909,0.0786026200873362,0.986909090909091,0.9541532354108774,0.8211064389427264,0.757846016395097,0.9743243350535928,0.747436781123692,1,1.0,0.1111111111111111,10.0,10.0,1.0
high,42,sensor_507_multivar_labeled,spike,0.65,z_w21_t3,13,1974,3,7,0.9949924887330996,0.8125,0.65,0.7222222222222223,0.0015174506828528,0.35,0.9984825493171472,0.8242412746585737,0.7242931820393889,0.6417232549317147,0.9759104704097116,0.6336254387134035,19,0.6842105263157895,0.8125,0.0,0.0,0.6842105263157895
high,42,sensor_507_multivar_labeled,drift,0.2749999999999999,ewma_s48_w96_t2.2,24,1666,119,188,0.8462694041061593,0.1678321678321678,0.1132075471698113,0.1352112676056338,0.0666666666666666,0.8867924528301887,0.9333333333333332,0.5232704402515723,0.0556030676459058,0.1133154930816371,0.5416402410020613,0.1207316146481192,1,1.0,0.1458333333333333,2.0,2.0,1.0
high,42,sensor_507_multivar_labeled,flat,0.775,low_range_w24,0,1865,26,106,0.9339008512769154,0.0,0.0,0.0,0.0137493389740877,1.0,0.9862506610259122,0.4931253305129561,-0.0271925872107689,-0.0013749338974087,0.9155158995440168,0.6257517574539396,1,0.0,0.0,,,0.0
high,42,sensor_507_multivar_labeled,dropout,0.7,flat_std_w18,0,1957,40,0,0.9799699549323986,0.0,0.0,0.0,0.0200300450676014,0.0,0.9799699549323986,0.4899849774661993,0.0,-0.0020030045067601,,,0,,,,,
high,42,sensor_508_multivar_labeled,spike,0.7999999999999999,z_w21_t3,14,1915,2,10,0.9938176197836168,0.875,0.5833333333333334,0.7000000000000001,0.0010432968179447,0.4166666666666667,0.9989567031820552,0.7911450182576943,0.7116733089307141,0.6211456703182056,0.9683424621804904,0.6016716689878114,24,0.5833333333333334,0.875,0.0,0.0,0.5833333333333334
high,42,sensor_508_multivar_labeled,drift,0.2249999999999999,ewma_s48_w96_t2.2,0,1760,181,0,0.9067490984028852,0.0,0.0,0.0,0.0932509015971148,0.0,0.9067490984028852,0.4533745492014425,0.0,-0.0093250901597114,,,0,,,,,
high,42,sensor_508_multivar_labeled,flat,0.75,flat_std_w18,0,1933,8,0,0.9958784131890778,0.0,0.0,0.0,0.0041215868109222,0.0,0.9958784131890778,0.4979392065945389,0.0,-0.0004121586810922,,,0,,,,,
high,42,sensor_508_multivar_labeled,dropout,0.7999999999999999,dropout_w24,0,1936,5,0,0.9974240082431736,0.0,0.0,0.0,0.0025759917568263,0.0,0.9974240082431736,0.4987120041215868,0.0,-0.0002575991756826,,,0,,,,,
high,42,sensor_509_multivar_labeled,spike,0.775,z_w21_t3,118,12707,0,20,0.9984429739198132,1.0,0.855072463768116,0.921875,0.0,0.144927536231884,1.0,0.927536231884058,0.9239744312880284,0.8213654891304348,0.9722277347986902,0.9151871704401516,136,0.8529411764705882,1.0,0.0,0.0,0.8529411764705882
high,42,sensor_509_multivar_labeled,drift,0.05,ewma_s48_w96_t2.2,139,10299,1042,1365,0.8126119112495134,0.117696867061812,0.0924202127659574,0.1035381750465549,0.0918790230138435,0.9075797872340424,0.9081209769861563,0.500270594876057,0.0006022134533111,0.0827848703586244,0.5004207397092455,0.1178026577735953,2,1.0,0.1099830795262267,62.0,62.0,1.0
high,42,sensor_509_multivar_labeled,flat,0.675,flat_std_w36,651,11245,915,34,0.9261191124951343,0.4157088122605364,0.9503649635036496,0.5784095957352288,0.0752467105263157,0.0496350364963503,0.9247532894736842,0.9375591264886668,0.6009628673083984,0.6002254579183968,0.9331844266231272,0.4340944984072171,1,1.0,0.027027027027027,17.0,17.0,1.0
high,42,sensor_509_multivar_labeled,dropout,0.875,flat_std_w18,490,12036,296,23,0.97516543402102,0.6234096692111959,0.9551656920077972,0.7544264819091607,0.0240025948751216,0.0448343079922027,0.9759974051248784,0.9655815485663376,0.7607365385481957,0.7171528153556287,0.9752819808558408,0.6054199607025516,1,1.0,0.0232558139534883,12.0,12.0,1.0
high,42,sensor_510_multivar_labeled,spike,0.75,z_w21_t3,87,9490,8,31,0.9959442595673876,0.9157894736842104,0.7372881355932204,0.8169014084507042,0.0008422825858075,0.2627118644067797,0.9991577174141923,0.8682229265037065,0.8197752872029308,0.7260762672748339,0.941663008447809,0.7590554049806365,115,0.7565217391304347,0.9157894736842104,0.0114942528735632,0.0,0.7565217391304347
high,42,sensor_510_multivar_labeled,drift,0.25,slope_w36_t2.2,35,8193,398,990,0.8556572379367721,0.0808314087759815,0.0341463414634146,0.0480109739368998,0.0463275520893958,0.9658536585365852,0.953672447910604,0.4939093946870094,-0.0181275037878474,0.0393407968180869,0.4763159403913909,0.1046286368673991,1,1.0,0.0933734939759036,31.0,31.0,1.0
high,42,sensor_510_multivar_labeled,flat,0.775,flat_std_w36,61,8960,144,451,0.9381239600665556,0.2975609756097561,0.119140625,0.1701534170153416,0.015817223198594,0.880859375,0.984182776801406,0.551661700900703,0.1606034920897273,0.1553636491785077,0.9563734862423108,0.5344091438080453,1,1.0,0.25,81.0,81.0,1.0
high,42,sensor_510_multivar_labeled,dropout,0.85,flat_std_w18,0,9351,265,0,0.9724417637271214,0.0,0.0,0.0,0.0275582362728785,0.0,0.9724417637271214,0.4862208818635607,0.0,-0.0027558236272878,,,0,,,,,
high,42,sensor_511_multivar_labeled,spike,0.75,z_w21_t3,40,4011,1,9,0.997537552327013,0.975609756097561,0.8163265306122449,0.888888888888889,0.0002492522432701,0.1836734693877551,0.9997507477567298,0.9080386391844874,0.8912608573382999,0.7912144973739805,0.9694716869798768,0.8337081573317338,49,0.8163265306122449,0.975609756097561,0.0,0.0,0.8163265306122449
high,42,sensor_511_multivar_labeled,drift,0.25,ewma_s48_w96_t2.2,0,3718,343,0,0.9155380448165475,0.0,0.0,0.0,0.0844619551834523,0.0,0.9155380448165475,0.4577690224082738,0.0,-0.0084461955183452,,,0,,,,,
high,42,sensor_511_multivar_labeled,flat,0.25,low_range_w24,400,3161,468,32,0.8768776163506525,0.4608294930875576,0.925925925925926,0.6153846153846154,0.1289611463213006,0.074074074074074,0.8710388536786994,0.8984823898023127,0.5993978276350533,0.6109291640318584,0.9378147867487217,0.7246679524337768,2,1.0,0.0416666666666666,5.0,5.0,1.0
high,42,sensor_511_multivar_labeled,dropout,0.675,dropout_w24,0,3983,78,0,0.9807929081507016,0.0,0.0,0.0,0.0192070918492982,0.0,0.9807929081507016,0.4903964540753509,0.0,-0.0019207091849298,,,0,,,,,
high,777,sensor_501_multivar_labeled,spike,0.75,z_w21_t3,5,1732,1,7,0.9954154727793696,0.8333333333333334,0.4166666666666667,0.5555555555555556,0.0005770340450086,0.5833333333333334,0.9994229659549914,0.708044816310829,0.5874235900355612,0.4999422965954991,0.8883198692056165,0.3638105216459092,12,0.4166666666666667,0.8333333333333334,0.0,0.0,0.4166666666666667
high,777,sensor_501_multivar_labeled,drift,0.75,ewma_s24_w48_t2.5,0,1373,0,372,0.7868194842406877,0.0,0.0,0.0,0.0,1.0,1.0,0.5,0.0,0.0,0.4897778978612097,0.2074453480343941,2,0.0,0.0,,,0.0
high,777,sensor_501_multivar_labeled,flat,0.775,flat_std_w18,0,1740,5,0,0.997134670487106,0.0,0.0,0.0,0.0028653295128939,0.0,0.997134670487106,0.498567335243553,0.0,-0.0002865329512893,,,0,,,,,
high,777,sensor_501_multivar_labeled,dropout,0.85,dropout_w24,0,1733,12,0,0.9931232091690544,0.0,0.0,0.0,0.0068767908309455,0.0,0.9931232091690544,0.4965616045845272,0.0,-0.0006876790830945,,,0,,,,,
high,777,sensor_502_multivar_labeled,spike,0.675,z_w21_t3,14,1923,2,8,0.994863893168978,0.875,0.6363636363636364,0.7368421052631579,0.001038961038961,0.3636363636363636,0.9989610389610388,0.8176623376623376,0.7438259101012744,0.6536341421736158,0.9253246753246752,0.6734627915418268,22,0.6363636363636364,0.875,0.0,0.0,0.6363636363636364
high,777,sensor_502_multivar_labeled,drift,0.25,ewma_s24_w48_t2.5,0,1864,83,0,0.9573703133025168,0.0,0.0,0.0,0.0426296866974833,0.0,0.9573703133025168,0.4786851566512583,0.0,-0.0042629686697483,,,0,,,,,
high,777,sensor_502_multivar_labeled,flat,0.775,flat_std_w18,13,1533,105,296,0.7940421160760144,0.1101694915254237,0.0420711974110032,0.0608899297423887,0.0641025641025641,0.9579288025889968,0.935897435897436,0.4889843166542196,-0.0337388108123484,0.050136994925933,0.7366993847576371,0.4018583646009575,3,0.6666666666666666,0.3333333333333333,68.0,68.0,0.0
high,777,sensor_502_multivar_labeled,dropout,0.65,flat_std_w18,69,1765,105,8,0.9419619928094504,0.396551724137931,0.8961038961038961,0.549800796812749,0.0561497326203208,0.1038961038961039,0.9438502673796793,0.9199770817417876,0.5738425676273824,0.5701093127555634,0.9393846794916314,0.4160629301708452,1,1.0,0.125,0.0,0.0,1.0
high,777,sensor_505_multivar_labeled,spike,0.825,z_w21_t3,14,1960,0,7,0.9964664310954064,1.0,0.6666666666666666,0.8,0.0,0.3333333333333333,1.0,0.8333333333333333,0.8150424451682624,0.7100000000000001,0.9328231292517006,0.7704277647454741,21,0.6666666666666666,1.0,0.0,0.0,0.6666666666666666
high,777,sensor_505_multivar_labeled,drift,0.725,mean_shift_12_72,4,1713,5,259,0.8667339727410399,0.4444444444444444,0.0152091254752851,0.0294117647058823,0.0029103608847497,0.9847908745247148,0.9970896391152504,0.5061493822952677,0.0620549218151049,0.0841736623384243,0.5131685530526698,0.1498967185507018,2,0.5,0.4,98.0,98.0,0.0
high,777,sensor_505_multivar_labeled,flat,0.7999999999999999,flat_std_w18,0,1722,49,210,0.8692579505300353,0.0,0.0,0.0,0.0276679841897233,1.0,0.9723320158102768,0.4861660079051383,-0.0548396716423383,-0.0027667984189723,0.6928531096232959,0.2486272415107305,2,0.0,0.0,,,0.0
high,777,sensor_505_multivar_labeled,dropout,0.7999999999999999,dropout_w24,59,1901,1,20,0.9893992932862192,0.9833333333333332,0.7468354430379747,0.8489208633093525,0.0005257623554153,0.2531645569620253,0.9994742376445848,0.8731548403412797,0.8521157044158629,0.7535124451650594,0.9315211170120724,0.8319256572249352,1,1.0,0.5,9.0,9.0,1.0
high,777,sensor_506_multivar_labeled,spike,0.7999999999999999,z_w21_t3,44,5668,3,14,0.9970326409495548,0.9361702127659576,0.7586206896551724,0.8380952380952381,0.0005290072297654,0.2413793103448276,0.9994709927702344,0.8790458412127035,0.8413292895762633,0.7451016952313259,0.9689329863370204,0.7729411331138651,58,0.7586206896551724,0.9361702127659576,0.0,0.0,0.7586206896551724
high,777,sensor_506_multivar_labeled,drift,0.05,ewma_s48_w96_t2.2,83,4322,796,528,0.7688950951300402,0.0944254835039817,0.1358428805237315,0.1114093959731543,0.1555295037123876,0.8641571194762684,0.8444704962876124,0.490156688405672,-0.0168607414130258,0.0894979644993974,0.489042396496688,0.1037930340643426,1,1.0,0.1087719298245614,0.0,0.0,1.0
high,777,sensor_506_multivar_labeled,flat,0.3749999999999999,low_range_w24,0,5183,546,0,0.9046954093209983,0.0,0.0,0.0,0.0953045906790015,0.0,0.9046954093209983,0.4523477046604992,0.0,-0.0095304590679001,,,0,,,,,
high,777,sensor_506_multivar_labeled,dropout,0.9,dropout_w24,0,5677,52,0,0.9909233723162856,0.0,0.0,0.0,0.0090766276837144,0.0,0.9909233723162856,0.4954616861581428,0.0,-0.0009076627683714,,,0,,,,,
high,777,sensor_507_multivar_labeled,spike,0.725,z_w21_t3,16,1971,3,7,0.9949924887330996,0.8421052631578947,0.6956521739130435,0.761904761904762,0.0015197568389057,0.3043478260869565,0.9984802431610942,0.8470662085370688,0.7629391043551023,0.6777166088208495,0.951191577463548,0.7087438204749987,23,0.6956521739130435,0.8421052631578947,0.0,0.0,0.6956521739130435
high,777,sensor_507_multivar_labeled,drift,0.25,ewma_s48_w96_t2.2,21,1652,133,191,0.8377566349524287,0.1363636363636363,0.0990566037735849,0.1147540983606557,0.0745098039215686,0.9009433962264152,0.9254901960784314,0.5122733999260082,0.0283438534710222,0.0943598904567591,0.5065892394693727,0.1116754223912874,1,1.0,0.125,6.0,6.0,1.0
high,777,sensor_507_multivar_labeled,flat,0.7999999999999999,flat_std_w36,7,1759,26,205,0.8843264897346019,0.2121212121212121,0.0330188679245283,0.0571428571428571,0.0145658263305322,0.9669811320754716,0.9854341736694678,0.509226520796998,0.0445889545352944,0.0659815452767728,0.6768894350192908,0.3429261345966683,2,0.5,0.5,38.0,38.0,0.0
high,777,sensor_507_multivar_labeled,dropout,0.725,flat_std_w18,0,1955,42,0,0.9789684526790186,0.0,0.0,0.0,0.0210315473209814,0.0,0.9789684526790186,0.4894842263395093,0.0,-0.0021031547320981,,,0,,,,,
high,777,sensor_508_multivar_labeled,spike,0.775,z_w21_t3,15,1918,1,7,0.9958784131890778,0.9375,0.6818181818181818,0.7894736842105263,0.0005211047420531,0.3181818181818182,0.9994788952579468,0.8406485385380643,0.7976456392673567,0.700381501965986,0.9376569235870956,0.6506365600161677,22,0.6818181818181818,0.9375,0.0,0.0,0.6818181818181818
high,777,sensor_508_multivar_labeled,drift,0.25,mean_shift_12_72,8,1580,155,198,0.8181349819680577,0.0490797546012269,0.0388349514563106,0.043360433604336,0.0893371757925072,0.9611650485436892,0.9106628242074928,0.4747488878319017,-0.0560833795382156,0.0295909261697777,0.4631291793738283,0.1027153612617512,1,1.0,0.0434782608695652,44.0,44.0,0.0
high,777,sensor_508_multivar_labeled,flat,0.6,flat_std_w18,0,1879,62,0,0.9680577022153528,0.0,0.0,0.0,0.031942297784647,0.0,0.9680577022153528,0.4840288511076764,0.0,-0.0031942297784647,,,0,,,,,
high,777,sensor_508_multivar_labeled,dropout,0.7,flat_std_w18,59,1859,5,18,0.9881504379185988,0.921875,0.7662337662337663,0.8368794326241135,0.0026824034334763,0.2337662337662337,0.9973175965665236,0.881775681400145,0.8346116641489376,0.7444788842076333,0.9328772086282816,0.7662325643150028,1,1.0,0.5,10.0,10.0,1.0
high,777,sensor_509_multivar_labeled,spike,0.775,z_w21_t3,111,12708,2,24,0.9979758660957572,0.9823008849557522,0.8222222222222222,0.8951612903225806,0.0001573564122738,0.1777777777777777,0.9998426435877262,0.9110324329049742,0.8977557804225285,0.7968186444139633,0.9739207972724888,0.8764059844819554,134,0.8283582089552238,0.9910714285714286,0.0,0.0,0.8283582089552238
high,777,sensor_509_multivar_labeled,drift,0.25,ewma_s24_w48_t2.5,21,11623,880,321,0.90650058388478,0.0233074361820199,0.0614035087719298,0.0337892196299276,0.070383108054067,0.9385964912280702,0.929616891945933,0.4955102003589314,-0.005660304986554,0.0300840060869426,0.5063505226581877,0.0267840324849426,1,1.0,0.0350553505535055,0.0,0.0,1.0
high,777,sensor_509_multivar_labeled,flat,0.75,flat_std_w36,203,10283,1192,1167,0.8163487738419618,0.1455197132616487,0.1481751824817518,0.1468354430379747,0.1038779956427015,0.8518248175182481,0.8961220043572985,0.5221485934195251,0.0439463621302286,0.1219686615365913,0.6498008682791852,0.1851186035108577,2,0.5,0.4,0.0,0.0,0.5
high,777,sensor_509_multivar_labeled,dropout,0.7999999999999999,dropout_w24,983,11554,265,43,0.9760217983651226,0.7876602564102564,0.9580896686159844,0.8645558487247141,0.0224215246636771,0.0419103313840155,0.9775784753363228,0.9678340719761536,0.8564574057858885,0.7923839185060874,0.9843475261279332,0.77814041897283,2,1.0,0.0625,11.5,11.5,1.0
high,777,sensor_510_multivar_labeled,spike,0.85,z_w21_t3,91,9498,0,27,0.9971921797004992,1.0,0.7711864406779662,0.8708133971291866,0.0,0.2288135593220339,1.0,0.8855932203389831,0.876926679018082,0.7732219609115238,0.9501353540977404,0.8384052163189837,114,0.7807017543859649,1.0,0.0,0.0,0.7807017543859649
high,777,sensor_510_multivar_labeled,drift,0.05,slope_w36_t2.2,42,8376,984,214,0.8754159733777038,0.0409356725146198,0.1640625,0.0655226209048362,0.1051282051282051,0.8359375,0.8948717948717949,0.5294671474358974,0.0307295171610931,0.0743314597715487,0.5278908754006411,0.0282744434578922,1,1.0,0.045766590389016,5.0,5.0,1.0
high,777,sensor_510_multivar_labeled,flat,0.4999999999999999,flat_std_w18,405,8277,827,107,0.9028702163061564,0.3287337662337662,0.791015625,0.4644495412844037,0.0908391915641476,0.208984375,0.9091608084358525,0.8500882167179262,0.4703569932195087,0.4865331268566318,0.9003659534957162,0.3620111181474235,1,1.0,0.2432432432432432,11.0,11.0,1.0
high,777,sensor_510_multivar_labeled,dropout,0.825,flat_std_w18,361,8952,280,23,0.9684900166389352,0.5631825273010921,0.9401041666666666,0.7043902439024391,0.0303292894280762,0.0598958333333333,0.9696707105719238,0.9548874386192951,0.7141693483539846,0.6804513099084538,0.972347512953134,0.5468019555133486,1,1.0,0.0416666666666666,12.0,12.0,1.0
high,777,sensor_511_multivar_labeled,spike,0.875,z_w21_t3,35,4011,0,15,0.9963063284905196,1.0,0.7,0.8235294117647058,0.0,0.3,1.0,0.85,0.8350999654592168,0.7305882352941176,0.9651907255048616,0.7856744884159197,49,0.6938775510204082,1.0,0.0,0.0,0.6938775510204082
high,777,sensor_511_multivar_labeled,drift,0.25,ewma_s48_w96_t2.2,47,3227,293,494,0.8062053681359271,0.138235294117647,0.0868761552680221,0.1066969353007945,0.0832386363636363,0.9131238447319778,0.9167613636363636,0.5018187594521929,0.0044627846416131,0.0864878979470476,0.4956089312720551,0.131522570226219,2,1.0,0.1089108910891089,24.0,24.0,1.0
high,777,sensor_511_multivar_labeled,flat,0.7,flat_std_w36,133,3670,175,83,0.9364688500369368,0.4318181818181818,0.6157407407407407,0.5076335877862596,0.0455136540962288,0.3842592592592592,0.9544863459037712,0.7851135433222559,0.4833461351287098,0.4733786985891434,0.900858498290228,0.3851729960003673,1,1.0,0.6428571428571429,13.0,13.0,1.0
high,777,sensor_511_multivar_labeled,dropout,0.875,dropout_w24,145,3873,26,17,0.989411475006156,0.847953216374269,0.8950617283950617,0.8708708708708708,0.0066683765067966,0.1049382716049382,0.9933316234932034,0.9441966759441324,0.8656983084922211,0.786936555215871,0.9915196679110504,0.8270082670316916,1,1.0,0.2,6.0,6.0,1.0
high,999,sensor_501_multivar_labeled,spike,0.775,z_w21_t3,13,1718,1,13,0.9919770773638968,0.9285714285714286,0.5,0.65,0.0005817335660267,0.5,0.9994182664339732,0.7497091332169866,0.6782291995473384,0.5817275409291117,0.9226741844542892,0.5229179763572454,25,0.52,0.9285714285714286,0.0,0.0,0.52
high,999,sensor_501_multivar_labeled,drift,0.2249999999999999,ewma_s48_w96_t2.2,52,1226,147,320,0.732378223495702,0.2613065326633166,0.1397849462365591,0.1821366024518388,0.1070648215586307,0.8602150537634409,0.8929351784413693,0.5163600623389641,0.0421590101382007,0.1523864527179296,0.5315395218068902,0.2229613435249386,2,1.0,0.2564102564102564,9.5,9.5,1.0
high,999,sensor_501_multivar_labeled,flat,0.775,flat_std_w36,0,1647,5,93,0.943839541547278,0.0,0.0,0.0,0.0030266343825665,1.0,0.9969733656174334,0.4984866828087167,-0.0127188202838565,-0.0003026634382566,0.535785883516884,0.0728893226543702,1,0.0,0.0,,,0.0
high,999,sensor_501_multivar_labeled,dropout,0.7999999999999999,flat_std_w18,0,1722,23,0,0.9868194842406875,0.0,0.0,0.0,0.0131805157593123,0.0,0.9868194842406875,0.4934097421203438,0.0,-0.0013180515759312,,,0,,,,,
high,999,sensor_502_multivar_labeled,spike,0.675,z_w21_t3,17,1920,2,8,0.994863893168978,0.8947368421052632,0.68,0.7727272727272727,0.0010405827263267,0.32,0.9989594172736732,0.8394797086368366,0.7776070639701258,0.6858337407704295,0.9418418314255984,0.7000062154071272,24,0.6666666666666666,0.8888888888888888,0.0,0.0,0.6666666666666666
high,999,sensor_502_multivar_labeled,drift,0.05,ewma_s48_w96_t2.2,0,1658,289,0,0.8515665125834617,0.0,0.0,0.0,0.1484334874165382,0.0,0.8515665125834617,0.4257832562917308,0.0,-0.0148433487416538,,,0,,,,,
high,999,sensor_502_multivar_labeled,flat,0.675,flat_std_w18,0,1881,66,0,0.9661016949152542,0.0,0.0,0.0,0.0338983050847457,0.0,0.9661016949152542,0.4830508474576271,0.0,-0.0033898305084745,,,0,,,,,
high,999,sensor_502_multivar_labeled,dropout,0.7999999999999999,dropout_w24,0,1839,108,0,0.9445300462249616,0.0,0.0,0.0,0.0554699537750385,0.0,0.9445300462249616,0.4722650231124807,0.0,-0.0055469953775038,,,0,,,,,
high,999,sensor_505_multivar_labeled,spike,0.675,z_w21_t3,13,1963,1,4,0.9974760222110044,0.9285714285714286,0.7647058823529411,0.8387096774193549,0.0005091649694501,0.2352941176470588,0.99949083503055,0.8820983586917455,0.8414613494141675,0.7460659173333614,0.9799179345872768,0.7924047376851754,17,0.7647058823529411,0.9285714285714286,0.0,0.0,0.7647058823529411
high,999,sensor_505_multivar_labeled,drift,0.05,ewma_s48_w96_t2.2,6,1665,264,46,0.8435133770822817,0.0222222222222222,0.1153846153846153,0.0372670807453416,0.1368584758942457,0.8846153846153846,0.8631415241057543,0.4892630697451848,-0.0100062425628246,0.0410330566946971,0.4884455875902221,0.0262874455296314,1,1.0,0.0303030303030303,0.0,0.0,1.0
high,999,sensor_505_multivar_labeled,flat,0.625,flat_std_w18,80,1876,0,25,0.9873801110550228,1.0,0.7619047619047619,0.8648648648648648,0.0,0.238095238095238,1.0,0.8809523809523809,0.8671130104094402,0.7677606177606177,0.9398136866686972,0.8780107805196328,1,1.0,1.0,9.0,9.0,1.0
high,999,sensor_505_multivar_labeled,dropout,0.7999999999999999,dropout_w24,0,1980,1,0,0.9994952044422007,0.0,0.0,0.0,0.000504795557799,0.0,0.9994952044422007,0.4997476022211004,0.0,-5.047955577990914e-05,,,0,,,,,
high,999,sensor_506_multivar_labeled,spike,0.7999999999999999,z_w21_t3,36,5672,4,17,0.9963344388200384,0.9,0.6792452830188679,0.7741935483870968,0.0007047216349541,0.320754716981132,0.9992952783650458,0.8392702806919569,0.7801659277427663,0.6870902095163585,0.9346902548964856,0.6922747428081548,53,0.6792452830188679,0.9,0.0,0.0,0.6792452830188679
high,999,sensor_506_multivar_labeled,drift,0.25,mean_shift_12_72,80,4520,598,531,0.8029324489439693,0.1179941002949852,0.1309328968903437,0.1241272304111714,0.11684251660805,0.8690671031096563,0.88315748339195,0.5070451901411468,0.0134644906494362,0.101151986135573,0.5142352430272413,0.1109722650988882,1,1.0,0.1229050279329608,53.0,53.0,1.0
high,999,sensor_506_multivar_labeled,flat,0.7,flat_std_w36,29,5115,309,276,0.8978879385582126,0.0857988165680473,0.0950819672131147,0.0902021772939346,0.0569690265486725,0.9049180327868852,0.9430309734513276,0.5190564703322211,0.0363152637581959,0.0762884897765448,0.6528667367861115,0.0929439660416052,1,1.0,0.1176470588235294,133.0,133.0,0.0
high,999,sensor_506_multivar_labeled,dropout,0.9,dropout_w24,209,5451,49,20,0.9879560132658404,0.810077519379845,0.9126637554585152,0.8583162217659138,0.0089090909090909,0.0873362445414847,0.9910909090909092,0.9518773322747124,0.853702252631485,0.7806621452482836,0.971458118300913,0.7665226700349136,1,1.0,0.1111111111111111,9.0,9.0,1.0
high,999,sensor_507_multivar_labeled,spike,0.625,z_w21_t3,11,1974,3,9,0.9939909864797196,0.7857142857142857,0.55,0.6470588235294117,0.0015174506828528,0.45,0.9984825493171472,0.7742412746585736,0.6545695101972633,0.5738818683770929,0.9634041476985332,0.5233160026417193,20,0.55,0.7857142857142857,0.0,0.0,0.55
high,999,sensor_507_multivar_labeled,drift,0.05,slope_w36_t2.2,13,1664,280,40,0.8397596394591887,0.0443686006825938,0.2452830188679245,0.0751445086705202,0.1440329218106996,0.7547169811320755,0.8559670781893004,0.5506250485286125,0.0459952419679143,0.0996519324834305,0.5505425498874136,0.0314121230696292,1,1.0,0.03125,0.0,0.0,1.0
high,999,sensor_507_multivar_labeled,flat,0.75,flat_std_w18,71,1736,49,141,0.9048572859288934,0.5916666666666667,0.3349056603773584,0.4277108433734939,0.0274509803921568,0.6650943396226415,0.9725490196078432,0.6537273399926008,0.398515657671927,0.3789464795920641,0.6628375878653349,0.2880766300945349,2,0.5,0.3333333333333333,18.0,18.0,0.5
high,999,sensor_507_multivar_labeled,dropout,0.75,dropout_w24,62,1898,20,17,0.9814722083124688,0.7560975609756098,0.7848101265822784,0.7701863354037267,0.0104275286757038,0.2151898734177215,0.9895724713242962,0.8871912989532873,0.7606802079927233,0.6943987701851316,0.9242816224706644,0.6595434148676453,1,1.0,0.1428571428571428,9.0,9.0,1.0
high,999,sensor_508_multivar_labeled,spike,0.7999999999999999,z_w21_t3,18,1917,1,5,0.9969088098918084,0.9473684210526316,0.782608695652174,0.8571428571428571,0.0005213764337851,0.217391304347826,0.9994786235662148,0.8910436596091944,0.8595872627872436,0.762550019924454,0.9876909824545496,0.8064026992980926,23,0.782608695652174,0.9473684210526316,0.0,0.0,0.782608695652174
high,999,sensor_508_multivar_labeled,drift,0.75,slope_w36_t2.2,0,1528,1,412,0.7872230808861411,0.0,0.0,0.0,0.000654022236756,1.0,0.999345977763244,0.499672988881622,-0.0117853911303182,-6.540222367560498e-05,0.4796848311289186,0.2067022481494763,2,0.0,0.0,,,0.0
high,999,sensor_508_multivar_labeled,flat,0.525,flat_std_w18,86,1714,124,17,0.927357032457496,0.4095238095238095,0.8349514563106796,0.5495207667731629,0.0674646354733405,0.1650485436893204,0.9325353645266594,0.8837434104186694,0.5538652412917927,0.5524518898223645,0.881308302608365,0.3767710384746007,1,1.0,0.2,6.0,6.0,1.0
high,999,sensor_508_multivar_labeled,dropout,0.75,dropout_w24,60,1800,64,17,0.9582689335394128,0.4838709677419355,0.7792207792207793,0.5970149253731344,0.0343347639484978,0.2207792207792207,0.965665236051502,0.8724430076361407,0.594524602380075,0.5715701189505848,0.9185942812552256,0.4202839493449521,1,1.0,0.5,9.0,9.0,1.0
high,999,sensor_509_multivar_labeled,spike,0.775,z_w21_t3,118,12697,0,30,0.9976644608797196,1.0,0.7972972972972973,0.8872180451127819,0.0,0.2027027027027027,1.0,0.8986486486486487,0.8918620484107627,0.7884373094899411,0.9698508266477076,0.8713248301681715,145,0.8,1.0,0.0,0.0,0.8
high,999,sensor_509_multivar_labeled,drift,0.05,ewma_s48_w96_t2.2,38,11229,1186,392,0.8771506422732581,0.0310457516339869,0.0883720930232558,0.0459492140266021,0.0955296012887635,0.9116279069767442,0.9044703987112364,0.496421245867246,-0.0043848726883564,0.0422926768351694,0.4968323202427671,0.0339159603720345,1,1.0,0.0279605263157894,13.0,13.0,1.0
high,999,sensor_509_multivar_labeled,flat,0.65,flat_std_w36,668,11174,986,17,0.9219151420786298,0.403869407496977,0.9751824817518248,0.5711842667806755,0.0810855263157894,0.0248175182481751,0.9189144736842104,0.9470484777180176,0.599783464905104,0.602059523069819,0.9386661424318096,0.412376554901644,1,1.0,0.0263157894736842,0.0,0.0,1.0
high,999,sensor_509_multivar_labeled,dropout,0.825,flat_std_w18,502,12033,299,11,0.975866095757104,0.6267166042446941,0.9785575048732944,0.7640791476407913,0.0242458644177748,0.0214424951267056,0.9757541355822252,0.9771558202277596,0.7727945139922164,0.7289857720952709,0.9866690977813944,0.6219873806966351,1,1.0,0.0285714285714285,0.0,0.0,1.0
high,999,sensor_510_multivar_labeled,spike,0.825,z_w21_t3,88,9499,1,28,0.9969841930116472,0.9887640449438202,0.7586206896551724,0.8585365853658535,0.0001052631578947,0.2413793103448276,0.9998947368421052,0.8792577132486388,0.864733191633983,0.7622317507369694,0.9464287658802178,0.8236646149352487,115,0.7652173913043478,0.9887640449438202,0.0,0.0,0.7652173913043478
high,999,sensor_510_multivar_labeled,drift,0.05,ewma_s48_w96_t2.2,19,8253,998,346,0.8602329450915142,0.0186823992133726,0.0520547945205479,0.0274963820549927,0.1078802291644146,0.947945205479452,0.8921197708355854,0.4720872826780666,-0.0346887327797461,0.0200041472464755,0.4723632987474142,0.0371731407115645,1,1.0,0.0240384615384615,6.0,6.0,1.0
high,999,sensor_510_multivar_labeled,flat,0.775,flat_std_w36,109,8593,511,403,0.9049500831946756,0.1758064516129032,0.212890625,0.1925795053003533,0.0561291739894551,0.787109375,0.9438708260105448,0.5783807255052724,0.1433077942779227,0.1712860152281489,0.9439121239633677,0.4094364364796766,1,1.0,0.4,134.0,134.0,0.0
high,999,sensor_510_multivar_labeled,dropout,0.825,flat_std_w18,370,8944,288,14,0.9685940099833612,0.5623100303951368,0.9635416666666666,0.7101727447216891,0.0311958405545927,0.0364583333333333,0.9688041594454072,0.966172913056037,0.7230562178818054,0.6898671556285714,0.9761572914410024,0.5514444701807537,1,1.0,0.0454545454545454,3.0,3.0,1.0
high,999,sensor_511_multivar_labeled,spike,0.825,z_w21_t3,35,4012,1,13,0.9965525732578184,0.9722222222222222,0.7291666666666666,0.8333333333333333,0.0002491901320707,0.2708333333333333,0.9997508098679292,0.8644587382672979,0.8404257856747405,0.7395584143201261,0.9169210482598223,0.7559431936641254,48,0.7291666666666666,0.9722222222222222,0.0,0.0,0.7291666666666666
high,999,sensor_511_multivar_labeled,drift,0.25,ewma_s48_w96_t2.2,104,2763,432,762,0.7059837478453583,0.1940298507462686,0.1200923787528868,0.1483594864479315,0.1352112676056338,0.8799076212471132,0.8647887323943662,0.4924405555736265,-0.0182958375740291,0.1183728333788121,0.4962665394471008,0.2111438349325251,2,1.0,0.1864406779661017,19.5,19.5,1.0
high,999,sensor_511_multivar_labeled,flat,0.775,flat_std_w36,42,3515,114,390,0.8758926372814577,0.2692307692307692,0.0972222222222222,0.1428571428571428,0.031413612565445,0.9027777777777778,0.9685863874345548,0.5329043048283886,0.1055711505698568,0.1306956350804518,0.9474047794005084,0.6259543252942426,2,0.5,0.4615384615384615,19.0,19.0,0.5
high,999,sensor_511_multivar_labeled,dropout,0.725,dropout_w24,0,3871,190,0,0.953213494213248,0.0,0.0,0.0,0.046786505786752,0.0,0.953213494213248,0.476606747106624,0.0,-0.0046786505786752,,,0,,,,,
low,123,sensor_501_multivar_labeled,spike,0.775,z_w21_t3,3,1740,1,1,0.9988538681948425,0.75,0.75,0.75,0.0005743825387708,0.25,0.9994256174612292,0.8747128087306146,0.7494256174612292,0.674942561746123,0.9717834577828832,0.5240800865800865,4,0.75,0.75,0.0,0.0,0.75
low,123,sensor_501_multivar_labeled,drift,0.25,mean_shift_12_72,6,1533,155,51,0.8819484240687679,0.0372670807453416,0.1052631578947368,0.055045871559633,0.091824644549763,0.8947368421052632,0.908175355450237,0.506719256672487,0.0082543779283508,0.0527571872270808,0.4992672736343228,0.0338144382077478,2,0.5,0.0169491525423728,30.0,30.0,0.0
low,123,sensor_501_multivar_labeled,flat,0.3749999999999999,flat_std_w18,0,1676,69,0,0.960458452722063,0.0,0.0,0.0,0.0395415472779369,0.0,0.960458452722063,0.4802292263610315,0.0,-0.0039541547277936,,,0,,,,,
low,123,sensor_501_multivar_labeled,dropout,0.3749999999999999,dropout_w12,8,1645,83,9,0.9472779369627508,0.0879120879120879,0.4705882352941176,0.1481481481481481,0.0480324074074074,0.5294117647058824,0.9519675925925926,0.7112779139433552,0.18667750030734,0.2162267097009744,0.7006910403050111,0.0552545549848769,1,1.0,0.0714285714285714,5.0,5.0,0.0
low,123,sensor_502_multivar_labeled,spike,0.725,z_w21_t3,4,1943,0,0,1.0,1.0,1.0,1.0,0.0,0.0,1.0,1.0,1.0,0.9,1.0,1.0,4,1.0,1.0,0.0,0.0,1.0
low,123,sensor_502_multivar_labeled,drift,0.25,mean_shift_12_72,3,1729,155,60,0.8895737031330252,0.0189873417721519,0.0476190476190476,0.0271493212669683,0.0822717622080679,0.9523809523809524,0.917728237791932,0.4826736427054898,-0.0224550626863883,0.021123833900866,0.5252291645603747,0.033784767889652,2,1.0,0.032258064516129,24.5,24.5,0.0
low,123,sensor_502_multivar_labeled,flat,0.7999999999999999,flat_std_w18,0,1857,65,25,0.9537750385208013,0.0,0.0,0.0,0.0338189386056191,1.0,0.9661810613943808,0.4830905306971904,-0.0211953299392339,-0.0033818938605619,0.5801664932362123,0.0192992325154748,1,0.0,0.0,,,0.0
low,123,sensor_502_multivar_labeled,dropout,0.4249999999999999,dropout_w12,0,1779,168,0,0.9137134052388288,0.0,0.0,0.0,0.086286594761171,0.0,0.9137134052388288,0.4568567026194144,0.0,-0.0086286594761171,,,0,,,,,
low,123,sensor_505_multivar_labeled,spike,0.7999999999999999,z_w21_t3,2,1974,0,5,0.9974760222110044,1.0,0.2857142857142857,0.4444444444444445,0.0,0.7142857142857143,1.0,0.6428571428571428,0.533846813621989,0.4357142857142857,0.892567665364018,0.3543676525314596,7,0.2857142857142857,1.0,0.0,0.0,0.2857142857142857
low,123,sensor_505_multivar_labeled,drift,0.725,slope_w36_t2.2,0,1948,20,13,0.98334174659263,0.0,0.0,0.0,0.0101626016260162,1.0,0.9898373983739838,0.4949186991869919,-0.0082079618670109,-0.0010162601626016,0.4273373983739837,0.0065623422513881,1,0.0,0.0,,,0.0
low,123,sensor_505_multivar_labeled,flat,0.3749999999999999,flat_std_w18,12,1874,81,14,0.9520444220090865,0.1290322580645161,0.4615384615384615,0.2016806722689075,0.0414322250639386,0.5384615384615384,0.9585677749360614,0.7100531182372615,0.2260355320943244,0.2444294571858304,0.6873795002951014,0.0968677709913555,1,1.0,0.0625,6.0,6.0,0.0
low,123,sensor_505_multivar_labeled,dropout,0.175,dropout_w12,0,1856,125,0,0.9369005552751136,0.0,0.0,0.0,0.0630994447248864,0.0,0.9369005552751136,0.4684502776375568,0.0,-0.0063099444724886,,,0,,,,,
low,123,sensor_506_multivar_labeled,spike,0.825,z_w21_t3,9,5712,4,4,0.998603595740967,0.6923076923076923,0.6923076923076923,0.6923076923076923,0.0006997900629811,0.3076923076923077,0.9993002099370188,0.8458039511223556,0.6916079022447112,0.6230069440706248,0.9723852075146686,0.5601228516693656,13,0.6923076923076923,0.6923076923076923,0.0,0.0,0.6923076923076923
low,123,sensor_506_multivar_labeled,drift,0.25,slope_w36_t2.2,0,5134,595,0,0.8961424332344213,0.0,0.0,0.0,0.1038575667655786,0.0,0.8961424332344213,0.4480712166172106,0.0,-0.0103857566765578,,,0,,,,,
low,123,sensor_506_multivar_labeled,flat,0.75,flat_std_w36,0,5605,124,0,0.9783557339849888,0.0,0.0,0.0,0.0216442660150113,0.0,0.9783557339849888,0.4891778669924943,0.0,-0.0021644266015011,,,0,,,,,
low,123,sensor_506_multivar_labeled,dropout,0.7999999999999999,dropout_w12,41,5588,84,16,0.9825449467620876,0.328,0.7192982456140351,0.4505494505494505,0.0148095909732016,0.2807017543859649,0.9851904090267984,0.8522443273204168,0.478603061733184,0.4662557673341431,0.9736857570583723,0.2975645895189496,1,1.0,0.0909090909090909,8.0,8.0,1.0
low,123,sensor_507_multivar_labeled,spike,0.5499999999999999,z_w21_t3,4,1989,3,1,0.9979969954932398,0.5714285714285714,0.8,0.6666666666666666,0.0015060240963855,0.2,0.9984939759036144,0.8992469879518072,0.6751896168415948,0.6255636833046472,0.9781124497991968,0.6128901734104046,5,0.8,0.5714285714285714,0.0,0.0,0.8
low,123,sensor_507_multivar_labeled,drift,0.25,ewma_s48_w96_t2.2,0,1837,160,0,0.9198798197295944,0.0,0.0,0.0,0.0801201802704056,0.0,0.9198798197295944,0.4599399098647972,0.0,-0.0080120180270405,,,0,,,,,
low,123,sensor_507_multivar_labeled,flat,0.25,flat_std_w18,0,1901,96,0,0.9519278918377566,0.0,0.0,0.0,0.0480721081622433,0.0,0.9519278918377566,0.4759639459188783,0.0,-0.0048072108162243,,,0,,,,,
low,123,sensor_507_multivar_labeled,dropout,0.3,dropout_w12,10,1853,125,9,0.9328993490235352,0.074074074074074,0.5263157894736842,0.1298701298701298,0.0631951466127401,0.4736842105263157,0.9368048533872598,0.731560321430472,0.1790718667368958,0.2211278917335007,0.8466819221967963,0.0608858389526803,1,1.0,0.0666666666666666,5.0,5.0,0.0
low,123,sensor_508_multivar_labeled,spike,0.7999999999999999,z_w21_t3,2,1934,1,4,0.9974240082431736,0.6666666666666666,0.3333333333333333,0.4444444444444444,0.000516795865633,0.6666666666666666,0.999483204134367,0.6664082687338502,0.4703092214779791,0.3999483204134366,0.9097329888027564,0.2155697382645521,6,0.3333333333333333,0.6666666666666666,0.0,0.0,0.3333333333333333
low,123,sensor_508_multivar_labeled,drift,0.4999999999999999,ewma_s24_w48_t2.5,0,1830,60,51,0.9428129829984544,0.0,0.0,0.0,0.0317460317460317,1.0,0.9682539682539684,0.4841269841269841,-0.0293383316301893,-0.0031746031746031,0.4527959331880901,0.0252517992191853,1,0.0,0.0,,,0.0
low,123,sensor_508_multivar_labeled,flat,0.4249999999999999,flat_std_w18,0,1910,31,0,0.9840288511076764,0.0,0.0,0.0,0.0159711488923235,0.0,0.9840288511076764,0.4920144255538382,0.0,-0.0015971148892323,,,0,,,,,
low,123,sensor_508_multivar_labeled,dropout,0.3999999999999999,dropout_w12,0,1905,36,0,0.98145285935085,0.0,0.0,0.0,0.0185471406491499,0.0,0.98145285935085,0.490726429675425,0.0,-0.0018547140649149,,,0,,,,,
low,123,sensor_509_multivar_labeled,spike,0.7999999999999999,z_w21_t3,24,12814,1,6,0.9994550408719346,0.96,0.8,0.8727272727272728,7.803355442840422e-05,0.2,0.9999219664455716,0.8999609832227858,0.8760997142633445,0.77671946937183,0.9782702562101704,0.8301657935824087,30,0.8,0.96,0.0,0.0,0.8
low,123,sensor_509_multivar_labeled,drift,0.25,mean_shift_12_72,80,11253,908,604,0.8822888283378747,0.0809716599190283,0.1169590643274853,0.0956937799043062,0.074664912424965,0.8830409356725146,0.9253350875750348,0.5211470759512602,0.0356391332705131,0.0828291780005411,0.5210491572378579,0.0571325475638739,2,1.0,0.0632603406326034,50.5,50.5,1.0
low,123,sensor_509_multivar_labeled,flat,0.775,flat_std_w18,19,11955,548,323,0.932191514207863,0.0335097001763668,0.0555555555555555,0.0418041804180418,0.0438294809245781,0.9444444444444444,0.956170519075422,0.5058630373154888,0.0091900416275585,0.0361220547887826,0.901069357389314,0.2145672873636201,2,1.0,0.0425531914893617,69.0,69.0,0.0
low,123,sensor_509_multivar_labeled,dropout,0.75,dropout_w24,111,12158,559,17,0.9551576488906188,0.1656716417910447,0.8671875,0.2781954887218044,0.043956908075804,0.1328125,0.956043091924196,0.911615295962098,0.367745134093449,0.4057992753858883,0.9252179046748448,0.1498195852225012,1,1.0,0.0172413793103448,9.0,9.0,1.0
low,123,sensor_510_multivar_labeled,spike,0.85,z_w21_t3,29,9583,2,2,0.9995840266222962,0.935483870967742,0.935483870967742,0.935483870967742,0.0002086593635889,0.064516129032258,0.9997913406364112,0.9676376058020764,0.935275211604153,0.841914617934609,0.9998973530550086,0.940742567641631,31,0.935483870967742,0.935483870967742,0.0,0.0,0.935483870967742
low,123,sensor_510_multivar_labeled,drift,0.75,ewma_s24_w48_t2.5,0,9061,0,555,0.942283693843594,0.0,0.0,0.0,0.0,1.0,1.0,0.5,0.0,0.0,0.5062735950827773,0.0578715373156243,2,0.0,0.0,,,0.0
low,123,sensor_510_multivar_labeled,flat,0.775,flat_std_w18,0,9059,557,0,0.942075707154742,0.0,0.0,0.0,0.0579242928452579,0.0,0.942075707154742,0.471037853577371,0.0,-0.0057924292845257,,,0,,,,,
low,123,sensor_510_multivar_labeled,dropout,0.85,dropout_w24,76,9124,396,20,0.956738768718802,0.1610169491525423,0.7916666666666666,0.2676056338028169,0.0415966386554621,0.2083333333333333,0.958403361344538,0.8750350140056022,0.3451570866235994,0.3779154137186027,0.917573201155462,0.1406592636895462,1,1.0,0.0357142857142857,9.0,9.0,1.0
low,123,sensor_511_multivar_labeled,spike,0.9,z_w21_t3,5,4046,0,10,0.997537552327013,1.0,0.3333333333333333,0.5,0.0,0.6666666666666666,1.0,0.6666666666666666,0.5766381062576671,0.475,0.946251441753172,0.7125062980109584,15,0.3333333333333333,1.0,0.0,0.0,0.3333333333333333
low,123,sensor_511_multivar_labeled,drift,0.25,ewma_s48_w96_t2.2,0,3670,364,27,0.9037182959862105,0.0,0.0,0.0,0.090233019335647,1.0,0.909766980664353,0.4548834903321765,-0.0256708294674267,-0.0090233019335647,0.4136093207734259,0.0066486087170647,1,0.0,0.0,,,0.0
low,123,sensor_511_multivar_labeled,flat,0.7999999999999999,flat_std_w18,0,3893,168,0,0.9586308790938192,0.0,0.0,0.0,0.0413691209061807,0.0,0.9586308790938192,0.4793154395469096,0.0,-0.004136912090618,,,0,,,,,
low,123,sensor_511_multivar_labeled,dropout,0.825,dropout_w24,40,3907,74,40,0.9719280965279488,0.3508771929824561,0.5,0.4123711340206185,0.0185882943983923,0.5,0.9814117056016076,0.7407058528008038,0.4050155889542605,0.3863397598168075,0.8958710123084652,0.2596633212225669,2,1.0,0.25,9.5,9.5,0.0
low,321,sensor_501_multivar_labeled,spike,0.75,z_w21_t3,2,1740,1,2,0.9982808022922636,0.6666666666666666,0.5,0.5714285714285715,0.0005743825387708,0.5,0.9994256174612292,0.7497128087306146,0.5765214811954406,0.5070854188889801,0.8099511774842044,0.3368360867359121,4,0.5,0.6666666666666666,0.0,0.0,0.5
low,321,sensor_501_multivar_labeled,drift,0.525,ewma_s24_w48_t2.5,2,1606,47,90,0.9214899713467049,0.0408163265306122,0.0217391304347826,0.0283687943262411,0.02843315184513,0.9782608695652174,0.97156684815487,0.4966529892948262,-0.0090553757005675,0.0225668303723221,0.4828638312422736,0.0534000033326203,2,0.5,0.0344827586206896,20.0,20.0,0.0
low,321,sensor_501_multivar_labeled,flat,0.3249999999999999,flat_std_w18,0,1654,68,23,0.9478510028653296,0.0,0.0,0.0,0.0394889663182346,1.0,0.9605110336817654,0.4802555168408827,-0.0232720836615108,-0.0039488966318234,0.4564459930313589,0.0131805157593123,1,0.0,0.0,,,0.0
low,321,sensor_501_multivar_labeled,dropout,0.475,flat_std_w18,5,1690,38,12,0.97134670487106,0.1162790697674418,0.2941176470588235,0.1666666666666666,0.0219907407407407,0.7058823529411765,0.9780092592592592,0.6360634531590414,0.1724065687203417,0.1784780805086892,0.9680351307189542,0.138672155957819,1,1.0,0.2857142857142857,2.0,2.0,1.0
low,321,sensor_502_multivar_labeled,spike,0.825,z_w21_t3,2,1941,0,4,0.9979455572675912,1.0,0.3333333333333333,0.5,0.0,0.6666666666666666,1.0,0.6666666666666666,0.5767562872739453,0.475,0.8985917911729349,0.4385463962600477,6,0.3333333333333333,1.0,0.0,0.0,0.3333333333333333
low,321,sensor_502_multivar_labeled,drift,0.25,slope_w36_t2.2,7,1782,101,57,0.9188495120698512,0.0648148148148148,0.109375,0.0813953488372093,0.0536378120021242,0.890625,0.9463621879978756,0.5278685939989378,0.0434167648062864,0.0737988479987539,0.4933326141795007,0.0404147233580533,3,0.3333333333333333,0.0555555555555555,14.0,14.0,0.0
low,321,sensor_502_multivar_labeled,flat,0.675,flat_std_w36,0,1832,90,25,0.940934771443246,0.0,0.0,0.0,0.0468262226847034,1.0,0.9531737773152964,0.4765868886576482,-0.0251077973964466,-0.0046826222684703,0.4201352757544224,0.0128402670775552,1,0.0,0.0,,,0.0
low,321,sensor_502_multivar_labeled,dropout,0.3749999999999999,low_range_w24,0,1786,161,0,0.9173086800205444,0.0,0.0,0.0,0.0826913199794555,0.0,0.9173086800205444,0.4586543400102722,0.0,-0.0082691319979455,,,0,,,,,
low,321,sensor_505_multivar_labeled,spike,0.775,z_w21_t3,1,1978,0,2,0.9989904088844018,1.0,0.3333333333333333,0.5,0.0,0.6666666666666666,1.0,0.6666666666666666,0.5770586044732658,0.475,0.779406808223795,0.3568266346382588,3,0.3333333333333333,1.0,0.0,0.0,0.3333333333333333
low,321,sensor_505_multivar_labeled,drift,0.25,ewma_s24_w48_t2.5,0,1847,121,13,0.9323573952549218,0.0,0.0,0.0,0.0614837398373983,1.0,0.9385162601626016,0.4692581300813008,-0.0207298109827288,-0.0061483739837398,0.4280995934959349,0.0065623422513881,1,0.0,0.0,,,0.0
low,321,sensor_505_multivar_labeled,flat,0.35,flat_std_w18,0,1883,98,0,0.950530035335689,0.0,0.0,0.0,0.0494699646643109,0.0,0.950530035335689,0.4752650176678445,0.0,-0.004946996466431,,,0,,,,,
low,321,sensor_505_multivar_labeled,dropout,0.7999999999999999,dropout_w24,0,1957,5,19,0.9878849066128218,0.0,0.0,0.0,0.0025484199796126,1.0,0.9974515800203874,0.4987257900101937,-0.0049501553779155,-0.0002548419979612,0.8298460217822845,0.0887892318223109,1,0.0,0.0,,,0.0
low,321,sensor_506_multivar_labeled,spike,0.775,z_w21_t3,11,5710,4,4,0.998603595740967,0.7333333333333333,0.7333333333333333,0.7333333333333333,0.00070003500175,0.2666666666666666,0.99929996499825,0.8663166491657917,0.7326332983315832,0.6599299964998249,0.991109555477774,0.6069431606865985,15,0.7333333333333333,0.7333333333333333,0.0,0.0,0.7333333333333333
low,321,sensor_506_multivar_labeled,drift,0.75,mean_shift_12_72,0,5704,25,0,0.995636236690522,0.0,0.0,0.0,0.004363763309478,0.0,0.995636236690522,0.4978181183452609,0.0,-0.0004363763309478,,,0,,,,,
low,321,sensor_506_multivar_labeled,flat,0.5499999999999999,flat_std_w18,56,5399,254,20,0.95217315412812,0.1806451612903225,0.7368421052631579,0.2901554404145077,0.0449318945692552,0.2631578947368421,0.9550681054307448,0.8459551053469513,0.3499093971983859,0.3742261645020987,0.8639718547208283,0.211484063546515,1,1.0,0.048780487804878,7.0,7.0,1.0
low,321,sensor_506_multivar_labeled,dropout,0.575,dropout_w12,39,5545,127,18,0.974690172805027,0.2349397590361445,0.6842105263157895,0.3497757847533632,0.0223906911142454,0.3157894736842105,0.9776093088857546,0.830909917600772,0.3915946448221544,0.3956641557777475,0.8803525474476035,0.2459400739987113,1,1.0,0.0526315789473684,10.0,10.0,1.0
low,321,sensor_507_multivar_labeled,spike,0.775,z_w21_t3,5,1988,1,3,0.9979969954932398,0.8333333333333334,0.625,0.7142857142857143,0.0005027652086475,0.375,0.9994972347913524,0.8122486173956762,0.7207450187568103,0.6338782949077066,0.9601244343891404,0.5130424063116371,8,0.625,0.8333333333333334,0.0,0.0,0.625
low,321,sensor_507_multivar_labeled,drift,0.25,ewma_s48_w96_t2.2,0,1850,147,0,0.9263895843765648,0.0,0.0,0.0,0.0736104156234351,0.0,0.9263895843765648,0.4631947921882824,0.0,-0.0073610415623435,,,0,,,,,
low,321,sensor_507_multivar_labeled,flat,0.175,flat_std_w18,0,1800,197,0,0.901352028042063,0.0,0.0,0.0,0.0986479719579369,0.0,0.901352028042063,0.4506760140210315,0.0,-0.0098647971957936,,,0,,,,,
low,321,sensor_507_multivar_labeled,dropout,0.2249999999999999,dropout_w12,10,1864,114,9,0.9384076114171256,0.0806451612903225,0.5263157894736842,0.1398601398601398,0.057633973710819,0.4736842105263157,0.942366026289181,0.7343409078814326,0.1885334073768313,0.2271651766016346,0.7223936991112767,0.0493934128622409,1,1.0,0.0625,5.0,5.0,0.0
low,321,sensor_508_multivar_labeled,spike,0.775,z_w21_t3,4,1934,2,1,0.9984544049459042,0.6666666666666666,0.8,0.7272727272727272,0.0010330578512396,0.2,0.9989669421487604,0.8994834710743802,0.7295421340037144,0.6671694214876032,0.9976239669421488,0.6089743589743589,5,0.8,0.6666666666666666,0.0,0.0,0.8
low,321,sensor_508_multivar_labeled,drift,0.25,mean_shift_12_72,0,1709,232,0,0.880473982483256,0.0,0.0,0.0,0.1195260175167439,0.0,0.880473982483256,0.440236991241628,0.0,-0.0119526017516743,,,0,,,,,
low,321,sensor_508_multivar_labeled,flat,0.7999999999999999,flat_std_w18,0,1874,17,50,0.9654817104585264,0.0,0.0,0.0,0.0089899524061343,1.0,0.9910100475938656,0.4955050237969328,-0.0152848494196389,-0.0008989952406134,0.5604970914859863,0.0488130622597392,2,0.0,0.0,,,0.0
low,321,sensor_508_multivar_labeled,dropout,0.2249999999999999,dropout_w12,19,1830,92,0,0.9526017516743946,0.1711711711711711,1.0,0.2923076923076923,0.0478668054110301,0.0,0.9521331945889698,0.9760665972944848,0.4037050334448935,0.4524274566730342,0.999945232488088,0.9899749373433584,1,1.0,0.05,0.0,0.0,1.0
low,321,sensor_509_multivar_labeled,spike,0.775,z_w21_t3,32,12807,0,6,0.999532892175944,1.0,0.8421052631578947,0.9142857142857144,0.0,0.1578947368421052,1.0,0.9210526315789472,0.9174480512888122,0.8140601503759398,0.9658102271372973,0.8635371393615008,38,0.8421052631578947,1.0,0.0,0.0,0.8421052631578947
low,321,sensor_509_multivar_labeled,drift,0.25,ewma_s48_w96_t2.2,0,12232,613,0,0.9522771506422733,0.0,0.0,0.0,0.0477228493577267,0.0,0.9522771506422733,0.4761385753211366,0.0,-0.0047722849357726,,,0,,,,,
low,321,sensor_509_multivar_labeled,flat,0.6,flat_std_w18,0,11810,1035,0,0.9194239003503308,0.0,0.0,0.0,0.0805760996496691,0.0,0.9194239003503308,0.4597119501751654,0.0,-0.0080576099649669,,,0,,,,,
low,321,sensor_509_multivar_labeled,dropout,0.75,dropout_w24,112,12238,479,16,0.9614636045153756,0.1895093062605753,0.875,0.3115438108484005,0.0376661162223794,0.125,0.9623338837776204,0.9186669418888104,0.3969751375556989,0.4273544991986286,0.9572060283478808,0.1786219608928723,1,1.0,0.0169491525423728,8.0,8.0,1.0
low,321,sensor_510_multivar_labeled,spike,0.85,z_w21_t3,14,9594,0,8,0.9991680532445923,1.0,0.6363636363636364,0.7777777777777778,0.0,0.3636363636363636,1.0,0.8181818181818181,0.7973916501883623,0.6909090909090909,0.9779549718574108,0.6946929417054863,22,0.6363636363636364,1.0,0.0,0.0,0.6363636363636364
low,321,sensor_510_multivar_labeled,drift,0.25,ewma_s24_w48_t2.5,7,9020,340,249,0.9387479201331116,0.0201729106628242,0.02734375,0.0232172470978441,0.0363247863247863,0.97265625,0.9636752136752136,0.4955094818376068,-0.0077518111076309,0.0180443441609748,0.5084983890892094,0.0270736294604156,1,1.0,0.0290456431535269,8.0,8.0,1.0
low,321,sensor_510_multivar_labeled,flat,0.775,flat_std_w36,14,8896,464,242,0.9265806988352744,0.0292887029288702,0.0546875,0.0381471389645776,0.0495726495726495,0.9453125,0.9504273504273504,0.5025574252136752,0.0037883606777855,0.0330085030161255,0.6435302734374999,0.0747759212036979,2,0.5,0.0303030303030303,38.0,38.0,0.0
low,321,sensor_510_multivar_labeled,dropout,0.725,dropout_w24,164,9076,348,28,0.9608985024958404,0.3203125,0.8541666666666666,0.4659090909090909,0.0369269949066213,0.1458333333333333,0.9630730050933786,0.9086198358800226,0.5091744333536997,0.5102632664184288,0.9421462710455576,0.2992502591500947,2,1.0,0.0666666666666666,6.0,6.0,1.0
low,321,sensor_511_multivar_labeled,spike,0.875,z_w21_t3,6,4050,0,5,0.9987687761635066,1.0,0.5454545454545454,0.7058823529411764,0.0,0.4545454545454545,1.0,0.7727272727272727,0.7380934731556007,0.631283422459893,0.9926038159371492,0.807487556319592,11,0.5454545454545454,1.0,0.0,0.0,0.5454545454545454
low,321,sensor_511_multivar_labeled,drift,0.25,slope_w36_t2.2,15,3418,535,93,0.8453582861364196,0.0272727272727272,0.1388888888888889,0.0455927051671732,0.1353402479129775,0.8611111111111112,0.8646597520870225,0.5017743204879557,0.0016685552371213,0.0527402682915059,0.489378671613683,0.0306442359161792,1,1.0,0.0198675496688741,25.0,25.0,0.0
low,321,sensor_511_multivar_labeled,flat,0.4999999999999999,dropout_w12,59,3662,291,49,0.9162767791184436,0.1685714285714285,0.5462962962962963,0.2576419213973799,0.0736149759676195,0.4537037037037037,0.9263850240323804,0.7363406601643383,0.270996839239183,0.2977519702066621,0.8140020237794081,0.1486136794724084,2,1.0,0.05,7.5,7.5,1.0
low,321,sensor_511_multivar_labeled,dropout,0.7999999999999999,dropout_w24,48,3920,61,32,0.9770992366412212,0.4403669724770642,0.6,0.5079365079365079,0.0153227832202964,0.4,0.9846772167797035,0.7923386083898518,0.5027308498129444,0.4730941961209586,0.9029373901029892,0.3204982722079377,2,1.0,0.25,8.0,8.0,0.5
low,42,sensor_501_multivar_labeled,spike,0.775,z_w21_t3,1,1741,1,2,0.9982808022922636,0.5,0.3333333333333333,0.4,0.0005740528128587,0.6666666666666666,0.9994259471871412,0.6663796402602372,0.407428296323638,0.3549425947187141,0.7453119020283199,0.169813735143248,3,0.3333333333333333,0.5,0.0,0.0,0.3333333333333333
low,42,sensor_501_multivar_labeled,drift,0.525,ewma_s24_w48_t2.5,3,1609,44,89,0.92378223495702,0.0638297872340425,0.0326086956521739,0.0431654676258992,0.0266182698124621,0.967391304347826,0.9733817301875378,0.5029952129198558,0.0082693288793587,0.036119710231167,0.4894855203976959,0.0565242372303867,2,1.0,0.0666666666666666,34.5,34.5,0.0
low,42,sensor_501_multivar_labeled,flat,0.4499999999999999,flat_std_w18,0,1678,44,23,0.9616045845272206,0.0,0.0,0.0,0.0255516840882694,1.0,0.9744483159117304,0.4872241579558652,-0.0185875232981038,-0.0025551684088269,0.7515906680805938,0.0513485434495727,1,0.0,0.0,,,0.0
low,42,sensor_501_multivar_labeled,dropout,0.7999999999999999,dropout_w24,0,1715,13,17,0.982808022922636,0.0,0.0,0.0,0.0075231481481481,1.0,0.992476851851852,0.4962384259259259,-0.0085931090644809,-0.0007523148148148,0.8255038126361657,0.1488753583081454,1,0.0,0.0,,,0.0
low,42,sensor_502_multivar_labeled,spike,0.725,z_w21_t3,5,1940,0,2,0.9989727786337956,1.0,0.7142857142857143,0.8333333333333333,0.0,0.2857142857142857,1.0,0.8571428571428572,0.844718944756435,0.7392857142857143,0.9973858615611192,0.8599905078310394,7,0.7142857142857143,1.0,0.0,0.0,0.7142857142857143
low,42,sensor_502_multivar_labeled,drift,0.775,mean_shift_12_72,0,1896,0,51,0.9738058551617874,0.0,0.0,0.0,0.0,1.0,1.0,0.5,0.0,0.0,0.5367698767270621,0.0323922078510652,1,0.0,0.0,,,0.0
low,42,sensor_502_multivar_labeled,flat,0.2249999999999999,flat_std_w18,0,1753,194,0,0.9003595274781715,0.0,0.0,0.0,0.0996404725218284,0.0,0.9003595274781715,0.4501797637390857,0.0,-0.0099640472521828,,,0,,,,,
low,42,sensor_502_multivar_labeled,dropout,0.3999999999999999,dropout_w12,0,1760,187,0,0.903954802259887,0.0,0.0,0.0,0.096045197740113,0.0,0.903954802259887,0.4519774011299435,0.0,-0.0096045197740113,,,0,,,,,
low,42,sensor_505_multivar_labeled,spike,0.7,z_w21_t3,1,1977,1,2,0.9984856133266028,0.5,0.3333333333333333,0.4,0.0005055611729019,0.6666666666666666,0.999494438827098,0.6664138860802157,0.4075261053390414,0.3549494438827098,0.9287158746208292,0.3393034825870646,3,0.3333333333333333,0.5,0.0,0.0,0.3333333333333333
low,42,sensor_505_multivar_labeled,drift,0.725,slope_w36_t2.2,3,1863,14,101,0.9419485108531044,0.1764705882352941,0.0288461538461538,0.0495867768595041,0.0074587107085775,0.971153846153846,0.9925412892914224,0.5106937215687881,0.0517145168335667,0.0566926129050593,0.4547533912544567,0.0562475740281272,2,0.5,0.1428571428571428,24.0,24.0,0.0
low,42,sensor_505_multivar_labeled,flat,0.25,flat_std_w18,0,1875,106,0,0.9464916708732964,0.0,0.0,0.0,0.0535083291267036,0.0,0.9464916708732964,0.4732458354366481,0.0,-0.0053508329126703,,,0,,,,,
low,42,sensor_505_multivar_labeled,dropout,0.3999999999999999,dropout_w12,0,1878,103,0,0.9480060575466936,0.0,0.0,0.0,0.0519939424533064,0.0,0.9480060575466936,0.4740030287733467,0.0,-0.0051993942453306,,,0,,,,,
low,42,sensor_506_multivar_labeled,spike,0.875,z_w21_t3,11,5708,3,7,0.9982544946762087,0.7857142857142857,0.6111111111111112,0.6875000000000001,0.0005253020486779,0.3888888888888889,0.999474697951322,0.8052929045312166,0.692096899792893,0.6105129459856085,0.9738856787097026,0.5992947349591852,17,0.6470588235294118,0.7857142857142857,0.0909090909090909,0.0,0.6470588235294118
low,42,sensor_506_multivar_labeled,drift,0.775,mean_shift_12_72,0,5718,11,0,0.9980799441438296,0.0,0.0,0.0,0.0019200558561703,0.0,0.9980799441438296,0.4990399720719148,0.0,-0.000192005585617,,,0,,,,,
low,42,sensor_506_multivar_labeled,flat,0.25,low_range_w24,0,4562,1167,0,0.7962995287135626,0.0,0.0,0.0,0.2037004712864374,0.0,0.7962995287135626,0.3981497643567813,0.0,-0.0203700471286437,,,0,,,,,
low,42,sensor_506_multivar_labeled,dropout,0.7999999999999999,dropout_w24,93,5529,71,36,0.9813230930354336,0.5670731707317073,0.7209302325581395,0.6348122866894198,0.0126785714285714,0.2790697674418604,0.9873214285714286,0.8541258305647841,0.6301181105537768,0.5857377172445797,0.9668196290143964,0.5033056490318404,2,1.0,0.1818181818181818,7.0,7.0,1.0
low,42,sensor_507_multivar_labeled,spike,0.725,z_w21_t3,2,1990,1,4,0.9974962443665498,0.6666666666666666,0.3333333333333333,0.4444444444444444,0.0005022601707684,0.6666666666666666,0.9994977398292316,0.6664155365812824,0.4703400014528066,0.3999497739829231,0.810689770634522,0.2441002683111128,6,0.3333333333333333,0.6666666666666666,0.0,0.0,0.3333333333333333
low,42,sensor_507_multivar_labeled,drift,0.25,ewma_s24_w48_t2.5,8,1768,176,45,0.8893340010015023,0.0434782608695652,0.1509433962264151,0.0675105485232067,0.0905349794238683,0.8490566037735849,0.9094650205761317,0.5302042084012734,0.0335718833425926,0.0731310068914155,0.5047849211895333,0.0290965570587218,1,1.0,0.0410958904109589,34.0,34.0,0.0
low,42,sensor_507_multivar_labeled,flat,0.1,low_range_w24,0,1830,167,0,0.916374561842764,0.0,0.0,0.0,0.0836254381572358,0.0,0.916374561842764,0.458187280921382,0.0,-0.0083625438157235,,,0,,,,,
low,42,sensor_507_multivar_labeled,dropout,0.7999999999999999,dropout_w24,0,1919,40,38,0.9609414121181772,0.0,0.0,0.0,0.0204185809086268,1.0,0.9795814190913732,0.4897907095456866,-0.0199117377241826,-0.0020418580908626,0.7133876037720641,0.0703039697893604,2,0.0,0.0,,,0.0
low,42,sensor_508_multivar_labeled,spike,0.775,z_w21_t3,0,1936,1,4,0.9974240082431736,0.0,0.0,0.0,0.0005162622612287,1.0,0.9994837377387712,0.4997418688693856,-0.0010317258698775,-5.1626226122870425e-05,0.8735157459989675,0.0130257849763824,4,0.0,0.0,,,0.0
low,42,sensor_508_multivar_labeled,drift,0.25,mean_shift_12_72,3,1737,153,48,0.8964451313755796,0.0192307692307692,0.0588235294117647,0.0289855072463768,0.0809523809523809,0.9411764705882352,0.919047619047619,0.4889355742296918,-0.0130194745175769,0.0254799143737762,0.4977435418611889,0.0274594863562231,1,1.0,0.0350877192982456,23.0,23.0,0.0
low,42,sensor_508_multivar_labeled,flat,0.4499999999999999,flat_std_w18,12,1862,29,38,0.9654817104585264,0.2926829268292683,0.24,0.2637362637362637,0.0153358011634056,0.76,0.9846641988365944,0.6123320994182972,0.2475118003096322,0.2330501775893683,0.6126335272342676,0.0906406872538897,2,0.5,0.4,6.0,6.0,0.0
low,42,sensor_508_multivar_labeled,dropout,0.35,dropout_w12,0,1841,100,0,0.9484801648634724,0.0,0.0,0.0,0.0515198351365275,0.0,0.9484801648634724,0.4742400824317362,0.0,-0.0051519835136527,,,0,,,,,
low,42,sensor_509_multivar_labeled,spike,0.7999999999999999,z_w21_t3,31,12809,0,5,0.9996107434799532,1.0,0.8611111111111112,0.9253731343283582,0.0,0.1388888888888889,1.0,0.9305555555555556,0.9277796651617958,0.8247512437810945,0.9815255766344844,0.8856452334839585,36,0.8611111111111112,1.0,0.0,0.0,0.8611111111111112
low,42,sensor_509_multivar_labeled,drift,0.25,mean_shift_12_72,22,11738,765,320,0.9155313351498636,0.0279542566709021,0.0643274853801169,0.0389725420726306,0.0611853155242741,0.935672514619883,0.9388146844757258,0.5015710849279214,0.0021092342780013,0.0349104964949267,0.4985198873907689,0.0282280637039749,1,1.0,0.0296296296296296,21.0,21.0,1.0
low,42,sensor_509_multivar_labeled,flat,0.7999999999999999,flat_std_w18,0,12117,728,0,0.943324250681199,0.0,0.0,0.0,0.056675749318801,0.0,0.943324250681199,0.4716621253405995,0.0,-0.0056675749318801,,,0,,,,,
low,42,sensor_509_multivar_labeled,dropout,0.85,dropout_w24,109,12257,460,19,0.9627092253795252,0.1915641476274165,0.8515625,0.3127690100430416,0.0361720531571911,0.1484375,0.9638279468428088,0.9076952234214044,0.3936210960534637,0.421332221347762,0.952032097782496,0.1781975401678961,1,1.0,0.0172413793103448,8.0,8.0,1.0
low,42,sensor_510_multivar_labeled,spike,0.775,z_w21_t3,24,9580,5,7,0.9987520798668884,0.8275862068965517,0.7741935483870968,0.7999999999999999,0.0005216484089723,0.2258064516129032,0.9994783515910276,0.8868359499890621,0.799822037927941,0.7163438307097146,0.9525047537314688,0.8018643631485582,31,0.7741935483870968,0.8275862068965517,0.0,0.0,0.7741935483870968
low,42,sensor_510_multivar_labeled,drift,0.25,slope_w36_t2.2,2,8876,676,62,0.923252911813644,0.0029498525073746,0.03125,0.0053908355795148,0.0707705192629815,0.96875,0.9292294807370184,0.4802397403685092,-0.012552342013864,0.0051663019605897,0.4675640572654941,0.0065397702452647,1,1.0,0.0065573770491803,35.0,35.0,0.0
low,42,sensor_510_multivar_labeled,flat,0.775,flat_std_w36,0,9202,286,128,0.956946755407654,0.0,0.0,0.0,0.0301433389544688,1.0,0.9698566610455313,0.4849283305227655,-0.0203357334855596,-0.0030143338954468,0.9013346628636172,0.1781455098328791,1,0.0,0.0,,,0.0
low,42,sensor_510_multivar_labeled,dropout,0.825,flat_std_w18,0,9300,316,0,0.9671381031613976,0.0,0.0,0.0,0.0328618968386023,0.0,0.9671381031613976,0.4835690515806988,0.0,-0.0032861896838602,,,0,,,,,
low,42,sensor_511_multivar_labeled,spike,0.9,z_w21_t3,11,4044,0,6,0.9985225313962078,1.0,0.6470588235294118,0.7857142857142858,0.0,0.3529411764705882,1.0,0.8235294117647058,0.8038035940855973,0.6976890756302522,0.9717591784488276,0.7180200260619555,17,0.6470588235294118,1.0,0.0,0.0,0.6470588235294118
low,42,sensor_511_multivar_labeled,drift,0.25,mean_shift_12_72,0,3651,410,0,0.8990396454075351,0.0,0.0,0.0,0.1009603545924649,0.0,0.8990396454075351,0.4495198227037675,0.0,-0.0100960354592464,,,0,,,,,
low,42,sensor_511_multivar_labeled,flat,0.775,dropout_w12,0,3840,113,108,0.9455799064269884,0.0,0.0,0.0,0.0285858841386288,1.0,0.9714141158613712,0.4857070579306856,-0.0279639888514726,-0.0028585884138628,0.857585893507978,0.2019933831412002,2,0.0,0.0,,,0.0
low,42,sensor_511_multivar_labeled,dropout,0.7999999999999999,dropout_w24,55,3907,74,25,0.9756217680374292,0.4263565891472868,0.6875,0.5263157894736842,0.0185882943983923,0.3125,0.9814117056016076,0.8344558528008038,0.530039540124614,0.5051867641954116,0.914746608892238,0.3207569961922011,2,1.0,0.2857142857142857,8.5,8.5,0.5
low,777,sensor_501_multivar_labeled,spike,0.775,z_w21_t3,4,1736,1,4,0.997134670487106,0.8,0.5,0.6153846153846154,0.0005757052389176,0.5,0.9994242947610824,0.7497121473805411,0.6311824886527104,0.5468655063991852,0.9681203223949336,0.5009136212624585,8,0.5,0.8,0.0,0.0,0.5
low,777,sensor_501_multivar_labeled,drift,0.25,ewma_s48_w96_t2.2,6,1522,131,86,0.8756446991404011,0.0437956204379562,0.0652173913043478,0.0524017467248908,0.0792498487598306,0.9347826086956522,0.9207501512401692,0.4929837712722585,-0.0116589856789574,0.0417903616072155,0.4728786922328309,0.0532992001231392,2,1.0,0.0425531914893617,30.5,30.5,0.0
low,777,sensor_501_multivar_labeled,flat,0.5499999999999999,flat_std_w18,3,1686,36,20,0.9679083094555874,0.0769230769230769,0.1304347826086956,0.0967741935483871,0.0209059233449477,0.8695652173913043,0.9790940766550522,0.5547644296318739,0.0845059404283969,0.0921266910833496,0.632429429884361,0.0409259773904099,1,1.0,0.1428571428571428,9.0,9.0,0.0
low,777,sensor_501_multivar_labeled,dropout,0.7999999999999999,dropout_w24,0,1697,13,35,0.9724928366762178,0.0,0.0,0.0,0.0076023391812865,1.0,0.9923976608187136,0.4961988304093567,-0.0123946337785373,-0.0007602339181286,0.6985463659147869,0.0707606547564029,2,0.0,0.0,,,0.0
low,777,sensor_502_multivar_labeled,spike,0.7999999999999999,z_w21_t3,4,1941,0,2,0.9989727786337956,1.0,0.6666666666666666,0.8,0.0,0.3333333333333333,1.0,0.8333333333333333,0.8160762480396754,0.7100000000000001,0.9795637987291774,0.7883528081417264,6,0.6666666666666666,1.0,0.0,0.0,0.6666666666666666
low,777,sensor_502_multivar_labeled,drift,0.2249999999999999,mean_shift_12_72,2,1691,244,10,0.869542886492039,0.008130081300813,0.1666666666666666,0.0155038759689922,0.1260981912144702,0.8333333333333334,0.8739018087855297,0.5202842377260982,0.0095565268588288,0.0455864372597214,0.5138242894056847,0.0072866444654306,1,1.0,0.0121951219512195,10.0,10.0,0.0
low,777,sensor_502_multivar_labeled,flat,0.25,flat_std_w18,17,1752,170,8,0.9085772984078068,0.0909090909090909,0.68,0.160377358490566,0.0884495317377731,0.32,0.9115504682622269,0.7957752341311135,0.226027541533632,0.280961221783341,0.8590322580645161,0.0980446044312204,1,1.0,0.0769230769230769,1.0,1.0,1.0
low,777,sensor_502_multivar_labeled,dropout,0.2749999999999999,dropout_w12,9,1738,190,10,0.8972778633795583,0.0452261306532663,0.4736842105263157,0.0825688073394495,0.0985477178423236,0.5263157894736842,0.9014522821576764,0.6875682463419961,0.1217369387484927,0.1761903742744046,0.6547554051102861,0.024770737940406,1,1.0,0.0625,6.0,6.0,0.0
low,777,sensor_505_multivar_labeled,spike,0.675,z_w21_t3,2,1977,2,0,0.9989904088844018,0.5,1.0,0.6666666666666666,0.001010611419909,0.0,0.998989388580091,0.9994946942900456,0.7067493857726694,0.674898938858009,1.0,1.0,2,1.0,0.5,0.0,0.0,1.0
low,777,sensor_505_multivar_labeled,drift,0.525,slope_w36_t2.2,0,1953,28,0,0.9858657243816256,0.0,0.0,0.0,0.0141342756183745,0.0,0.9858657243816256,0.4929328621908127,0.0,-0.0014134275618374,,,0,,,,,
low,777,sensor_505_multivar_labeled,flat,0.7999999999999999,flat_std_w36,0,1955,0,26,0.9868753154972236,0.0,0.0,0.0,0.0,1.0,1.0,0.5,0.0,0.0,0.7118237261459768,0.0613460082320506,1,0.0,0.0,,,0.0
low,777,sensor_505_multivar_labeled,dropout,0.7999999999999999,dropout_w24,0,1938,5,38,0.9782937910146392,0.0,0.0,0.0,0.0025733401955738,1.0,0.997426659804426,0.498713329902213,-0.0070347218461957,-0.0002573340195573,0.7965232819568221,0.0978360813767861,2,0.0,0.0,,,0.0
low,777,sensor_506_multivar_labeled,spike,0.875,z_w21_t3,10,5710,2,7,0.998429045208588,0.8333333333333334,0.5882352941176471,0.6896551724137931,0.0003501400560224,0.4117647058823529,0.9996498599439776,0.7939425770308124,0.6994172414595551,0.6117804018158988,0.95208745262811,0.5963032989960697,17,0.5882352941176471,0.8333333333333334,0.0,0.0,0.5882352941176471
low,777,sensor_506_multivar_labeled,drift,0.25,mean_shift_12_72,0,5035,694,0,0.8788619305288881,0.0,0.0,0.0,0.1211380694711118,0.0,0.8788619305288881,0.439430965264444,0.0,-0.0121138069471111,,,0,,,,,
low,777,sensor_506_multivar_labeled,flat,0.65,flat_std_w18,0,5444,285,0,0.9502530982719496,0.0,0.0,0.0,0.0497469017280502,0.0,0.9502530982719496,0.4751265491359748,0.0,-0.004974690172805,,,0,,,,,
low,777,sensor_506_multivar_labeled,dropout,0.775,dropout_w12,79,5526,89,35,0.9783557339849888,0.4702380952380952,0.6929824561403509,0.5602836879432624,0.0158504007123775,0.3070175438596491,0.9841495992876224,0.8385660277139867,0.5604922234431362,0.5289730706310499,0.8836528096733375,0.3591422873444182,2,1.0,0.1666666666666666,9.5,9.5,1.0
low,777,sensor_507_multivar_labeled,spike,0.7999999999999999,z_w21_t3,1,1992,1,3,0.9979969954932398,0.5,0.25,0.3333333333333333,0.0005017561465127,0.75,0.9994982438534872,0.6247491219267436,0.3526668918365326,0.2999498243853487,0.9711490215755144,0.2529498525073747,4,0.25,0.5,0.0,0.0,0.25
low,777,sensor_507_multivar_labeled,drift,0.25,ewma_s48_w96_t2.2,0,1854,143,0,0.928392588883325,0.0,0.0,0.0,0.071607411116675,0.0,0.928392588883325,0.4641962944416625,0.0,-0.0071607411116675,,,0,,,,,
low,777,sensor_507_multivar_labeled,flat,0.775,flat_std_w18,0,1965,32,0,0.9839759639459188,0.0,0.0,0.0,0.0160240360540811,0.0,0.9839759639459188,0.4919879819729594,0.0,-0.0016024036054081,,,0,,,,,
low,777,sensor_507_multivar_labeled,dropout,0.3999999999999999,dropout_w12,0,1882,115,0,0.942413620430646,0.0,0.0,0.0,0.057586379569354,0.0,0.942413620430646,0.4712068102153229,0.0,-0.0057586379569354,,,0,,,,,
low,777,sensor_508_multivar_labeled,spike,0.775,z_w21_t3,5,1932,1,3,0.9979392065945388,0.8333333333333334,0.625,0.7142857142857143,0.0005173305742369,0.375,0.999482669425763,0.8122413347128815,0.7207177216749378,0.6338768383711477,0.9776254526642524,0.4985395189003436,8,0.625,0.8333333333333334,0.0,0.0,0.625
low,777,sensor_508_multivar_labeled,drift,0.05,mean_shift_12_72,0,1667,274,0,0.8588356517259145,0.0,0.0,0.0,0.1411643482740855,0.0,0.8588356517259145,0.4294178258629572,0.0,-0.0141164348274085,,,0,,,,,
low,777,sensor_508_multivar_labeled,flat,0.2249999999999999,flat_std_w18,0,1837,104,0,0.9464193714580114,0.0,0.0,0.0,0.0535806285419886,0.0,0.9464193714580114,0.4732096857290057,0.0,-0.0053580628541988,,,0,,,,,
low,777,sensor_508_multivar_labeled,dropout,0.15,dropout_w12,0,1845,96,0,0.9505409582689336,0.0,0.0,0.0,0.0494590417310664,0.0,0.9505409582689336,0.4752704791344668,0.0,-0.0049459041731066,,,0,,,,,
low,777,sensor_509_multivar_labeled,spike,0.75,z_w21_t3,48,12792,0,5,0.9996107434799532,1.0,0.9056603773584906,0.9504950495049505,0.0,0.0943396226415094,1.0,0.9528301886792452,0.9514759696589624,0.8494208854847749,0.98586749383459,0.9171554689748472,53,0.9056603773584906,1.0,0.0,0.0,0.9056603773584906
low,777,sensor_509_multivar_labeled,drift,0.775,slope_w36_t2.2,0,12413,5,427,0.9663682366679642,0.0,0.0,0.0,0.0004026413271058,1.0,0.9995973586728942,0.4997986793364471,-0.0036592375177603,-4.0264132710581415e-05,0.5285864969751923,0.0356259499583218,2,0.0,0.0,,,0.0
low,777,sensor_509_multivar_labeled,flat,0.7999999999999999,flat_std_w18,0,12127,718,0,0.9441027637212924,0.0,0.0,0.0,0.0558972362787076,0.0,0.9441027637212924,0.4720513818606461,0.0,-0.0055897236278707,,,0,,,,,
low,777,sensor_509_multivar_labeled,dropout,0.75,dropout_w24,118,12226,491,10,0.9609964966913196,0.1937602627257799,0.921875,0.3202170963364993,0.0386097350003931,0.078125,0.9613902649996068,0.9416326324998034,0.4128193938674542,0.4458632592602523,0.9562707030942832,0.1864837251885809,1,1.0,0.0169491525423728,2.0,2.0,1.0
low,777,sensor_510_multivar_labeled,spike,0.85,z_w21_t3,28,9577,2,9,0.9988560732113144,0.9333333333333332,0.7567567567567568,0.835820895522388,0.000208790061593,0.2432432432432432,0.999791209938407,0.8782739833475819,0.8398816202357526,0.7431255510059424,0.9752851818307504,0.811318700746345,36,0.75,0.9310344827586208,0.0,0.0,0.75
low,777,sensor_510_multivar_labeled,drift,0.25,ewma_s24_w48_t2.5,12,8746,358,500,0.9107737104825292,0.0324324324324324,0.0234375,0.0272108843537414,0.039323374340949,0.9765625,0.960676625659051,0.4920570628295255,-0.0185431888501834,0.0202086753899536,0.4876962135462434,0.0520047269091863,2,1.0,0.0410447761194029,33.0,33.0,1.0
low,777,sensor_510_multivar_labeled,flat,0.775,flat_std_w36,22,9078,297,219,0.9463394342762064,0.0689655172413793,0.0912863070539419,0.0785714285714285,0.03168,0.908713692946058,0.96832,0.5298031535269709,0.0520259019543047,0.0699198625595323,0.933170899031812,0.267338193374723,1,1.0,0.0571428571428571,90.0,90.0,0.0
low,777,sensor_510_multivar_labeled,dropout,0.7,flat_std_w18,0,9268,348,0,0.9638103161397672,0.0,0.0,0.0,0.0361896838602329,0.0,0.9638103161397672,0.4819051580698835,0.0,-0.0036189683860232,,,0,,,,,
low,777,sensor_511_multivar_labeled,spike,0.875,z_w21_t3,8,4047,0,6,0.9985225313962078,1.0,0.5714285714285714,0.7272727272727273,0.0,0.4285714285714285,1.0,0.7857142857142857,0.7553692058854118,0.6487012987012987,0.9695718168661088,0.7076217212641243,14,0.5714285714285714,1.0,0.0,0.0,0.5714285714285714
low,777,sensor_511_multivar_labeled,drift,0.525,mean_shift_12_72,5,3840,86,130,0.9468111302634818,0.0549450549450549,0.037037037037037,0.0442477876106194,0.0219052470708099,0.9629629629629628,0.97809475292919,0.5075658949831136,0.0183280553131634,0.0370738490705671,0.4940859606422519,0.0345821841785671,2,0.5,0.0526315789473684,77.0,77.0,0.0
low,777,sensor_511_multivar_labeled,flat,0.4499999999999999,flat_std_w18,0,3634,427,0,0.8948534843634572,0.0,0.0,0.0,0.1051465156365427,0.0,0.8948534843634572,0.4474267421817286,0.0,-0.0105146515636542,,,0,,,,,
low,777,sensor_511_multivar_labeled,dropout,0.875,dropout_w24,24,3953,68,16,0.9793154395469096,0.2608695652173913,0.6,0.3636363636363636,0.0169112161153941,0.4,0.983088783884606,0.7915443919423029,0.386987784647062,0.3810756768074329,0.9223949266351652,0.2105323021615849,1,1.0,0.1666666666666666,5.0,5.0,1.0
low,999,sensor_501_multivar_labeled,spike,0.725,z_w21_t3,0,1740,1,4,0.997134670487106,0.0,0.0,0.0,0.0005743825387708,1.0,0.9994256174612292,0.4997128087306146,-0.0011477766089138,-5.743825387708214e-05,0.9149913842619184,0.0157480314960629,4,0.0,0.0,,,0.0
low,999,sensor_501_multivar_labeled,drift,0.75,ewma_s24_w48_t2.5,5,1643,10,87,0.9444126074498568,0.3333333333333333,0.0543478260869565,0.0934579439252336,0.0060496067755595,0.9456521739130436,0.9939503932244405,0.5241491096556985,0.1169210693101978,0.1077554619148861,0.5144927536231884,0.0728052290056979,2,1.0,0.2857142857142857,32.0,32.0,0.0
low,999,sensor_501_multivar_labeled,flat,0.35,low_range_w24,6,1600,122,17,0.9203438395415472,0.046875,0.2608695652173913,0.0794701986754966,0.0708478513356562,0.7391304347826086,0.9291521486643438,0.5950108569408675,0.0831234820643049,0.1139689238356252,0.6925213351512397,0.0632108540151807,1,1.0,0.0909090909090909,6.0,6.0,0.0
low,999,sensor_501_multivar_labeled,dropout,0.35,dropout_w12,0,1648,97,0,0.9444126074498568,0.0,0.0,0.0,0.0555873925501432,0.0,0.9444126074498568,0.4722063037249284,0.0,-0.0055587392550143,,,0,,,,,
low,999,sensor_502_multivar_labeled,spike,0.825,z_w21_t3,5,1941,0,1,0.9994863893168978,1.0,0.8333333333333334,0.9090909090909092,0.0,0.1666666666666666,1.0,0.9166666666666669,0.9126358652009472,0.8090909090909091,0.958784131890778,0.8350083752093802,6,0.8333333333333334,1.0,0.0,0.0,0.8333333333333334
low,999,sensor_502_multivar_labeled,drift,0.7999999999999999,ewma_s48_w96_t2.2,0,1896,0,51,0.9738058551617874,0.0,0.0,0.0,0.0,1.0,1.0,0.5,0.0,0.0,0.5305907172995781,0.0342162034292466,1,0.0,0.0,,,0.0
low,999,sensor_502_multivar_labeled,flat,0.2249999999999999,flat_std_w18,25,1755,167,0,0.9142270159219312,0.1302083333333333,1.0,0.2304147465437788,0.086888657648283,0.0,0.913111342351717,0.9565556711758584,0.3448111164614328,0.4145290201798721,0.9741103017689906,0.2295074337427278,1,1.0,0.1,0.0,0.0,1.0
low,999,sensor_502_multivar_labeled,dropout,0.775,dropout_w12,0,1832,115,0,0.940934771443246,0.0,0.0,0.0,0.0590652285567539,0.0,0.940934771443246,0.470467385721623,0.0,-0.0059065228556753,,,0,,,,,
low,999,sensor_505_multivar_labeled,spike,0.9,z_w21_t3,3,1976,0,2,0.9989904088844018,1.0,0.6,0.7499999999999999,0.0,0.4,1.0,0.8,0.7742049642003839,0.6675,0.9785931174089068,0.8029673590504451,5,0.6,1.0,0.0,0.0,0.6
low,999,sensor_505_multivar_labeled,drift,0.25,slope_w36_t2.2,7,1722,194,58,0.872791519434629,0.0348258706467661,0.1076923076923077,0.0526315789473684,0.1012526096033402,0.8923076923076924,0.8987473903966597,0.5032198490444837,0.0037993727866442,0.0510905224706889,0.4877147904287778,0.032305211343431,2,0.5,0.0379746835443038,0.0,0.0,0.5
low,999,sensor_505_multivar_labeled,flat,0.3999999999999999,flat_std_w18,0,1859,96,26,0.9384149419485108,0.0,0.0,0.0,0.0491048593350383,1.0,0.9508951406649616,0.4754475703324808,-0.0260251494639554,-0.0049104859335038,0.4281329923273657,0.0131246845027763,1,0.0,0.0,,,0.0
low,999,sensor_505_multivar_labeled,dropout,0.7999999999999999,dropout_w24,0,1894,30,57,0.956082786471479,0.0,0.0,0.0,0.0155925155925155,1.0,0.9844074844074844,0.4922037422037422,-0.0213435613441754,-0.0015592515592515,0.7548601232811759,0.1219303438479586,3,0.0,0.0,,,0.0
low,999,sensor_506_multivar_labeled,spike,0.85,z_w21_t3,10,5712,2,5,0.9987781462733462,0.8333333333333334,0.6666666666666666,0.7407407407407408,0.000350017500875,0.3333333333333333,0.999649982499125,0.8331583245828957,0.7447691750087274,0.6582983315832458,0.9896278147240696,0.6724998588258547,15,0.6666666666666666,0.8333333333333334,0.0,0.0,0.6666666666666666
low,999,sensor_506_multivar_labeled,drift,0.775,ewma_s48_w96_t2.2,0,5568,9,152,0.971897364286961,0.0,0.0,0.0,0.00161377084454,1.0,0.99838622915546,0.4991931145777299,-0.0065485434291697,-0.000161377084454,0.5312154950312846,0.0328719999085902,1,0.0,0.0,,,0.0
low,999,sensor_506_multivar_labeled,flat,0.575,low_range_w24,0,5419,310,0,0.9458893349624716,0.0,0.0,0.0,0.0541106650375283,0.0,0.9458893349624716,0.4729446674812358,0.0,-0.0054110665037528,,,0,,,,,
low,999,sensor_506_multivar_labeled,dropout,0.7999999999999999,dropout_w24,49,5528,144,8,0.9734683190783732,0.2538860103626943,0.8596491228070176,0.392,0.0253878702397743,0.1403508771929824,0.9746121297602256,0.9171306262836216,0.4589135879114183,0.4698388513725319,0.9462054289461312,0.2655728844845513,1,1.0,0.0769230769230769,8.0,8.0,1.0
low,999,sensor_507_multivar_labeled,spike,0.625,z_w21_t3,3,1988,3,3,0.9969954932398598,0.5,0.5,0.5,0.0015067805123053,0.5,0.9984932194876946,0.7492466097438473,0.4984932194876946,0.4498493219487695,0.8679474301021264,0.3716161242870766,6,0.5,0.5,0.0,0.0,0.5
low,999,sensor_507_multivar_labeled,drift,0.525,ewma_s24_w48_t2.5,0,1900,44,53,0.9514271407110666,0.0,0.0,0.0,0.022633744855967,1.0,0.977366255144033,0.4886831275720165,-0.0247836359528344,-0.0022633744855967,0.4909008851618914,0.0261113383444708,1,0.0,0.0,,,0.0
low,999,sensor_507_multivar_labeled,flat,0.3,flat_std_w18,0,1812,159,26,0.9073610415623437,0.0,0.0,0.0,0.0806697108066971,1.0,0.9193302891933028,0.4596651445966514,-0.0337807408943648,-0.0080669710806697,0.4485032978183663,0.0130195292939409,1,0.0,0.0,,,0.0
low,999,sensor_507_multivar_labeled,dropout,0.6,low_range_w24,15,1917,61,4,0.9674511767651476,0.1973684210526315,0.7894736842105263,0.3157894736842105,0.0308392315470171,0.2105263157894736,0.9691607684529828,0.8793172263317546,0.3849036481742249,0.4054687084242456,0.91940290564632,0.1589165013497099,1,1.0,0.1428571428571428,0.0,0.0,1.0
low,999,sensor_508_multivar_labeled,spike,0.775,z_w21_t3,6,1930,2,3,0.9974240082431736,0.75,0.6666666666666666,0.7058823529411765,0.0010351966873706,0.3333333333333333,0.9989648033126294,0.832815734989648,0.7058261456992708,0.6300435391547924,0.962589141936968,0.5542097592558737,9,0.6666666666666666,0.75,0.0,0.0,0.6666666666666666
low,999,sensor_508_multivar_labeled,drift,0.75,ewma_s48_w96_t2.2,6,1786,8,141,0.923235445646574,0.4285714285714285,0.0408163265306122,0.0745341614906832,0.0044593088071348,0.9591836734693876,0.9955406911928651,0.5181785088617387,0.1136719377631291,0.1096250540349919,0.5438214304673932,0.1093453825996134,2,1.0,0.2857142857142857,20.0,20.0,0.5
low,999,sensor_508_multivar_labeled,flat,0.15,flat_std_w18,0,1806,110,25,0.9304482225656878,0.0,0.0,0.0,0.05741127348643,1.0,0.94258872651357,0.471294363256785,-0.0279978332348096,-0.005741127348643,0.456419624217119,0.0128799587841318,1,0.0,0.0,,,0.0
low,999,sensor_508_multivar_labeled,dropout,0.3249999999999999,dropout_w12,19,1823,80,19,0.9489953632148376,0.1919191919191919,0.5,0.2773722627737226,0.0420388859695218,0.5,0.9579611140304782,0.7289805570152391,0.2883881329508926,0.2994015084391018,0.7813632215062091,0.1607043662641489,2,1.0,0.0952380952380952,5.5,5.5,0.0
low,999,sensor_509_multivar_labeled,spike,0.75,z_w21_t3,35,12805,0,5,0.9996107434799532,1.0,0.875,0.9333333333333332,0.0,0.125,1.0,0.9375,0.9352317733831303,0.8325000000000001,0.9836597032409216,0.9134176623349342,40,0.875,1.0,0.0,0.0,0.875
low,999,sensor_509_multivar_labeled,drift,0.25,ewma_s24_w48_t2.5,19,11893,610,323,0.9273647333592838,0.0302066772655007,0.0555555555555555,0.03913491246138,0.0487882908102055,0.9444444444444444,0.9512117091897944,0.503383632372675,0.0050482807686155,0.0339295497830922,0.532524124034793,0.0299743912362135,1,1.0,0.0328467153284671,45.0,45.0,1.0
low,999,sensor_509_multivar_labeled,flat,0.7999999999999999,flat_std_w18,0,11923,922,0,0.9282210977033866,0.0,0.0,0.0,0.0717789022966134,0.0,0.9282210977033866,0.4641105488516933,0.0,-0.0071778902296613,,,0,,,,,
low,999,sensor_509_multivar_labeled,dropout,0.7999999999999999,dropout_w24,324,12023,438,60,0.9612300506033477,0.4251968503937008,0.84375,0.5654450261780105,0.035149666960918,0.15625,0.964850333039082,0.9043001665195408,0.5829228809846705,0.567839822643068,0.944977496455608,0.3903662148271412,3,1.0,0.0526315789473684,9.0,11.0,1.0
low,999,sensor_510_multivar_labeled,spike,0.85,z_w21_t3,25,9585,1,5,0.9993760399334444,0.9615384615384616,0.8333333333333334,0.8928571428571429,0.0001043187982474,0.1666666666666666,0.9998956812017524,0.9166145072675428,0.8948448573764897,0.7960060516366588,0.9763613603171292,0.8789816242688405,30,0.8333333333333334,0.9615384615384616,0.0,0.0,0.8333333333333334
low,999,sensor_510_multivar_labeled,drift,0.25,ewma_s24_w48_t2.5,27,8586,774,229,0.8956946755407654,0.0337078651685393,0.10546875,0.0510879848628193,0.0826923076923076,0.89453125,0.9173076923076924,0.5113882211538461,0.0132683334904618,0.0514171671943188,0.5057247846554488,0.0271812590301532,1,1.0,0.0354330708661417,65.0,65.0,0.0
low,999,sensor_510_multivar_labeled,flat,0.775,flat_std_w18,0,9132,484,0,0.949667221297837,0.0,0.0,0.0,0.050332778702163,0.0,0.949667221297837,0.4748336106489185,0.0,-0.0050332778702163,,,0,,,,,
low,999,sensor_510_multivar_labeled,dropout,0.75,dropout_w24,79,9171,349,17,0.9619384359401,0.1845794392523364,0.8229166666666666,0.3015267175572519,0.0366596638655462,0.1770833333333333,0.9633403361344538,0.8931285014005602,0.3790410439075581,0.4065829724020591,0.9276687237394956,0.1672222492452986,1,1.0,0.032258064516129,9.0,9.0,1.0
low,999,sensor_511_multivar_labeled,spike,0.85,z_w21_t3,8,4049,1,3,0.9990150209308052,0.8888888888888888,0.7272727272727273,0.7999999999999999,0.0002469135802469,0.2727272727272727,0.9997530864197532,0.8635129068462402,0.80355889385914,0.7114904601571267,0.93337822671156,0.7319880860683247,11,0.7272727272727273,0.8888888888888888,0.0,0.0,0.7272727272727273
low,999,sensor_511_multivar_labeled,drift,0.25,ewma_s48_w96_t2.2,0,3687,366,8,0.907904457030288,0.0,0.0,0.0,0.0903034789045151,1.0,0.9096965210954848,0.4548482605477424,-0.013982666935321,-0.0090303478904515,0.4156180606957809,0.0019699581383895,1,0.0,0.0,,,0.0
low,999,sensor_511_multivar_labeled,flat,0.775,flat_std_w18,0,3912,149,0,0.9633095296724944,0.0,0.0,0.0,0.0366904703275055,0.0,0.9633095296724944,0.4816547648362472,0.0,-0.0036690470327505,,,0,,,,,
low,999,sensor_511_multivar_labeled,dropout,0.825,dropout_w24,23,3941,80,17,0.9761142575720266,0.2233009708737864,0.575,0.3216783216783216,0.0198955483710519,0.425,0.980104451628948,0.777552225814474,0.348670524519002,0.3487608355492075,0.9047220840586918,0.1681026311508619,1,1.0,0.1428571428571428,9.0,9.0,0.0
medium,123,sensor_501_multivar_labeled,spike,0.75,z_w21_t3,8,1733,1,3,0.9977077363896848,0.8888888888888888,0.7272727272727273,0.7999999999999999,0.0005767012687427,0.2727272727272727,0.9994232987312572,0.8633480130019923,0.8029297677940501,0.7114574813882771,0.9767746670860856,0.6525808493252738,11,0.7272727272727273,0.8888888888888888,0.0,0.0,0.7272727272727273
medium,123,sensor_501_multivar_labeled,drift,0.25,ewma_s48_w96_t2.2,0,1583,139,23,0.907163323782235,0.0,0.0,0.0,0.0807200929152148,1.0,0.9192799070847852,0.4596399535423925,-0.0340002393318983,-0.0080720092915214,0.4160859465737514,0.0131805157593123,1,0.0,0.0,,,0.0
medium,123,sensor_501_multivar_labeled,flat,0.2,low_range_w24,25,1620,79,21,0.9426934097421203,0.2403846153846154,0.5434782608695652,0.3333333333333333,0.0464979399646851,0.4565217391304347,0.9535020600353148,0.7484901604524401,0.3363131411006897,0.3444513765720933,0.7931327891086829,0.3879816467190503,1,1.0,0.1111111111111111,10.0,10.0,0.0
medium,123,sensor_501_multivar_labeled,dropout,0.4499999999999999,dropout_w12,0,1709,36,0,0.9793696275071632,0.0,0.0,0.0,0.0206303724928366,0.0,0.9793696275071632,0.4896848137535816,0.0,-0.0020630372492836,,,0,,,,,
medium,123,sensor_502_multivar_labeled,spike,0.7999999999999999,z_w21_t3,4,1940,0,3,0.9984591679506932,1.0,0.5714285714285714,0.7272727272727273,0.0,0.4285714285714285,1.0,0.7857142857142857,0.7553451418798678,0.6487012987012987,0.870139911634757,0.5766517582498212,7,0.5714285714285714,1.0,0.0,0.0,0.5714285714285714
medium,123,sensor_502_multivar_labeled,drift,0.775,mean_shift_12_72,0,1636,2,309,0.8402670775552131,0.0,0.0,0.0,0.0012210012210012,1.0,0.9987789987789988,0.4993894993894994,-0.0139276385036228,-0.0001221001221001,0.4924299900028056,0.1561271346179014,3,0.0,0.0,,,0.0
medium,123,sensor_502_multivar_labeled,flat,0.575,flat_std_w18,40,1735,161,11,0.91165896250642,0.1990049751243781,0.7843137254901961,0.3174603174603174,0.084915611814346,0.2156862745098039,0.915084388185654,0.849699056837925,0.367120437981339,0.3995104455914237,0.8549371225283363,0.201086264344813,1,1.0,0.1,0.0,0.0,1.0
medium,123,sensor_502_multivar_labeled,dropout,0.75,dropout_w24,44,1783,99,21,0.938366718027735,0.3076923076923077,0.676923076923077,0.4230769230769231,0.0526036131774707,0.3230769230769231,0.9473963868225292,0.8121597318728031,0.4299194338838151,0.4343550232976375,0.9038379792364916,0.2490012771724598,1,1.0,0.2222222222222222,10.0,10.0,1.0
medium,123,sensor_505_multivar_labeled,spike,0.825,z_w21_t3,8,1969,0,4,0.9979808177688037,1.0,0.6666666666666666,0.8,0.0,0.3333333333333333,1.0,0.8333333333333333,0.8156684908760057,0.7100000000000001,0.9901599796851194,0.8597029363505009,12,0.6666666666666666,1.0,0.0,0.0,0.6666666666666666
medium,123,sensor_505_multivar_labeled,drift,0.25,ewma_s48_w96_t2.2,0,1777,204,0,0.8970217062089854,0.0,0.0,0.0,0.1029782937910146,0.0,0.8970217062089854,0.4485108531044927,0.0,-0.0102978293791014,,,0,,,,,
medium,123,sensor_505_multivar_labeled,flat,0.7999999999999999,flat_std_w18,0,1980,1,0,0.9994952044422007,0.0,0.0,0.0,0.000504795557799,0.0,0.9994952044422007,0.4997476022211004,0.0,-5.047955577990914e-05,,,0,,,,,
medium,123,sensor_505_multivar_labeled,dropout,0.75,dropout_w24,0,1976,5,0,0.9974760222110044,0.0,0.0,0.0,0.0025239777889954,0.0,0.9974760222110044,0.4987380111055022,0.0,-0.0002523977788995,,,0,,,,,
medium,123,sensor_506_multivar_labeled,spike,0.7999999999999999,z_w21_t3,16,5707,4,2,0.9989526968057252,0.8,0.8888888888888888,0.8421052631578948,0.0007004027315706,0.1111111111111111,0.9992995972684292,0.9440942430786592,0.8427571626147393,0.7655439948145623,0.9821397303449484,0.7547441780279381,18,0.8888888888888888,0.8,0.0,0.0,0.8888888888888888
medium,123,sensor_506_multivar_labeled,drift,0.775,ewma_s24_w48_t2.5,3,4884,11,831,0.8530284517367778,0.2142857142857142,0.0035971223021582,0.0070754716981132,0.0022471910112359,0.9964028776978416,0.997752808988764,0.5006749656454612,0.0096427054856132,0.0361812369965319,0.5144992075797993,0.151459182032077,2,0.5,0.125,34.0,34.0,0.5
medium,123,sensor_506_multivar_labeled,flat,0.75,flat_std_w36,0,5348,229,152,0.9334962471635538,0.0,0.0,0.0,0.0410615025999641,1.0,0.958938497400036,0.4794692487000179,-0.0336866534002429,-0.0041061502599964,0.6799336796806433,0.0521852442277038,1,0.0,0.0,,,0.0
medium,123,sensor_506_multivar_labeled,dropout,0.775,dropout_w24,203,5433,68,25,0.9837668004887417,0.7490774907749077,0.8903508771929824,0.8136272545090181,0.012361388838393,0.1096491228070175,0.987638611161607,0.9389947441772948,0.8084927899309851,0.7443630124193497,0.9803113947384364,0.7416608667685286,2,1.0,0.2,5.0,5.0,1.0
medium,123,sensor_507_multivar_labeled,spike,0.775,z_w21_t3,8,1983,1,5,0.9969954932398598,0.8888888888888888,0.6153846153846154,0.7272727272727274,0.0005040322580645,0.3846153846153846,0.9994959677419356,0.8074402915632755,0.7382506606802708,0.6451710419956389,0.8787996277915633,0.572570799246406,13,0.6153846153846154,0.8888888888888888,0.0,0.0,0.6153846153846154
medium,123,sensor_507_multivar_labeled,drift,0.05,ewma_s48_w96_t2.2,0,1706,291,0,0.8542814221331998,0.0,0.0,0.0,0.1457185778668002,0.0,0.8542814221331998,0.4271407110665999,0.0,-0.01457185778668,,,0,,,,,
medium,123,sensor_507_multivar_labeled,flat,0.75,flat_std_w18,7,1857,34,99,0.9334001001502252,0.1707317073170731,0.0660377358490566,0.0952380952380952,0.0179799048122686,0.9339622641509434,0.9820200951877314,0.524028915518394,0.0759777642412727,0.0864802292281939,0.8625315546331682,0.4457929817738317,2,0.5,0.2,16.0,16.0,0.0
medium,123,sensor_507_multivar_labeled,dropout,0.25,dropout_w12,0,1798,199,0,0.900350525788683,0.0,0.0,0.0,0.0996494742113169,0.0,0.900350525788683,0.4501752628943415,0.0,-0.0099649474211316,,,0,,,,,
medium,123,sensor_508_multivar_labeled,spike,0.75,z_w21_t3,9,1929,2,1,0.9984544049459042,0.8181818181818182,0.9,0.8571428571428572,0.0010357327809425,0.1,0.9989642672190576,0.9494821336095288,0.8573508231986252,0.7783379851634641,0.9884515794924909,0.7849620427881298,10,0.9,0.8181818181818182,0.0,0.0,0.9
medium,123,sensor_508_multivar_labeled,drift,0.75,slope_w36_t2.2,0,1735,0,206,0.8938691396187533,0.0,0.0,0.0,0.0,1.0,1.0,0.5,0.0,0.0,0.4940740326235975,0.1091462117585544,2,0.0,0.0,,,0.0
medium,123,sensor_508_multivar_labeled,flat,0.525,flat_std_w18,17,1865,25,34,0.9696032972694488,0.4047619047619047,0.3333333333333333,0.3655913978494623,0.0132275132275132,0.6666666666666666,0.9867724867724867,0.66005291005291,0.3519025655267763,0.3239076634237924,0.7582633053221289,0.2782585078014626,1,1.0,0.3333333333333333,0.0,0.0,1.0
medium,123,sensor_508_multivar_labeled,dropout,0.475,dropout_w12,28,1883,20,10,0.9845440494590416,0.5833333333333334,0.7368421052631579,0.6511627906976745,0.0105097214923804,0.2631578947368421,0.9894902785076196,0.8631661918853887,0.6479636968421475,0.6005249152436629,0.9234657189479216,0.6411063455270404,1,1.0,0.2,2.0,2.0,1.0
medium,123,sensor_509_multivar_labeled,spike,0.75,z_w21_t3,63,12772,0,10,0.9992214869599064,1.0,0.863013698630137,0.9264705882352942,0.0,0.136986301369863,1.0,0.9315068493150684,0.9286218389138404,0.8258158742949234,0.9722155485672854,0.8885053528168351,73,0.863013698630137,1.0,0.0,0.0,0.863013698630137
medium,123,sensor_509_multivar_labeled,drift,0.775,mean_shift_12_72,0,11298,6,1541,0.8795640326975477,0.0,0.0,0.0,0.0005307855626326,1.0,0.9994692144373672,0.4997346072186836,-0.0079816976168526,-5.307855626326964e-05,0.4958616120450089,0.1199785128590197,3,0.0,0.0,,,0.0
medium,123,sensor_509_multivar_labeled,flat,0.7999999999999999,flat_std_w18,0,11944,901,0,0.9298559750875828,0.0,0.0,0.0,0.0701440249124172,0.0,0.9298559750875828,0.4649279875437913,0.0,-0.0070144024912417,,,0,,,,,
medium,123,sensor_509_multivar_labeled,dropout,0.875,dropout_w24,478,11892,441,34,0.9630206305955624,0.5201305767138193,0.93359375,0.6680642907058001,0.0357577231817076,0.06640625,0.9642422768182924,0.9489180134091462,0.6814927124718835,0.6551508700065122,0.9733581270777588,0.5074170236603422,2,1.0,0.0363636363636363,6.0,6.0,1.0
medium,123,sensor_510_multivar_labeled,spike,0.85,z_w21_t3,51,9558,1,6,0.9992720465890182,0.9807692307692308,0.8947368421052632,0.9357798165137614,0.00010461345329,0.1052631578947368,0.99989538654671,0.9473161143259864,0.9364115083052904,0.8366268933328272,0.987658365497382,0.956709497373896,57,0.8947368421052632,0.9807692307692308,0.0,0.0,0.8947368421052632
medium,123,sensor_510_multivar_labeled,drift,0.25,ewma_s48_w96_t2.2,0,9096,520,0,0.9459234608985024,0.0,0.0,0.0,0.0540765391014975,0.0,0.9459234608985024,0.4729617304492512,0.0,-0.0054076539101497,,,0,,,,,
medium,123,sensor_510_multivar_labeled,flat,0.6,flat_std_w36,2,8782,578,254,0.913477537437604,0.0034482758620689,0.0078125,0.0047846889952153,0.0617521367521367,0.9921875,0.9382478632478632,0.4730301816239316,-0.0364723558551869,-0.0011611122480564,0.479204852764423,0.0257851582602924,1,1.0,0.0227272727272727,77.0,77.0,0.0
medium,123,sensor_510_multivar_labeled,dropout,0.85,dropout_w24,0,9344,272,0,0.9717138103161398,0.0,0.0,0.0,0.0282861896838602,0.0,0.9717138103161398,0.4858569051580699,0.0,-0.002828618968386,,,0,,,,,
medium,123,sensor_511_multivar_labeled,spike,0.875,z_w21_t3,17,4037,0,7,0.9982762866289092,1.0,0.7083333333333334,0.8292682926829268,0.0,0.2916666666666667,1.0,0.8541666666666667,0.8408966863170633,0.7356707317073171,0.9745840558170258,0.827190775120418,24,0.7083333333333334,1.0,0.0,0.0,0.7083333333333334
medium,123,sensor_511_multivar_labeled,drift,0.05,ewma_s48_w96_t2.2,0,3367,694,0,0.8291061314947057,0.0,0.0,0.0,0.1708938685052942,0.0,0.8291061314947057,0.4145530657473528,0.0,-0.0170893868505294,,,0,,,,,
medium,123,sensor_511_multivar_labeled,flat,0.65,flat_std_w18,0,3901,160,0,0.9606008372322088,0.0,0.0,0.0,0.0393991627677911,0.0,0.9606008372322088,0.4803004186161044,0.0,-0.0039399162767791,,,0,,,,,
medium,123,sensor_511_multivar_labeled,dropout,0.775,dropout_w24,0,3982,79,0,0.9805466633834032,0.0,0.0,0.0,0.0194533366165968,0.0,0.9805466633834032,0.4902733316917015,0.0,-0.0019453336616596,,,0,,,,,
medium,321,sensor_501_multivar_labeled,spike,0.7999999999999999,z_w21_t3,5,1737,1,2,0.9982808022922636,0.8333333333333334,0.7142857142857143,0.7692307692307692,0.0005753739930955,0.2857142857142857,0.9994246260069044,0.8568551701463094,0.7706735939793481,0.6853820230402509,0.968231135952655,0.5612978524743231,7,0.7142857142857143,0.8333333333333334,0.0,0.0,0.7142857142857143
medium,321,sensor_501_multivar_labeled,drift,0.775,mean_shift_12_72,0,1629,0,116,0.9335243553008596,0.0,0.0,0.0,0.0,1.0,1.0,0.5,0.0,0.0,0.479842721364916,0.0647261996882138,2,0.0,0.0,,,0.0
medium,321,sensor_501_multivar_labeled,flat,0.75,flat_std_w18,0,1739,6,0,0.9965616045845272,0.0,0.0,0.0,0.0034383954154727,0.0,0.9965616045845272,0.4982808022922636,0.0,-0.0003438395415472,,,0,,,,,
medium,321,sensor_501_multivar_labeled,dropout,0.5499999999999999,dropout_w24,0,1714,31,0,0.9822349570200573,0.0,0.0,0.0,0.0177650429799426,0.0,0.9822349570200573,0.4911174785100286,0.0,-0.0017765042979942,,,0,,,,,
medium,321,sensor_502_multivar_labeled,spike,0.825,z_w21_t3,8,1930,0,9,0.99537750385208,1.0,0.4705882352941176,0.6399999999999999,0.0,0.5294117647058824,1.0,0.7352941176470589,0.6844004442469548,0.5791764705882353,0.9408259676927766,0.6014951584139122,17,0.4705882352941176,1.0,0.0,0.0,0.4705882352941176
medium,321,sensor_502_multivar_labeled,drift,0.775,mean_shift_12_72,0,1922,0,25,0.9871597329224449,0.0,0.0,0.0,0.0,1.0,1.0,0.5,0.0,0.0,0.5033922996878252,0.0132473628066848,1,0.0,0.0,,,0.0
medium,321,sensor_502_multivar_labeled,flat,0.7,flat_std_w18,0,1869,78,0,0.9599383667180276,0.0,0.0,0.0,0.0400616332819722,0.0,0.9599383667180276,0.4799691833590138,0.0,-0.0040061633281972,,,0,,,,,
medium,321,sensor_502_multivar_labeled,dropout,0.7999999999999999,dropout_w24,0,1845,102,0,0.9476117103235748,0.0,0.0,0.0,0.0523882896764252,0.0,0.9476117103235748,0.4738058551617873,0.0,-0.0052388289676425,,,0,,,,,
medium,321,sensor_505_multivar_labeled,spike,0.725,z_w21_t3,6,1973,0,2,0.9989904088844018,1.0,0.75,0.8571428571428571,0.0,0.25,1.0,0.875,0.8655867988417533,0.7607142857142857,0.9043968575772934,0.7530707779624912,8,0.75,1.0,0.0,0.0,0.75
medium,321,sensor_505_multivar_labeled,drift,0.75,slope_w36_t2.2,0,1960,21,0,0.9893992932862192,0.0,0.0,0.0,0.0106007067137809,0.0,0.9893992932862192,0.4946996466431095,0.0,-0.001060070671378,,,0,,,,,
medium,321,sensor_505_multivar_labeled,flat,0.7999999999999999,flat_std_w18,31,1926,3,21,0.9878849066128218,0.9117647058823528,0.5961538461538461,0.7209302325581395,0.0015552099533437,0.4038461538461538,0.9984447900466564,0.7972993181002512,0.7319295145076997,0.6398739433843352,0.90487797583443,0.6461277337156084,1,1.0,0.5,4.0,4.0,1.0
medium,321,sensor_505_multivar_labeled,dropout,0.75,dropout_w24,21,1937,5,18,0.9883897021706208,0.8076923076923077,0.5384615384615384,0.6461538461538461,0.0025746652935118,0.4615384615384615,0.9974253347064882,0.7679434365840133,0.6541389060932675,0.5732040719321871,0.9814756132984764,0.7537225922538566,1,1.0,0.3333333333333333,10.0,10.0,0.0
medium,321,sensor_506_multivar_labeled,spike,0.7999999999999999,z_w21_t3,26,5693,4,6,0.9982544946762087,0.8666666666666667,0.8125,0.8387096774193549,0.0007021239248727,0.1875,0.9992978760751272,0.9058989380375636,0.8382741110413825,0.7510991424462224,0.9431115060558188,0.7456465254079319,32,0.8125,0.8666666666666667,0.0,0.0,0.8125
medium,321,sensor_506_multivar_labeled,drift,0.775,ewma_s48_w96_t2.2,0,5411,13,305,0.9444929307034386,0.0,0.0,0.0,0.0023967551622418,1.0,0.997603244837758,0.498801622418879,-0.0113087771333855,-0.0002396755162241,0.497351177523091,0.0536867186327032,1,0.0,0.0,,,0.0
medium,321,sensor_506_multivar_labeled,flat,0.3749999999999999,low_range_w24,278,4576,849,26,0.8472682841682667,0.2466725820763088,0.9144736842105264,0.3885394828791055,0.1564976958525345,0.0855263157894736,0.8435023041474654,0.8789879941789959,0.4274219741466226,0.4705359902849482,0.9333052389037108,0.539505525831416,2,1.0,0.056338028169014,4.5,4.5,1.0
medium,321,sensor_506_multivar_labeled,dropout,0.775,dropout_w24,92,5548,67,22,0.984465002618258,0.5786163522012578,0.8070175438596491,0.673992673992674,0.0119323241317898,0.1929824561403508,0.9880676758682102,0.8975426098639296,0.6759503953889304,0.6310011868716077,0.9390565684023058,0.5044741714920118,1,1.0,0.1111111111111111,11.0,11.0,1.0
medium,321,sensor_507_multivar_labeled,spike,0.725,z_w21_t3,10,1979,2,6,0.9959939909864796,0.8333333333333334,0.625,0.7142857142857143,0.0010095911155981,0.375,0.9989904088844018,0.811995204442201,0.719795728174826,0.6338276123170116,0.8922103735487128,0.5842255558470129,16,0.625,0.8333333333333334,0.0,0.0,0.625
medium,321,sensor_507_multivar_labeled,drift,0.7,mean_shift_12_72,0,1992,5,0,0.9974962443665498,0.0,0.0,0.0,0.0025037556334501,0.0,0.9974962443665498,0.4987481221832749,0.0,-0.000250375563345,,,0,,,,,
medium,321,sensor_507_multivar_labeled,flat,0.35,flat_std_w18,40,1862,82,13,0.9524286429644466,0.3278688524590163,0.7547169811320755,0.4571428571428572,0.0421810699588477,0.2452830188679245,0.9578189300411524,0.856267955586614,0.4782029721238371,0.4770916009268761,0.9271779641276496,0.3793569442943504,1,1.0,0.125,6.0,6.0,1.0
medium,321,sensor_507_multivar_labeled,dropout,0.4999999999999999,dropout_w12,28,1898,60,11,0.9644466700050076,0.3181818181818182,0.717948717948718,0.4409448818897638,0.0306435137895812,0.282051282051282,0.9693564862104188,0.8436526020795684,0.4633871424490903,0.4584727335833237,0.9335795290851472,0.276034064349128,1,1.0,0.1666666666666666,5.0,5.0,1.0
medium,321,sensor_508_multivar_labeled,spike,0.775,z_w21_t3,7,1927,1,6,0.996393611540443,0.875,0.5384615384615384,0.6666666666666667,0.0005186721991701,0.4615384615384615,0.99948132780083,0.7689714331311841,0.6848578262881365,0.5927365943185445,0.8699928183849346,0.5291866532265668,13,0.5384615384615384,0.875,0.0,0.0,0.5384615384615384
medium,321,sensor_508_multivar_labeled,drift,0.725,mean_shift_12_72,1,1833,5,102,0.9448737764039156,0.1666666666666666,0.0097087378640776,0.018348623853211,0.0027203482045701,0.9902912621359224,0.9972796517954298,0.5034941948297538,0.0282196984357441,0.0358974672727112,0.4846762521525085,0.0663023858472087,1,1.0,0.25,22.0,22.0,0.0
medium,321,sensor_508_multivar_labeled,flat,0.7999999999999999,flat_std_w18,0,1824,15,102,0.9397217928902628,0.0,0.0,0.0,0.0081566068515497,1.0,0.9918433931484504,0.4959216965742251,-0.020783883979171,-0.0008156606851549,0.8028979944343153,0.3977837389924551,2,0.0,0.0,,,0.0
medium,321,sensor_508_multivar_labeled,dropout,0.4499999999999999,dropout_w12,30,1812,91,8,0.9489953632148376,0.2479338842975206,0.7894736842105263,0.3773584905660377,0.047819232790331,0.2105263157894736,0.9521807672096688,0.8708272257100976,0.4249955874835334,0.4390615853834699,0.9161573139364438,0.619151144679329,1,1.0,0.0909090909090909,4.0,4.0,1.0
medium,321,sensor_509_multivar_labeled,spike,0.775,z_w21_t3,65,12764,1,15,0.9987543791358504,0.9848484848484848,0.8125,0.8904109589041096,7.833920877399138e-05,0.1875,0.999921660791226,0.906210830395613,0.8939567218382887,0.7921543703132445,0.9948114962788877,0.893401655058506,80,0.8125,1.0,0.0,0.0,0.8125
medium,321,sensor_509_multivar_labeled,drift,0.25,slope_w36_t2.2,38,11388,772,647,0.8895289996107435,0.0469135802469135,0.0554744525547445,0.0508361204013377,0.0634868421052631,0.9445255474452556,0.9365131578947368,0.4959938052247407,-0.0074064240275827,0.040206942773536,0.4896568262581637,0.0524697781678786,1,1.0,0.0419580419580419,62.0,62.0,1.0
medium,321,sensor_509_multivar_labeled,flat,0.25,low_range_w24,653,9033,3128,31,0.7540677306344882,0.1727056334303094,0.9546783625730996,0.2924972004479284,0.2572156894992188,0.0453216374269005,0.7427843105007812,0.8487313365369403,0.3436136263636924,0.4182115250381221,0.9224679146403684,0.4011200533701585,2,1.0,0.0125786163522012,4.5,4.5,1.0
medium,321,sensor_509_multivar_labeled,dropout,0.7999999999999999,dropout_w24,240,12196,393,16,0.9681588166601792,0.3791469194312796,0.9375,0.5399325084364454,0.0312177297640797,0.0625,0.9687822702359202,0.9531411351179602,0.5851723950399337,0.5779698937346844,0.9715333078481214,0.378641921317332,1,1.0,0.0357142857142857,0.0,0.0,1.0
medium,321,sensor_510_multivar_labeled,spike,0.85,z_w21_t3,47,9556,1,12,0.9986480865224624,0.9791666666666666,0.7966101694915254,0.8785046728971962,0.0001046353458198,0.2033898305084746,0.9998953646541802,0.8982527670728528,0.8825603135540862,0.7811746901166139,0.975999489237634,0.8382990235549619,59,0.7966101694915254,0.9791666666666666,0.0,0.0,0.7966101694915254
medium,321,sensor_510_multivar_labeled,drift,0.775,ewma_s48_w96_t2.2,0,9484,4,128,0.9862728785357736,0.0,0.0,0.0,0.0004215851602023,1.0,0.9995784148397976,0.4997892074198988,-0.0023694129699331,-4.215851602023609e-05,0.4993404497786678,0.0137660129378019,1,0.0,0.0,,,0.0
medium,321,sensor_510_multivar_labeled,flat,0.85,flat_std_w36,0,8706,654,256,0.9053660565723792,0.0,0.0,0.0,0.0698717948717948,1.0,0.9301282051282052,0.4650641025641026,-0.0446754013394937,-0.0069871794871794,0.3980385283119658,0.0260545757268609,1,0.0,0.0,,,0.0
medium,321,sensor_510_multivar_labeled,dropout,0.825,flat_std_w18,341,8954,278,43,0.966618136439268,0.5508885298869144,0.8880208333333334,0.6799601196410767,0.0301126516464471,0.1119791666666666,0.9698873483535528,0.928954090843443,0.6844790103339965,0.6520103181568769,0.9625635527242202,0.52087280329895,2,1.0,0.0869565217391304,10.5,10.5,1.0
medium,321,sensor_511_multivar_labeled,spike,0.9,z_w21_t3,9,4040,0,12,0.9970450627924156,1.0,0.4285714285714285,0.6,0.0,0.5714285714285714,1.0,0.7142857142857143,0.6536835733550129,0.5485714285714286,0.975106082036775,0.7069996966452021,20,0.45,1.0,0.0,0.0,0.45
medium,321,sensor_511_multivar_labeled,drift,0.25,slope_w36_t2.2,25,3406,439,191,0.8448657966018223,0.0538793103448275,0.1157407407407407,0.0735294117647058,0.1141742522756827,0.8842592592592593,0.8858257477243173,0.5007832442325291,0.0011050273819652,0.0644749288404957,0.5086259211096662,0.0538025112371554,1,1.0,0.056,0.0,0.0,1.0
medium,321,sensor_511_multivar_labeled,flat,0.75,flat_std_w36,0,3898,163,0,0.9598621029303128,0.0,0.0,0.0,0.0401378970696872,0.0,0.9598621029303128,0.4799310514651563,0.0,-0.0040137897069687,,,0,,,,,
medium,321,sensor_511_multivar_labeled,dropout,0.625,dropout_w24,63,3908,72,18,0.9778379709431174,0.4666666666666667,0.7777777777777778,0.5833333333333334,0.0180904522613065,0.2222222222222222,0.9819095477386934,0.8798436627582356,0.5924843651155172,0.5640242881072026,0.9156182145294371,0.4051670208763785,1,1.0,0.125,10.0,10.0,1.0
medium,42,sensor_501_multivar_labeled,spike,0.7999999999999999,z_w21_t3,8,1731,1,5,0.9965616045845272,0.8888888888888888,0.6153846153846154,0.7272727272727274,0.0005773672055427,0.3846153846153846,0.9994226327944572,0.8074036240895364,0.7380545870810983,0.645163708500891,0.9227216201812044,0.599761281427428,13,0.6153846153846154,0.8888888888888888,0.0,0.0,0.6153846153846154
medium,42,sensor_501_multivar_labeled,drift,0.25,slope_w36_t2.2,0,1560,185,0,0.8939828080229226,0.0,0.0,0.0,0.1060171919770773,0.0,0.8939828080229226,0.4469914040114613,0.0,-0.0106017191977077,,,0,,,,,
medium,42,sensor_501_multivar_labeled,flat,0.6,flat_std_w18,0,1696,49,0,0.971919770773639,0.0,0.0,0.0,0.028080229226361,0.0,0.971919770773639,0.4859598853868195,0.0,-0.0028080229226361,,,0,,,,,
medium,42,sensor_501_multivar_labeled,dropout,0.75,dropout_w12,19,1696,15,15,0.982808022922636,0.5588235294117647,0.5588235294117647,0.5588235294117647,0.0087668030391583,0.4411764705882353,0.9912331969608416,0.7750283631863032,0.5500567263726063,0.5020644961666724,0.8779007804173685,0.3645045021744142,1,1.0,0.3333333333333333,7.0,7.0,0.0
medium,42,sensor_502_multivar_labeled,spike,0.85,z_w21_t3,9,1934,0,4,0.9979455572675912,1.0,0.6923076923076923,0.8181818181818181,0.0,0.3076923076923077,1.0,0.8461538461538461,0.8311911817759272,0.7258741258741258,0.9802521676875348,0.7785012919896641,13,0.6923076923076923,1.0,0.0,0.0,0.6923076923076923
medium,42,sensor_502_multivar_labeled,drift,0.25,slope_w36_t2.2,19,1619,113,196,0.8412942989214176,0.1439393939393939,0.0883720930232558,0.1095100864553314,0.0652424942263279,0.9116279069767442,0.934757505773672,0.5115647993984639,0.0288360648222847,0.0908578264801521,0.5078172834201622,0.1214217428804061,2,1.0,0.1095890410958904,11.5,11.5,1.0
medium,42,sensor_502_multivar_labeled,flat,0.725,flat_std_w18,0,1864,83,0,0.9573703133025168,0.0,0.0,0.0,0.0426296866974833,0.0,0.9573703133025168,0.4786851566512583,0.0,-0.0042629686697483,,,0,,,,,
medium,42,sensor_502_multivar_labeled,dropout,0.7,dropout_w24,0,1830,117,0,0.9399075500770416,0.0,0.0,0.0,0.0600924499229583,0.0,0.9399075500770416,0.4699537750385208,0.0,-0.0060092449922958,,,0,,,,,
medium,42,sensor_505_multivar_labeled,spike,0.775,z_w21_t3,6,1972,0,3,0.9984856133266028,1.0,0.6666666666666666,0.8,0.0,0.3333333333333333,1.0,0.8333333333333333,0.815876221273067,0.7100000000000001,0.975152129817444,0.6936048474510013,9,0.6666666666666666,1.0,0.0,0.0,0.6666666666666666
medium,42,sensor_505_multivar_labeled,drift,0.25,ewma_s48_w96_t2.2,1,1782,173,25,0.9000504795557799,0.0057471264367816,0.0384615384615384,0.01,0.0884910485933503,0.9615384615384616,0.9115089514066496,0.474985244934094,-0.0201155821139669,0.0080514256446437,0.4468325791855204,0.0140991788858056,1,1.0,0.0188679245283018,1.0,1.0,1.0
medium,42,sensor_505_multivar_labeled,flat,0.775,flat_std_w36,0,1959,22,0,0.98889449772842,0.0,0.0,0.0,0.01110550227158,0.0,0.98889449772842,0.49444724886421,0.0,-0.001110550227158,,,0,,,,,
medium,42,sensor_505_multivar_labeled,dropout,0.675,dropout_w24,22,1934,8,17,0.9873801110550228,0.7333333333333333,0.5641025641025641,0.6376811594202899,0.0041194644696189,0.4358974358974359,0.995880535530381,0.7799915498164726,0.6370046085986488,0.5657753445229378,0.9761282315350288,0.5713391475417378,1,1.0,0.25,9.0,9.0,0.0
medium,42,sensor_506_multivar_labeled,spike,0.825,z_w21_t3,18,5699,3,9,0.9979053936114504,0.8571428571428571,0.6666666666666666,0.75,0.0005261311820413,0.3333333333333333,0.9994738688179586,0.8330702677423126,0.7549352787764015,0.6660188154532244,0.9482475284825336,0.6057578643468692,27,0.6666666666666666,0.8571428571428571,0.0,0.0,0.6666666666666666
medium,42,sensor_506_multivar_labeled,drift,0.25,mean_shift_12_72,24,4848,576,281,0.850410193751091,0.04,0.0786885245901639,0.0530386740331491,0.1061946902654867,0.921311475409836,0.8938053097345132,0.4862469171623386,-0.0201673037691534,0.0428544916654176,0.4938258619855893,0.051757938915635,1,1.0,0.0568720379146919,3.0,3.0,1.0
medium,42,sensor_506_multivar_labeled,flat,0.35,low_range_w24,141,4478,1099,11,0.8062489090591727,0.1137096774193548,0.9276315789473684,0.2025862068965517,0.1970593509055047,0.0723684210526315,0.8029406490944953,0.8652861140209318,0.2851015837669383,0.3668037833100115,0.8923362400083047,0.2144895434999377,1,1.0,0.0149253731343283,0.0,0.0,1.0
medium,42,sensor_506_multivar_labeled,dropout,0.775,dropout_w24,283,5216,171,59,0.9598533775528016,0.6233480176211453,0.827485380116959,0.7110552763819095,0.0317430852051234,0.1725146198830409,0.9682569147948764,0.8978711474559178,0.6979427888424466,0.6585483825296065,0.9439779217240551,0.5719127939105183,3,1.0,0.2307692307692307,9.666666666666666,9.0,1.0
medium,42,sensor_507_multivar_labeled,spike,0.75,z_w21_t3,2,1991,1,3,0.9979969954932398,0.6666666666666666,0.4,0.5,0.0005020080321285,0.6,0.9994979919678716,0.6997489959839358,0.5154909742244579,0.4449497991967871,0.8072289156626506,0.2883335985513742,5,0.4,0.6666666666666666,0.0,0.0,0.4
medium,42,sensor_507_multivar_labeled,drift,0.25,mean_shift_12_72,16,1560,231,190,0.7891837756634953,0.0647773279352226,0.0776699029126213,0.0706401766004415,0.1289782244556113,0.9223300970873788,0.8710217755443886,0.474345839228505,-0.0474025505340009,0.0519078270887073,0.4724377009101603,0.1017803187760134,2,0.5,0.0769230769230769,1.0,1.0,0.5
medium,42,sensor_507_multivar_labeled,flat,0.7999999999999999,flat_std_w18,2,1861,30,104,0.9328993490235352,0.0625,0.0188679245283018,0.0289855072463768,0.0158646218931782,0.981132075471698,0.9841353781068218,0.5015016513175619,0.0053621817187947,0.0264923934300423,0.8574778244514732,0.4540412875721728,2,0.5,0.25,25.0,25.0,0.0
medium,42,sensor_507_multivar_labeled,dropout,0.725,flat_std_w18,0,1962,35,0,0.9824737105658488,0.0,0.0,0.0,0.0175262894341512,0.0,0.9824737105658488,0.4912368552829244,0.0,-0.0017526289434151,,,0,,,,,
medium,42,sensor_508_multivar_labeled,spike,0.7999999999999999,z_w21_t3,8,1929,1,3,0.9979392065945388,0.8888888888888888,0.7272727272727273,0.7999999999999999,0.0005181347150259,0.2727272727272727,0.999481865284974,0.8633772962788506,0.8030414568086703,0.7114633380436488,0.9276024493641074,0.7288254063961501,11,0.7272727272727273,0.8888888888888888,0.0,0.0,0.7272727272727273
medium,42,sensor_508_multivar_labeled,drift,0.525,ewma_s48_w96_t2.2,5,1795,18,123,0.927357032457496,0.217391304347826,0.0390625,0.0662251655629139,0.0099282956425813,0.9609375,0.9900717043574186,0.5145671021787093,0.0668219014650394,0.073135940591227,0.494296831908439,0.0851885213740693,2,1.0,0.1333333333333333,28.5,28.5,0.0
medium,42,sensor_508_multivar_labeled,flat,0.7999999999999999,flat_std_w18,3,1831,32,75,0.9448737764039156,0.0857142857142857,0.0384615384615384,0.0530973451327433,0.0171765968867418,0.9615384615384616,0.9828234031132582,0.5106424707873983,0.0314145411657541,0.0465717500166647,0.8708864940748998,0.3664308578017256,2,0.5,0.25,7.0,7.0,0.0
medium,42,sensor_508_multivar_labeled,dropout,0.7999999999999999,flat_std_w18,39,1855,6,41,0.975785677485832,0.8666666666666667,0.4875,0.624,0.0032240730789897,0.5125,0.9967759269210102,0.7421379634605051,0.6397136795720942,0.556727592692101,0.9166174099946264,0.642554741122011,2,1.0,0.5,9.5,9.5,0.0
medium,42,sensor_509_multivar_labeled,spike,0.75,z_w21_t3,61,12775,0,9,0.999299338263916,1.0,0.8714285714285714,0.931297709923664,0.0,0.1285714285714285,1.0,0.9357142857142856,0.9331747324867352,0.8305125408942203,0.972599944087224,0.9021370544081768,70,0.8714285714285714,1.0,0.0,0.0,0.8714285714285714
medium,42,sensor_509_multivar_labeled,drift,0.25,ewma_s48_w96_t2.2,41,10942,533,1329,0.8550408719346049,0.0714285714285714,0.02992700729927,0.0421810699588477,0.0464488017429193,0.97007299270073,0.9535511982570806,0.4917391027781753,-0.0246829987375283,0.0340289892112562,0.4874958891910373,0.1048385940932286,2,1.0,0.0746887966804979,57.5,57.5,1.0
medium,42,sensor_509_multivar_labeled,flat,0.75,flat_std_w18,35,11536,967,307,0.900817438692098,0.0349301397205588,0.1023391812865497,0.0520833333333333,0.0773414380548668,0.8976608187134503,0.9226585619451332,0.5124988716158414,0.0150056995308621,0.051644631538562,0.8945228583736395,0.185316411548723,1,1.0,0.0816326530612244,33.0,33.0,1.0
medium,42,sensor_509_multivar_labeled,dropout,0.775,dropout_w24,479,11705,628,33,0.9485402880498248,0.4327009936766034,0.935546875,0.5917232859789994,0.0509202951431119,0.064453125,0.949079704856888,0.942313289928444,0.6166780173136364,0.606752660727729,0.9564521063913888,0.4206873458961793,2,1.0,0.0377358490566037,8.5,8.5,1.0
medium,42,sensor_510_multivar_labeled,spike,0.85,z_w21_t3,41,9565,1,9,0.9989600665557404,0.9761904761904762,0.82,0.8913043478260869,0.0001045369015262,0.18,0.9998954630984738,0.9099477315492368,0.8942054591270419,0.7935050742601579,0.9840204892326992,0.8818419270285095,50,0.82,0.9761904761904762,0.0,0.0,0.82
medium,42,sensor_510_multivar_labeled,drift,0.75,slope_w36_t2.2,2,9058,46,510,0.942179700499168,0.0416666666666666,0.00390625,0.0071428571428571,0.0050527240773286,0.99609375,0.9949472759226714,0.4994267629613357,-0.0036524488482058,0.0101308883065528,0.491964598322166,0.0528850937746702,1,1.0,0.0476190476190476,155.0,155.0,0.0
medium,42,sensor_510_multivar_labeled,flat,0.775,flat_std_w36,0,8926,690,0,0.9282445923460898,0.0,0.0,0.0,0.0717554076539101,0.0,0.9282445923460898,0.4641222961730449,0.0,-0.007175540765391,,,0,,,,,
medium,42,sensor_510_multivar_labeled,dropout,0.85,dropout_w24,354,8937,295,30,0.966202163061564,0.5454545454545454,0.921875,0.6853823814133592,0.0319540727902946,0.078125,0.9680459272097054,0.9449604636048528,0.6945747583314653,0.6636073461751639,0.9717482330480935,0.5275343698337375,2,1.0,0.0869565217391304,4.0,4.0,1.0
medium,42,sensor_511_multivar_labeled,spike,0.2249999999999999,z_w21_t3,24,4029,4,4,0.9980300418616104,0.8571428571428571,0.8571428571428571,0.8571428571428571,0.0009918175055789,0.1428571428571428,0.999008182494421,0.928075519818639,0.8561510396372781,0.7713293896780135,0.9899179979455208,0.8605150204219735,28,0.8571428571428571,0.8571428571428571,0.0,0.0,0.8571428571428571
medium,42,sensor_511_multivar_labeled,drift,0.775,slope_w36_t2.2,3,3832,13,213,0.944348682590495,0.1875,0.0138888888888888,0.0258620689655172,0.0033810143042912,0.9861111111111112,0.9966189856957088,0.5052539372922988,0.037641825236088,0.0435914962707202,0.5017669652747676,0.0554066654737325,1,1.0,0.1,19.0,19.0,1.0
medium,42,sensor_511_multivar_labeled,flat,0.775,flat_std_w18,94,3726,227,14,0.9406550110810146,0.292834890965732,0.8703703703703703,0.4382284382284382,0.0574247407032633,0.1296296296296296,0.9425752592967368,0.9064728148335536,0.4847842126574715,0.4964966678884417,0.9035238122007666,0.2691096714138,1,1.0,0.0909090909090909,0.0,0.0,1.0
medium,42,sensor_511_multivar_labeled,dropout,0.825,dropout_w24,128,3789,110,34,0.964540753508988,0.5378151260504201,0.7901234567901234,0.64,0.0282123621441395,0.2098765432098765,0.9717876378558604,0.880955547322992,0.6348158987384926,0.6028880697301862,0.9289450603035284,0.4770802842544275,2,1.0,0.25,9.0,9.0,1.0
medium,777,sensor_501_multivar_labeled,spike,0.775,z_w21_t3,5,1737,1,2,0.9982808022922636,0.8333333333333334,0.7142857142857143,0.7692307692307692,0.0005753739930955,0.2857142857142857,0.9994246260069044,0.8568551701463094,0.7706735939793481,0.6853820230402509,0.9523261548578004,0.6023250089509489,7,0.7142857142857143,0.8333333333333334,0.0,0.0,0.7142857142857143
medium,777,sensor_501_multivar_labeled,drift,0.75,ewma_s24_w48_t2.5,1,1652,0,92,0.9472779369627508,1.0,0.010752688172043,0.0212765957446808,0.0,0.989247311827957,1.0,0.5053763440860215,0.1009230360662961,0.1628002745367192,0.5368305605457054,0.0734974660976829,1,1.0,1.0,71.0,71.0,0.0
medium,777,sensor_501_multivar_labeled,flat,0.775,flat_std_w36,4,1599,8,134,0.9186246418338108,0.3333333333333333,0.0289855072463768,0.0533333333333333,0.0049782202862476,0.9710144927536232,0.9950217797137524,0.5120036434800646,0.0783972196671238,0.0821978301452882,0.7887412858598704,0.460159226931701,3,0.3333333333333333,0.3333333333333333,4.0,4.0,0.3333333333333333
medium,777,sensor_501_multivar_labeled,dropout,0.575,dropout_w12,19,1683,28,15,0.9753581661891118,0.4042553191489361,0.5588235294117647,0.4691358024691358,0.0163646990064289,0.4411764705882353,0.983635300993571,0.7712294152026679,0.4631412618983665,0.437759997906338,0.8364647436999347,0.3082635831689058,1,1.0,0.2,7.0,7.0,0.0
medium,777,sensor_502_multivar_labeled,spike,0.825,z_w21_t3,5,1939,0,3,0.9984591679506932,1.0,0.625,0.7692307692307693,0.0,0.375,1.0,0.8125,0.7899585435419589,0.6836538461538463,0.984850438370294,0.8220829668718851,8,0.625,1.0,0.0,0.0,0.625
medium,777,sensor_502_multivar_labeled,drift,0.25,slope_w36_t2.2,0,1835,112,0,0.9424756034925528,0.0,0.0,0.0,0.0575243965074473,0.0,0.9424756034925528,0.4712378017462763,0.0,-0.0057524396507447,,,0,,,,,
medium,777,sensor_502_multivar_labeled,flat,0.4999999999999999,flat_std_w18,0,1759,137,51,0.9034411915767848,0.0,0.0,0.0,0.0722573839662447,1.0,0.9277426160337552,0.4638713080168776,-0.0451218521026168,-0.0072257383966244,0.4187763713080168,0.0261941448382126,1,0.0,0.0,,,0.0
medium,777,sensor_502_multivar_labeled,dropout,0.7999999999999999,dropout_w24,0,1835,112,0,0.9424756034925528,0.0,0.0,0.0,0.0575243965074473,0.0,0.9424756034925528,0.4712378017462763,0.0,-0.0057524396507447,,,0,,,,,
medium,777,sensor_505_multivar_labeled,spike,0.675,z_w21_t3,6,1973,1,1,0.9989904088844018,0.8571428571428571,0.8571428571428571,0.8571428571428571,0.0005065856129685,0.1428571428571428,0.9994934143870314,0.9283181357649444,0.8566362715298885,0.7713779128672745,0.9989506440874224,0.8874458874458874,7,0.8571428571428571,0.8571428571428571,0.0,0.0,0.8571428571428571
medium,777,sensor_505_multivar_labeled,drift,0.25,ewma_s48_w96_t2.2,6,1716,160,99,0.8692579505300353,0.036144578313253,0.0571428571428571,0.044280442804428,0.0852878464818763,0.9428571428571428,0.9147121535181236,0.4859275053304904,-0.0227572508309752,0.03396195850365,0.4825032998273937,0.0511464154757756,1,1.0,0.0384615384615384,49.0,49.0,0.0
medium,777,sensor_505_multivar_labeled,flat,0.725,flat_std_w18,0,1981,0,0,1.0,0.0,0.0,0.0,0.0,0.0,1.0,0.5,0.0,0.0,,,0,,,,,
medium,777,sensor_505_multivar_labeled,dropout,0.7999999999999999,dropout_w24,0,1977,4,0,0.9979808177688037,0.0,0.0,0.0,0.0020191822311963,0.0,0.9979808177688037,0.4989904088844018,0.0,-0.0002019182231196,,,0,,,,,
medium,777,sensor_506_multivar_labeled,spike,0.825,z_w21_t3,30,5690,4,5,0.998429045208588,0.8823529411764706,0.8571428571428571,0.8695652173913043,0.0007024938531787,0.1428571428571428,0.9992975061468212,0.9282201816448392,0.8688675102872088,0.7807298967600967,0.959834913944503,0.79989282540689,35,0.8571428571428571,0.8823529411764706,0.0,0.0,0.8571428571428571
medium,777,sensor_506_multivar_labeled,drift,0.775,ewma_s24_w48_t2.5,0,5338,10,381,0.9317507418397626,0.0,0.0,0.0,0.0018698578908002,1.0,0.9981301421091996,0.4990650710545998,-0.0111610933431856,-0.00018698578908,0.4936093557677019,0.0654575826421521,2,0.0,0.0,,,0.0
medium,777,sensor_506_multivar_labeled,flat,0.725,low_range_w24,117,5340,237,35,0.9525222551928784,0.3305084745762712,0.7697368421052632,0.4624505928853754,0.0424959655728886,0.2302631578947368,0.9575040344271114,0.8636204382661873,0.4854109091949861,0.4843504940591497,0.8891771184281305,0.2775176381060775,1,1.0,0.1538461538461538,17.0,17.0,1.0
medium,777,sensor_506_multivar_labeled,dropout,0.7999999999999999,dropout_w24,194,5419,82,34,0.9797521382440216,0.7028985507246377,0.8508771929824561,0.7698412698412699,0.0149063806580621,0.1491228070175438,0.9850936193419378,0.917985406162197,0.7631450129988286,0.7056358738661977,0.9408823595072028,0.64018568824095,2,1.0,0.1818181818181818,9.0,9.0,1.0
medium,777,sensor_507_multivar_labeled,spike,0.7,z_w21_t3,9,1983,3,2,0.9974962443665498,0.75,0.8181818181818182,0.7826086956521738,0.0015105740181268,0.1818181818181818,0.9984894259818732,0.9083356220818456,0.7821001154324039,0.709977401096211,0.988945344685526,0.7228241272336993,11,0.8181818181818182,0.75,0.0,0.0,0.8181818181818182
medium,777,sensor_507_multivar_labeled,drift,0.2249999999999999,slope_w36_t2.2,0,1776,221,0,0.8893340010015023,0.0,0.0,0.0,0.1106659989984977,0.0,0.8893340010015023,0.4446670005007511,0.0,-0.0110665998998497,,,0,,,,,
medium,777,sensor_507_multivar_labeled,flat,0.6,flat_std_w18,0,1909,88,0,0.9559339008512768,0.0,0.0,0.0,0.044066099148723,0.0,0.9559339008512768,0.4779669504256384,0.0,-0.0044066099148723,,,0,,,,,
medium,777,sensor_507_multivar_labeled,dropout,0.775,dropout_w12,46,1879,40,32,0.9639459188783176,0.5348837209302325,0.5897435897435898,0.5609756097560975,0.0208441896821261,0.4102564102564102,0.979155810317874,0.7844497000307318,0.5429260692655762,0.5075102404846431,0.877226386606272,0.3935317252426761,2,1.0,0.3333333333333333,8.0,8.0,0.5
medium,777,sensor_508_multivar_labeled,spike,0.825,z_w21_t3,8,1930,1,2,0.9984544049459042,0.8888888888888888,0.8,0.8421052631578948,0.0005178663904712,0.2,0.9994821336095288,0.8997410668047644,0.8425100380258786,0.7522289151153388,0.9766442257897462,0.6962456338152717,10,0.8,0.8888888888888888,0.0,0.0,0.8
medium,777,sensor_508_multivar_labeled,drift,0.75,slope_w36_t2.2,0,1734,1,206,0.893353941267388,0.0,0.0,0.0,0.0005763688760806,1.0,0.9994236311239192,0.4997118155619596,-0.0078231742862934,-5.763688760806917e-05,0.5013234100892532,0.1050617529756052,2,0.0,0.0,,,0.0
medium,777,sensor_508_multivar_labeled,flat,0.7999999999999999,flat_std_w18,0,1839,0,102,0.947449768160742,0.0,0.0,0.0,0.0,1.0,1.0,0.5,0.0,0.0,0.8520881979763085,0.6162057576625559,2,0.0,0.0,,,0.0
medium,777,sensor_508_multivar_labeled,dropout,0.725,dropout_w12,0,1935,6,0,0.9969088098918084,0.0,0.0,0.0,0.0030911901081916,0.0,0.9969088098918084,0.4984544049459041,0.0,-0.0003091190108191,,,0,,,,,
medium,777,sensor_509_multivar_labeled,spike,0.775,z_w21_t3,64,12768,0,13,0.9989879330478786,1.0,0.8311688311688312,0.9078014184397164,0.0,0.1688311688311688,1.0,0.9155844155844156,0.9112208406407812,0.8078612876485217,0.970092642320086,0.8740251855916419,77,0.8311688311688312,1.0,0.0,0.0,0.8311688311688312
medium,777,sensor_509_multivar_labeled,drift,0.05,ewma_s48_w96_t2.2,0,11746,1099,0,0.9144414168937328,0.0,0.0,0.0,0.085558583106267,0.0,0.9144414168937328,0.4572207084468664,0.0,-0.0085558583106267,,,0,,,,,
medium,777,sensor_509_multivar_labeled,flat,0.75,flat_std_w18,90,11833,328,594,0.9282210977033866,0.215311004784689,0.131578947368421,0.1633393829401089,0.0269714661623221,0.868421052631579,0.9730285338376778,0.5523037406030494,0.1323744443352494,0.1425759106350464,0.9398721394391332,0.4580680128737294,2,1.0,0.1875,97.5,97.5,0.5
medium,777,sensor_509_multivar_labeled,dropout,0.9,flat_std_w18,0,12408,437,0,0.9659789801479176,0.0,0.0,0.0,0.0340210198520825,0.0,0.9659789801479176,0.4829894900739587,0.0,-0.0034021019852082,,,0,,,,,
medium,777,sensor_510_multivar_labeled,spike,0.825,z_w21_t3,54,9551,2,9,0.9988560732113144,0.9642857142857144,0.8571428571428571,0.907563025210084,0.0002093583167591,0.1428571428571428,0.9997906416832408,0.928466749413049,0.9085824092801972,0.8101681397985759,0.9658313934457554,0.85988035566598,62,0.8548387096774194,0.9636363636363636,0.0,0.0,0.8548387096774194
medium,777,sensor_510_multivar_labeled,drift,0.775,ewma_s48_w96_t2.2,1,9099,5,511,0.9463394342762064,0.1666666666666666,0.001953125,0.0038610038610038,0.00054920913884,0.998046875,0.99945079086116,0.50070195793058,0.0126227757442353,0.0272684683235677,0.5040962205829855,0.0544945834591049,1,1.0,0.1666666666666666,503.0,503.0,0.0
medium,777,sensor_510_multivar_labeled,flat,0.4249999999999999,flat_std_w36,247,8386,718,265,0.8977745424292846,0.2559585492227979,0.482421875,0.3344617467840216,0.0788664323374341,0.517578125,0.921133567662566,0.701777721331283,0.3015487282714082,0.325741487702486,0.7072800031236269,0.2185261213703818,2,1.0,0.0461538461538461,18.0,18.0,1.0
medium,777,sensor_510_multivar_labeled,dropout,0.85,dropout_w24,0,9322,294,0,0.9694259567387687,0.0,0.0,0.0,0.0305740432612312,0.0,0.9694259567387687,0.4847129783693844,0.0,-0.0030574043261231,,,0,,,,,
medium,777,sensor_511_multivar_labeled,spike,0.85,z_w21_t3,19,4037,1,4,0.9987687761635066,0.95,0.8260869565217391,0.8837209302325583,0.0002476473501733,0.1739130434782608,0.9997523526498266,0.912919654585783,0.8852851988892099,0.7879757408261556,0.9344380558606284,0.8276892776511643,23,0.8260869565217391,0.95,0.0,0.0,0.8260869565217391
medium,777,sensor_511_multivar_labeled,drift,0.75,mean_shift_12_72,0,3823,22,216,0.9413937453829108,0.0,0.0,0.0,0.0057217165149544,1.0,0.9942782834850457,0.4971391417425227,-0.0174925497332403,-0.0005721716514954,0.4275297404036026,0.0516604858101945,1,0.0,0.0,,,0.0
medium,777,sensor_511_multivar_labeled,flat,0.7999999999999999,flat_std_w18,78,3731,222,30,0.9379463186407287,0.26,0.7222222222222222,0.3823529411764706,0.0561598785732355,0.2777777777777778,0.9438401214267644,0.8330311718244934,0.4097112338560748,0.4221095023387549,0.8977066175712773,0.2285899388477723,1,1.0,0.2142857142857142,13.0,13.0,1.0
medium,777,sensor_511_multivar_labeled,dropout,0.775,dropout_w24,128,3830,69,34,0.9746367889682344,0.649746192893401,0.7901234567901234,0.713091922005571,0.0176968453449602,0.2098765432098765,0.9823031546550396,0.8862133057225816,0.7036224382338181,0.6536206463390581,0.9357369252641546,0.5600985327160382,2,1.0,0.25,9.0,9.0,1.0
medium,999,sensor_501_multivar_labeled,spike,0.775,z_w21_t3,4,1734,1,6,0.9959885386819484,0.8,0.4,0.5333333333333333,0.0005763688760806,0.6,0.9994236311239192,0.6997118155619597,0.564058137103961,0.4799423631123919,0.8528818443804035,0.426855748985363,10,0.4,0.8,0.0,0.0,0.4
medium,999,sensor_501_multivar_labeled,drift,0.25,ewma_s24_w48_t2.5,17,1479,150,99,0.8573065902578797,0.1017964071856287,0.146551724137931,0.1201413427561837,0.0920810313075506,0.853448275862069,0.9079189686924494,0.5272353464151902,0.0461254590098023,0.1040904794287512,0.5238987320336148,0.0743945000889842,2,1.0,0.0895522388059701,3.5,3.5,1.0
medium,999,sensor_501_multivar_labeled,flat,0.2749999999999999,low_range_w24,31,1581,118,15,0.92378223495702,0.2080536912751678,0.6739130434782609,0.3179487179487179,0.0694526191877575,0.3260869565217391,0.9305473808122424,0.8022302121452517,0.3465244630298222,0.3695136278929007,0.8169831358599688,0.3094870179819168,1,1.0,0.1,7.0,7.0,1.0
medium,999,sensor_501_multivar_labeled,dropout,0.475,flat_std_w18,21,1647,64,13,0.9558739255014328,0.2470588235294117,0.6176470588235294,0.3529411764705882,0.0374050263004091,0.3823529411764705,0.9625949736995908,0.7901210162615602,0.3725719391035185,0.3774359679581944,0.8877247567641902,0.3778230487736703,1,1.0,0.1428571428571428,5.0,5.0,1.0
medium,999,sensor_502_multivar_labeled,spike,0.825,z_w21_t3,9,1934,0,4,0.9979455572675912,1.0,0.6923076923076923,0.8181818181818181,0.0,0.3076923076923077,1.0,0.8461538461538461,0.8311911817759272,0.7258741258741258,0.988863256701933,0.7952135180995475,13,0.6923076923076923,1.0,0.0,0.0,0.6923076923076923
medium,999,sensor_502_multivar_labeled,drift,0.25,slope_w36_t2.2,0,1765,182,0,0.906522855675398,0.0,0.0,0.0,0.0934771443246019,0.0,0.906522855675398,0.453261427837699,0.0,-0.0093477144324601,,,0,,,,,
medium,999,sensor_502_multivar_labeled,flat,0.4249999999999999,flat_std_w18,0,1755,192,0,0.901386748844376,0.0,0.0,0.0,0.098613251155624,0.0,0.901386748844376,0.450693374422188,0.0,-0.0098613251155624,,,0,,,,,
medium,999,sensor_502_multivar_labeled,dropout,0.825,dropout_w24,21,1794,115,17,0.9322033898305084,0.1544117647058823,0.5526315789473685,0.2413793103448276,0.0602409638554216,0.4473684210526316,0.9397590361445785,0.7461953075459734,0.2672242395760459,0.2915478316597231,0.8243017837942157,0.1085520367750869,1,1.0,0.125,9.0,9.0,0.0
medium,999,sensor_505_multivar_labeled,spike,0.825,z_w21_t3,9,1965,0,7,0.9964664310954064,1.0,0.5625,0.72,0.0,0.4375,1.0,0.78125,0.7486676807142436,0.64275,0.9642334605597964,0.6247216410795441,16,0.5625,1.0,0.0,0.0,0.5625
medium,999,sensor_505_multivar_labeled,drift,0.2249999999999999,ewma_s48_w96_t2.2,22,1617,259,83,0.8273599192327108,0.0782918149466192,0.2095238095238095,0.1139896373056994,0.1380597014925373,0.7904761904761904,0.8619402985074627,0.5357320540156361,0.0458903556421087,0.1120902817374467,0.5321403188140927,0.0562303270652325,1,1.0,0.0842105263157894,21.0,21.0,1.0
medium,999,sensor_505_multivar_labeled,flat,0.725,flat_std_w18,19,1910,19,33,0.9737506309944473,0.5,0.3653846153846153,0.4222222222222221,0.0098496630378434,0.6346153846153846,0.9901503369621566,0.677767476173386,0.4144020444450901,0.3736304183116002,0.843701399688958,0.30322404867036,1,1.0,0.25,16.0,16.0,0.0
medium,999,sensor_505_multivar_labeled,dropout,0.75,dropout_w24,21,1905,37,18,0.97223624432105,0.3620689655172414,0.5384615384615384,0.4329896907216495,0.0190525231719876,0.4615384615384615,0.9809474768280124,0.7597045076447754,0.4280187168671391,0.4087889148735912,0.8372217380971243,0.2375825255509845,1,1.0,0.3333333333333333,10.0,10.0,0.0
medium,999,sensor_506_multivar_labeled,spike,0.85,z_w21_t3,23,5696,4,6,0.9982544946762087,0.8518518518518519,0.7931034482758621,0.8214285714285715,0.0007017543859649,0.2068965517241379,0.9992982456140352,0.8962008469449486,0.8210816255835575,0.7352814939647971,0.9589201451905628,0.7081153870974157,29,0.7931034482758621,0.8518518518518519,0.0,0.0,0.7931034482758621
medium,999,sensor_506_multivar_labeled,drift,0.25,slope_w36_t2.2,2,5288,365,74,0.9233723162855648,0.0054495912806539,0.0263157894736842,0.0090293453724604,0.0645674862904652,0.9736842105263158,0.9354325137095348,0.4808741515916094,-0.0178731276379648,0.006318632322764,0.4789841444226167,0.0127899808065355,1,1.0,0.0054644808743169,34.0,34.0,0.0
medium,999,sensor_506_multivar_labeled,flat,0.75,flat_std_w36,8,5471,106,144,0.956362366905219,0.0701754385964912,0.0526315789473684,0.0601503759398496,0.0190066343912497,0.9473684210526316,0.9809933656087504,0.5168124722780594,0.0386951368700272,0.0514827952074915,0.9410348423506316,0.4070397140396766,1,1.0,0.25,10.0,10.0,1.0
medium,999,sensor_506_multivar_labeled,dropout,0.75,dropout_w24,64,5553,62,50,0.9804503403735382,0.5079365079365079,0.5614035087719298,0.5333333333333333,0.0110418521816562,0.4385964912280701,0.9889581478183436,0.7751808282951367,0.5240586471458742,0.4835073436038895,0.8240224336442172,0.3344050219980934,1,1.0,0.125,9.0,9.0,1.0
medium,999,sensor_507_multivar_labeled,spike,0.775,z_w21_t3,3,1986,1,7,0.9959939909864796,0.75,0.3,0.4285714285714285,0.0005032712632108,0.7,0.9994967287367892,0.6497483643683946,0.4728325562829433,0.3953068157308217,0.8771766482133869,0.2499773214158226,10,0.3,0.75,0.0,0.0,0.3
medium,999,sensor_507_multivar_labeled,drift,0.2249999999999999,mean_shift_12_72,6,1708,263,20,0.8582874311467201,0.0223048327137546,0.2307692307692307,0.0406779661016949,0.1334348046676813,0.7692307692307693,0.8665651953323186,0.5486672130507747,0.0323182956516514,0.077538098416827,0.543369238574718,0.0244833245566525,1,1.0,0.0238095238095238,16.0,16.0,0.0
medium,999,sensor_507_multivar_labeled,flat,0.5499999999999999,flat_std_w18,42,1877,67,11,0.9609414121181772,0.3853211009174312,0.7924528301886793,0.5185185185185185,0.0344650205761316,0.2075471698113207,0.9655349794238683,0.8789939048062738,0.5363324106811747,0.5254208454699386,0.8961584750368817,0.3718930794951928,1,1.0,0.1666666666666666,0.0,0.0,1.0
medium,999,sensor_507_multivar_labeled,dropout,0.7999999999999999,dropout_w24,16,1919,39,23,0.9689534301452178,0.2909090909090909,0.4102564102564102,0.3404255319148936,0.0199182839632277,0.5897435897435898,0.9800817160367722,0.6951690631465912,0.330045383765931,0.317912947678666,0.8330386841622798,0.1977950515954242,1,1.0,0.2,12.0,12.0,0.0
medium,999,sensor_508_multivar_labeled,spike,0.85,z_w21_t3,12,1926,1,2,0.9984544049459042,0.9230769230769232,0.8571428571428571,0.888888888888889,0.0005189413596263,0.1428571428571428,0.9994810586403736,0.9283119578916154,0.8887300796050328,0.795552501468433,0.9908258581066054,0.8086914310171628,13,0.8461538461538461,0.9166666666666666,0.0,0.0,0.8461538461538461
medium,999,sensor_508_multivar_labeled,drift,0.75,slope_w36_t2.2,0,1812,1,128,0.9335394126738794,0.0,0.0,0.0,0.0005515719801434,1.0,0.9994484280198566,0.4997242140099283,-0.0060326095573406,-5.515719801434088e-05,0.5499732832322117,0.0858725453827597,2,0.0,0.0,,,0.0
medium,999,sensor_508_multivar_labeled,flat,0.775,flat_std_w18,0,1933,8,0,0.9958784131890778,0.0,0.0,0.0,0.0041215868109222,0.0,0.9958784131890778,0.4979392065945389,0.0,-0.0004121586810922,,,0,,,,,
medium,999,sensor_508_multivar_labeled,dropout,0.75,dropout_w12,0,1936,5,0,0.9974240082431736,0.0,0.0,0.0,0.0025759917568263,0.0,0.9974240082431736,0.4987120041215868,0.0,-0.0002575991756826,,,0,,,,,
medium,999,sensor_509_multivar_labeled,spike,0.775,z_w21_t3,66,12764,0,15,0.99883223043986,1.0,0.8148148148148148,0.8979591836734693,0.0,0.1851851851851851,1.0,0.9074074074074074,0.9021410003765028,0.7985260770975057,0.9725684893082782,0.8825332510140298,81,0.8148148148148148,1.0,0.0,0.0,0.8148148148148148
medium,999,sensor_509_multivar_labeled,drift,0.25,ewma_s48_w96_t2.2,0,12062,783,0,0.9390424289606852,0.0,0.0,0.0,0.0609575710393149,0.0,0.9390424289606852,0.4695212144803425,0.0,-0.0060957571039314,,,0,,,,,
medium,999,sensor_509_multivar_labeled,flat,0.775,flat_std_w36,313,12003,500,29,0.958816660179058,0.3849938499384994,0.9152046783625732,0.541991341991342,0.0399904023034471,0.0847953216374269,0.9600095976965528,0.937607138029563,0.5786558889038097,0.5722075446653061,0.9410741422058708,0.3419889400024087,1,1.0,0.0185185185185185,12.0,12.0,1.0
medium,999,sensor_509_multivar_labeled,dropout,0.9,dropout_w24,0,12395,450,0,0.964966913195796,0.0,0.0,0.0,0.0350330868042039,0.0,0.964966913195796,0.482483456597898,0.0,-0.0035033086804203,,,0,,,,,
medium,999,sensor_510_multivar_labeled,spike,0.85,z_w21_t3,51,9549,1,15,0.9983361064891848,0.9807692307692308,0.7727272727272727,0.864406779661017,0.0001047120418848,0.2272727272727272,0.9998952879581152,0.886311280342694,0.8698003607963739,0.7679061460768356,0.964491511978423,0.8238593332852564,65,0.7846153846153846,0.9807692307692308,0.0,0.0,0.7846153846153846
medium,999,sensor_510_multivar_labeled,drift,0.25,slope_w36_t2.2,37,8544,560,475,0.8923668885191348,0.0619765494137353,0.072265625,0.0667267808836789,0.0615114235500878,0.927734375,0.938488576449912,0.5053771007249561,0.0100060556397797,0.054852078954707,0.5087151552545585,0.0541576593213962,1,1.0,0.0588235294117647,15.0,15.0,1.0
medium,999,sensor_510_multivar_labeled,flat,0.7999999999999999,flat_std_w18,10,8717,643,246,0.9075499168053244,0.0153139356814701,0.0390625,0.022002200220022,0.0686965811965812,0.9609375,0.9313034188034188,0.4851829594017094,-0.0189612115939931,0.0170471723315723,0.4785440037393163,0.026616584061354,1,1.0,0.05,161.0,161.0,0.0
medium,999,sensor_510_multivar_labeled,dropout,0.85,dropout_w24,278,8996,320,22,0.9644342762063228,0.4648829431438127,0.9266666666666666,0.6191536748329621,0.034349506225848,0.0733333333333333,0.965650493774152,0.9461585802204092,0.642375405639041,0.62291664452382,0.9625549234292256,0.4444423190221322,1,1.0,0.04,11.0,11.0,1.0
medium,999,sensor_511_multivar_labeled,spike,0.775,z_w21_t3,18,4033,1,9,0.997537552327013,0.9473684210526316,0.6666666666666666,0.782608695652174,0.0002478929102627,0.3333333333333333,0.9997521070897372,0.833209386878202,0.7936373477604628,0.6942543869103468,0.9583677629042032,0.6889011634763246,26,0.6538461538461539,0.9444444444444444,0.0,0.0,0.6538461538461539
medium,999,sensor_511_multivar_labeled,drift,0.25,ewma_s48_w96_t2.2,9,3446,561,45,0.8507756710169909,0.0157894736842105,0.1666666666666666,0.0288461538461538,0.1400049912652857,0.8333333333333334,0.8599950087347142,0.5133308377006904,0.0087918776476047,0.0513486911568722,0.5049334960116094,0.020741476534441,1,1.0,0.018018018018018,9.0,9.0,1.0
medium,999,sensor_511_multivar_labeled,flat,0.7999999999999999,flat_std_w18,0,3836,225,0,0.9445949273577936,0.0,0.0,0.0,0.0554050726422063,0.0,0.9445949273577936,0.4722974636788968,0.0,-0.0055405072642206,,,0,,,,,
medium,999,sensor_511_multivar_labeled,dropout,0.9,dropout_w24,134,3831,68,28,0.9763605023393253,0.6633663366336634,0.8271604938271605,0.7362637362637363,0.017440369325468,0.1728395061728395,0.982559630674532,0.9048600622508464,0.7288799168237068,0.6772277430293322,0.9688785348569908,0.622576107688841,2,1.0,0.2857142857142857,4.5,4.5,1.0
