scenario,seed,sensor,method,tp,tn,fp,fn,accuracy,precision,recall,f1,fpr,fnr,specificity,balanced_accuracy,mcc,reward,roc_auc,pr_auc,n_events,event_detection_rate,event_precision,mean_detection_delay,median_detection_delay,early_detection_rate
high,123,sensor_501_multivar_labeled,single_agent_rl_refactored,85,1605,22,33,0.968481375358166,0.794392523364486,0.7203389830508474,0.7555555555555554,0.0135218192993239,0.2796610169491525,0.986478180700676,0.8534085818757617,0.7397637217655889,0.6739083914899947,0.8534085818757617,0.5911430772086707,25,0.04,0.25,0.0,0.0,0.04
high,123,sensor_501_multivar_labeled,or_all,20,1475,152,98,0.8567335243553008,0.1162790697674418,0.1694915254237288,0.1379310344827586,0.0934234787953288,0.8305084745762712,0.9065765212046712,0.5380340233142,0.0640779278925983,0.1210159357299434,0.5380340233141999,0.0758687753624579,25,0.6,0.265625,2.1333333333333333,0.0,0.56
high,123,sensor_501_multivar_labeled,majority,10,1617,10,108,0.932378223495702,0.5,0.0847457627118644,0.144927536231884,0.0061462814996926,0.9152542372881356,0.9938537185003072,0.5392997406060859,0.1854150199106163,0.1650264919679379,0.5392997406060859,0.1042639988344422,25,0.4,0.7692307692307693,0.1,0.0,0.4
high,123,sensor_501_multivar_labeled,v73_confidence_hybrid_reference,98,1447,180,20,0.8853868194842407,0.3525179856115107,0.8305084745762712,0.4949494949494949,0.1106330669944683,0.1694915254237288,0.8893669330055316,0.8599377037909014,0.4939177828882375,0.5136942062424338,0.8662923338160073,0.3340008973744119,25,0.68,0.2048192771084337,0.0588235294117647,0.0,0.68
high,123,sensor_501_multivar_labeled,v75_selective_coordinator,98,1448,179,20,0.8859598853868195,0.3537906137184115,0.8305084745762712,0.4962025316455696,0.110018438844499,0.1694915254237288,0.8899815611555009,0.860245017865886,0.4950622904021665,0.5145104297866995,0.8700373985603116,0.4148715983178854,25,0.68,0.2073170731707317,0.0588235294117647,0.0,0.68
high,123,sensor_501_multivar_labeled,v75_selective_hybrid,98,1448,179,20,0.8859598853868195,0.3537906137184115,0.8305084745762712,0.4962025316455696,0.110018438844499,0.1694915254237288,0.8899815611555009,0.860245017865886,0.4950622904021665,0.5145104297866995,0.8687508464158844,0.346022857962523,25,0.68,0.2073170731707317,0.0588235294117647,0.0,0.68
high,123,sensor_502_multivar_labeled,single_agent_rl_refactored,13,1818,4,112,0.9404211607601438,0.7647058823529411,0.104,0.1830985915492957,0.0021953896816684,0.896,0.9978046103183316,0.5509023051591657,0.2682214608349758,0.2280807095819574,0.5509023051591658,0.1370538082721532,17,0.7647058823529411,0.7647058823529411,6.384615384615385,0.0,0.7058823529411765
high,123,sensor_502_multivar_labeled,or_all,101,1644,178,24,0.8962506420133539,0.3620071684587813,0.808,0.5,0.097694840834248,0.192,0.902305159165752,0.855152579582876,0.4969057670160058,0.5119315911853924,0.855152579582876,0.3048284485091483,17,0.8235294117647058,0.4827586206896552,0.2857142857142857,0.0,0.8235294117647058
high,123,sensor_502_multivar_labeled,majority,68,1722,100,57,0.9193631227529532,0.4047619047619047,0.544,0.4641638225255973,0.0548847420417124,0.456,0.9451152579582875,0.7445576289791438,0.4269704201067573,0.4272995316466332,0.7445576289791438,0.2494662851273021,17,0.4705882352941176,0.5625,1.125,0.0,0.4705882352941176
high,123,sensor_502_multivar_labeled,v73_confidence_hybrid_reference,99,1684,138,26,0.9157678479712378,0.4177215189873418,0.792,0.5469613259668508,0.0757409440175631,0.208,0.9242590559824369,0.8581295279912184,0.536941646999867,0.5388167301314278,0.8377694840834249,0.4210125575297231,17,0.7647058823529411,0.2916666666666667,0.3076923076923077,0.0,0.7647058823529411
high,123,sensor_502_multivar_labeled,v75_selective_coordinator,34,1753,69,91,0.9178222907036466,0.3300970873786408,0.272,0.2982456140350877,0.0378704720087815,0.728,0.9621295279912184,0.6170647639956093,0.2563812801443925,0.2615380422217074,0.4212645444566411,0.2039602698006585,17,0.7647058823529411,0.3125,0.3076923076923077,0.0,0.7647058823529411
high,123,sensor_502_multivar_labeled,v75_selective_hybrid,100,1684,138,25,0.91628145865434,0.4201680672268907,0.8,0.5509641873278237,0.0757409440175631,0.2,0.9242590559824369,0.8621295279912184,0.5419554864165784,0.5433849999797981,0.8366652030735456,0.4107837046303598,17,0.7647058823529411,0.2765957446808511,0.3076923076923077,0.0,0.7647058823529411
high,123,sensor_505_multivar_labeled,single_agent_rl_refactored,167,1335,20,459,0.7582029278142353,0.893048128342246,0.2667731629392971,0.4108241082410824,0.014760147601476,0.7332268370607029,0.985239852398524,0.6260065076689105,0.4007262223341334,0.3973840020814655,0.6260065076689105,0.4699424348846632,24,0.125,0.375,14.0,10.0,0.125
high,123,sensor_505_multivar_labeled,or_all,207,1213,142,419,0.7168096920747098,0.5931232091690545,0.3306709265175719,0.4246153846153847,0.1047970479704797,0.6693290734824281,0.8952029520295203,0.6129369392735461,0.275644945254101,0.3687669776105049,0.6129369392735462,0.4076379398328261,24,0.75,0.4456521739130434,1.7222222222222223,0.0,0.75
high,123,sensor_505_multivar_labeled,majority,59,1355,0,567,0.7137809187279152,1.0,0.0942492012779552,0.1722627737226277,0.0,0.9057507987220448,1.0,0.5471246006389776,0.2577696578934463,0.255793008558569,0.5471246006389776,0.3804682825500401,24,0.5833333333333334,1.0,19.357142857142858,0.0,0.4583333333333333
high,123,sensor_505_multivar_labeled,v73_confidence_hybrid_reference,165,1345,10,461,0.762241292276628,0.9428571428571428,0.2635782747603833,0.4119850187265917,0.007380073800738,0.7364217252396166,0.992619926199262,0.6280991004798226,0.4197154852597482,0.4051573049035789,0.6076217535338292,0.5448421527092269,24,0.6666666666666666,0.76,3.6875,0.0,0.6666666666666666
high,123,sensor_505_multivar_labeled,v75_selective_coordinator,166,1345,10,460,0.7627460878344271,0.9431818181818182,0.2651757188498402,0.4139650872817955,0.007380073800738,0.7348242811501597,0.992619926199262,0.6288978225245512,0.4212476137309972,0.406576270278959,0.607165509354774,0.5422129275459494,24,0.6666666666666666,0.7692307692307693,3.6875,0.0,0.6666666666666666
high,123,sensor_505_multivar_labeled,v75_selective_hybrid,166,1345,10,460,0.7627460878344271,0.9431818181818182,0.2651757188498402,0.4139650872817955,0.007380073800738,0.7348242811501597,0.992619926199262,0.6288978225245512,0.4212476137309972,0.406576270278959,0.6073517795880834,0.5445233337581618,24,0.6666666666666666,0.7692307692307693,3.6875,0.0,0.6666666666666666
high,123,sensor_506_multivar_labeled,single_agent_rl_refactored,552,4616,473,88,0.9020771513353116,0.5385365853658537,0.8625,0.6630630630630632,0.092945568874042,0.1375,0.907054431125958,0.884777215562979,0.6324846157489579,0.6286143092958523,0.884777215562979,0.4798482517274117,54,0.1111111111111111,0.0909090909090909,1.1666666666666667,0.0,0.1111111111111111
high,123,sensor_506_multivar_labeled,or_all,605,4185,904,35,0.8360970500960028,0.4009277667329357,0.9453125,0.5630525825965567,0.1776380428374926,0.0546875,0.8223619571625074,0.8838372285812537,0.5490127844062234,0.5793427728946415,0.8838372285812537,0.3851112981229976,54,0.8703703703703703,0.2338308457711442,0.1276595744680851,0.0,0.8703703703703703
high,123,sensor_506_multivar_labeled,majority,347,5034,55,293,0.9392564147320648,0.8631840796019901,0.5421875,0.6660268714011516,0.0108076242876793,0.4578125,0.9891923757123208,0.7656899378561604,0.6553253081400455,0.5907651916420488,0.7656899378561604,0.5191509241462873,54,0.6111111111111112,0.84,0.5151515151515151,0.0,0.6111111111111112
high,123,sensor_506_multivar_labeled,v73_confidence_hybrid_reference,580,5024,65,60,0.9781811834526096,0.8992248062015504,0.90625,0.9027237354085604,0.0127726468854391,0.09375,0.9872273531145608,0.9467386765572804,0.8904450687127563,0.8117071371755408,0.9591115641579876,0.836854395584845,54,0.7962962962962963,0.7413793103448276,0.2325581395348837,0.0,0.7962962962962963
high,123,sensor_506_multivar_labeled,v75_selective_coordinator,576,5007,82,64,0.974515622272648,0.8753799392097265,0.9,0.8875192604006163,0.0161131853016309,0.1,0.983886814698369,0.9419434073491846,0.8732590914467517,0.7990793395315733,0.9622532975535468,0.8894007489818249,54,0.8148148148148148,0.7142857142857143,0.2272727272727272,0.0,0.8148148148148148
high,123,sensor_506_multivar_labeled,v75_selective_hybrid,582,4989,100,58,0.9724210158840983,0.8533724340175953,0.909375,0.8804841149773073,0.0196502259775987,0.090625,0.9803497740224012,0.9448623870112008,0.8654720681627336,0.7950711942446678,0.95894177392415,0.8329220951504512,54,0.8148148148148148,0.6875,0.2045454545454545,0.0,0.8148148148148148
high,123,sensor_507_multivar_labeled,single_agent_rl_refactored,92,1469,38,398,0.7816725087631448,0.7076923076923077,0.1877551020408163,0.2967741935483871,0.0252156602521566,0.8122448979591836,0.9747843397478434,0.5812697208943298,0.2835107918361516,0.2935071978376496,0.5812697208943299,0.332171789866904,19,0.1052631578947368,0.4,54.0,54.0,0.0526315789473684
high,123,sensor_507_multivar_labeled,or_all,133,1333,174,357,0.7341011517275914,0.4332247557003257,0.2714285714285714,0.3337515683814303,0.1154611811546118,0.7285714285714285,0.8845388188453882,0.5779836951369798,0.1860698174294724,0.2850543724398027,0.5779836951369798,0.2963577287755737,19,0.8947368421052632,0.3604651162790697,2.8823529411764706,0.0,0.7894736842105263
high,123,sensor_507_multivar_labeled,majority,98,1472,35,392,0.786179268903355,0.7368421052631579,0.2,0.3146067415730336,0.0232249502322495,0.8,0.9767750497677504,0.5883875248838752,0.3050892180880714,0.3097768544741138,0.5883875248838752,0.3436628627151253,19,0.5789473684210527,0.8235294117647058,9.181818181818182,0.0,0.5263157894736842
high,123,sensor_507_multivar_labeled,v73_confidence_hybrid_reference,101,1471,36,389,0.7871807711567351,0.7372262773722628,0.2061224489795918,0.3221690590111642,0.0238885202388852,0.7938775510204081,0.9761114797611148,0.5911169643703533,0.3102181107377423,0.3150079008308524,0.5631725417439704,0.3731558692968328,19,0.7368421052631579,0.8095238095238095,7.214285714285714,0.0,0.6842105263157895
high,123,sensor_507_multivar_labeled,v75_selective_coordinator,15,1506,1,475,0.7616424636955433,0.9375,0.0306122448979591,0.0592885375494071,0.0006635700066357,0.9693877551020408,0.9993364299933644,0.5149743374456617,0.1445539782857561,0.1764221583659574,0.5288355023495795,0.290508613957941,19,0.6842105263157895,0.9375,6.923076923076923,0.0,0.631578947368421
high,123,sensor_507_multivar_labeled,v75_selective_hybrid,101,1471,36,389,0.7871807711567351,0.7372262773722628,0.2061224489795918,0.3221690590111642,0.0238885202388852,0.7938775510204081,0.9761114797611148,0.5911169643703533,0.3102181107377423,0.3150079008308524,0.5753632707230205,0.3728014712667892,19,0.7368421052631579,0.8095238095238095,7.214285714285714,0.0,0.6842105263157895
high,123,sensor_508_multivar_labeled,single_agent_rl_refactored,147,1392,9,393,0.7928902627511591,0.9423076923076924,0.2722222222222222,0.4224137931034483,0.006423982869379,0.7277777777777777,0.9935760171306208,0.6328991196764215,0.4381135023180629,0.4124566291224343,0.6328991196764215,0.4589900461036473,22,0.0909090909090909,0.5,76.0,76.0,0.0454545454545454
high,123,sensor_508_multivar_labeled,or_all,196,1269,132,344,0.7547655847501288,0.5975609756097561,0.362962962962963,0.4516129032258064,0.0942184154175588,0.6370370370370371,0.9057815845824412,0.634372273772702,0.3213671666247885,0.3923270001402093,0.634372273772702,0.3941207351280107,22,0.7727272727272727,0.3977272727272727,1.1176470588235294,0.0,0.7727272727272727
high,123,sensor_508_multivar_labeled,majority,79,1392,9,461,0.7578567748583205,0.8977272727272727,0.1462962962962962,0.2515923566878981,0.006423982869379,0.8537037037037037,0.9935760171306208,0.5699361567134587,0.3012788603044656,0.291122142020596,0.5699361567134587,0.3688406150635671,22,0.5454545454545454,0.9,0.9166666666666666,0.0,0.5454545454545454
high,123,sensor_508_multivar_labeled,v73_confidence_hybrid_reference,146,1392,9,394,0.7923750643997939,0.9419354838709676,0.2703703703703703,0.4201438848920863,0.006423982869379,0.7296296296296296,0.9935760171306208,0.6319731937504957,0.4363400666210239,0.4108237836062571,0.6319725328469084,0.5283181195016157,22,0.5909090909090909,0.7777777777777778,14.23076923076923,0.0,0.5454545454545454
high,123,sensor_508_multivar_labeled,v75_selective_coordinator,137,1397,4,403,0.7903142709943328,0.9716312056737588,0.2537037037037037,0.4023494860499266,0.0028551034975017,0.7462962962962963,0.9971448965024984,0.625424300103101,0.4330936543987074,0.4026275503348918,0.6321992227773813,0.5348045256554279,22,0.5909090909090909,0.7777777777777778,14.23076923076923,0.0,0.5454545454545454
high,123,sensor_508_multivar_labeled,v75_selective_hybrid,146,1392,9,394,0.7923750643997939,0.9419354838709676,0.2703703703703703,0.4201438848920863,0.006423982869379,0.7296296296296296,0.9935760171306208,0.6319731937504957,0.4363400666210239,0.4108237836062571,0.6317286594231634,0.5264032735014843,22,0.5909090909090909,0.7777777777777778,14.23076923076923,0.0,0.5454545454545454
high,123,sensor_509_multivar_labeled,single_agent_rl_refactored,1056,11053,543,193,0.9427014402491242,0.6604127579737336,0.8454763811048839,0.7415730337078652,0.0468264918937564,0.1545236188951161,0.9531735081062436,0.8993249446055638,0.716751295880016,0.6817300440066888,0.8993249446055637,0.5733886903209308,144,0.0208333333333333,0.0588235294117647,5.666666666666667,0.0,0.0208333333333333
high,123,sensor_509_multivar_labeled,or_all,360,10361,1235,889,0.8346438302841572,0.225705329153605,0.288230584467574,0.2531645569620253,0.1065022421524663,0.7117694155324259,0.8934977578475336,0.5908641711575539,0.1632681165086125,0.2235988011309777,0.5908641711575539,0.1342649882036949,144,0.9236111111111112,0.3446745562130177,0.0601503759398496,0.0,0.9236111111111112
high,123,sensor_509_multivar_labeled,majority,160,11448,148,1089,0.9036979369404438,0.5194805194805194,0.1281024819855884,0.2055234425176621,0.0127630217316315,0.8718975180144115,0.9872369782683684,0.5576697301269784,0.2233783435303913,0.2075620694775392,0.5576697301269784,0.1513268139547909,144,0.7291666666666666,0.8705035971223022,1.9428571428571428,0.0,0.7222222222222222
high,123,sensor_509_multivar_labeled,v73_confidence_hybrid_reference,852,11061,535,397,0.9274425846632932,0.6142754145638067,0.6821457165732586,0.646433990895296,0.0461365988271817,0.3178542834267414,0.9538634011728182,0.8180045588730385,0.6071640157691102,0.5830666631767136,0.9452390473952118,0.5365266654246057,144,0.8888888888888888,0.5993788819875776,0.0703125,0.0,0.8888888888888888
high,123,sensor_509_multivar_labeled,v75_selective_coordinator,852,11061,535,397,0.9274425846632932,0.6142754145638067,0.6821457165732586,0.646433990895296,0.0461365988271817,0.3178542834267414,0.9538634011728182,0.8180045588730385,0.6071640157691102,0.5830666631767136,0.9486049688319128,0.6326893217124836,144,0.8888888888888888,0.5993788819875776,0.0703125,0.0,0.8888888888888888
high,123,sensor_509_multivar_labeled,v75_selective_hybrid,852,11061,535,397,0.9274425846632932,0.6142754145638067,0.6821457165732586,0.646433990895296,0.0461365988271817,0.3178542834267414,0.9538634011728182,0.8180045588730385,0.6071640157691102,0.5830666631767136,0.9444181768319104,0.52502935601147,144,0.8888888888888888,0.5993788819875776,0.0703125,0.0,0.8888888888888888
high,123,sensor_510_multivar_labeled,single_agent_rl_refactored,893,7279,325,1119,0.8498336106489185,0.7331691297208539,0.4438369781312127,0.5529411764705883,0.0427406628090478,0.5561630218687873,0.957259337190952,0.7005481576610824,0.4905374118388624,0.4876759260283518,0.7005481576610824,0.4417761234070405,93,0.064516129032258,0.2285714285714285,69.33333333333333,5.5,0.053763440860215
high,123,sensor_510_multivar_labeled,or_all,713,6667,937,1299,0.7674708818635607,0.4321212121212121,0.3543737574552684,0.389404696886947,0.123224618621778,0.6456262425447317,0.876775381378222,0.6155745694167452,0.2493820547451433,0.3340399607917108,0.6155745694167452,0.2882197720248368,93,0.946236559139785,0.3841201716738197,0.5113636363636364,0.0,0.946236559139785
high,123,sensor_510_multivar_labeled,majority,509,7442,162,1503,0.826851081530782,0.7585692995529061,0.2529821073558648,0.3794260156541184,0.0213045765386638,0.7470178926441352,0.978695423461336,0.6158387654086004,0.3698856864524134,0.3582912765301823,0.6158387654086005,0.3482064566485694,93,0.7741935483870968,0.8712871287128713,2.305555555555556,0.0,0.7634408602150538
high,123,sensor_510_multivar_labeled,v73_confidence_hybrid_reference,811,7290,314,1201,0.8424500831946755,0.7208888888888889,0.4030815109343936,0.5170545106789927,0.0412940557601262,0.5969184890656064,0.9587059442398738,0.6808937275871337,0.45786016920412,0.4576029108431855,0.7265598609814026,0.4899369627586373,93,0.8924731182795699,0.782608695652174,0.253012048192771,0.0,0.8924731182795699
high,123,sensor_510_multivar_labeled,v75_selective_coordinator,788,7373,231,1224,0.8486896838602329,0.7733071638861629,0.3916500994035785,0.5199604091059057,0.030378748027354,0.6083499005964215,0.969621251972646,0.6806356756881122,0.4774281371841195,0.4644354136989201,0.7304157694548125,0.5412102018920641,93,0.8924731182795699,0.8367346938775511,0.3012048192771084,0.0,0.8924731182795699
high,123,sensor_510_multivar_labeled,v75_selective_hybrid,809,7290,314,1203,0.8422420965058236,0.7203918076580588,0.4020874751491053,0.5161084529505583,0.0412940557601262,0.5979125248508946,0.9587059442398738,0.6803967096944896,0.4569547644206863,0.456804411945179,0.7261566385485091,0.4842078250022144,93,0.8924731182795699,0.779874213836478,0.253012048192771,0.0,0.8924731182795699
high,123,sensor_511_multivar_labeled,single_agent_rl_refactored,43,3168,101,749,0.7906919477961093,0.2986111111111111,0.0542929292929292,0.0918803418803419,0.0308962985622514,0.9457070707070708,0.9691037014377486,0.5116983153653389,0.0501262643263336,0.0993360694444741,0.5116983153653389,0.200649802648361,38,0.0263157894736842,0.2352941176470588,1.0,1.0,0.0263157894736842
high,123,sensor_511_multivar_labeled,or_all,136,2869,400,656,0.7399655257325782,0.2537313432835821,0.1717171717171717,0.2048192771084337,0.1223615784643621,0.8282828282828283,0.8776384215356378,0.5246777966264047,0.0577756010285696,0.1695073698600478,0.5246777966264048,0.2051065959925993,38,0.9473684210526316,0.4355828220858895,3.111111111111111,0.0,0.9210526315789472
high,123,sensor_511_multivar_labeled,majority,32,3227,42,760,0.8025116966264467,0.4324324324324324,0.0404040404040404,0.0739030023094688,0.012847965738758,0.9595959595959596,0.987152034261242,0.5137780373326412,0.0816297424433935,0.1089576314514621,0.5137780373326412,0.2046180406190256,38,0.5,0.8846153846153846,3.1052631578947367,0.0,0.5
high,123,sensor_511_multivar_labeled,v73_confidence_hybrid_reference,74,3078,191,718,0.7761635065254864,0.2792452830188679,0.0934343434343434,0.1400189214758751,0.0584276537167329,0.9065656565656566,0.941572346283267,0.5175033448588052,0.0561610291250361,0.1270828447756037,0.4950304127231322,0.2131576224696533,38,0.8421052631578947,0.6333333333333333,4.53125,0.0,0.8157894736842105
high,123,sensor_511_multivar_labeled,v75_selective_coordinator,74,3078,191,718,0.7761635065254864,0.2792452830188679,0.0934343434343434,0.1400189214758751,0.0584276537167329,0.9065656565656566,0.941572346283267,0.5175033448588052,0.0561610291250361,0.1270828447756037,0.4947472970759908,0.2095935339499049,38,0.8421052631578947,0.6333333333333333,4.53125,0.0,0.8157894736842105
high,123,sensor_511_multivar_labeled,v75_selective_hybrid,74,3078,191,718,0.7761635065254864,0.2792452830188679,0.0934343434343434,0.1400189214758751,0.0584276537167329,0.9065656565656566,0.941572346283267,0.5175033448588052,0.0561610291250361,0.1270828447756037,0.4948036884600054,0.2079644281361833,38,0.8421052631578947,0.6333333333333333,4.53125,0.0,0.8157894736842105
high,321,sensor_501_multivar_labeled,single_agent_rl_refactored,115,1236,27,367,0.7742120343839541,0.8098591549295775,0.2385892116182572,0.3685897435897436,0.0213776722090261,0.7614107883817427,0.978622327790974,0.6086057697046156,0.3552197911092563,0.3567832541193959,0.6086057697046157,0.4035388435428943,20,0.15,0.5,43.333333333333336,9.0,0.1
high,321,sensor_501_multivar_labeled,or_all,138,1177,86,344,0.7535816618911175,0.6160714285714286,0.2863070539419087,0.3909348441926346,0.068091844813935,0.7136929460580913,0.931908155186065,0.6091076045639868,0.2916900365540707,0.3474143258735789,0.6091076045639868,0.3735202662191748,20,0.7,0.4032258064516129,7.5,0.0,0.65
high,321,sensor_501_multivar_labeled,majority,88,1262,1,394,0.7736389684813754,0.9887640449438202,0.1825726141078838,0.308231173380035,0.0007917656373713,0.8174273858921162,0.9992082343626286,0.5908904242352562,0.3694436029824351,0.3417112424312168,0.5908904242352562,0.4063092020373242,20,0.35,0.8888888888888888,2.0,0.0,0.35
high,321,sensor_501_multivar_labeled,v73_confidence_hybrid_reference,131,1205,58,351,0.7656160458452722,0.6931216931216931,0.2717842323651452,0.390461997019374,0.0459224069675376,0.7282157676348547,0.9540775930324624,0.6129309126988038,0.3249618135156534,0.3566191816397621,0.5992458514437403,0.4706934542004102,20,0.85,0.5192307692307693,8.352941176470589,0.0,0.8
high,321,sensor_501_multivar_labeled,v75_selective_coordinator,48,1220,43,434,0.7266475644699141,0.5274725274725275,0.0995850622406639,0.1675392670157068,0.0340459224069675,0.9004149377593361,0.9659540775930324,0.5327695699168482,0.1318066987696445,0.1809844757094496,0.5572329926441358,0.380558573168043,20,0.85,0.5818181818181818,8.588235294117647,0.0,0.8
high,321,sensor_501_multivar_labeled,v75_selective_hybrid,131,1205,58,351,0.7656160458452722,0.6931216931216931,0.2717842323651452,0.390461997019374,0.0459224069675376,0.7282157676348547,0.9540775930324624,0.6129309126988038,0.3249618135156534,0.3566191816397621,0.5992614567830662,0.4716259068942056,20,0.85,0.5192307692307693,8.352941176470589,0.0,0.8
high,321,sensor_502_multivar_labeled,single_agent_rl_refactored,63,1724,126,34,0.9178222907036466,0.3333333333333333,0.6494845360824743,0.4405594405594406,0.0681081081081081,0.3505154639175257,0.931891891891892,0.7906882139871831,0.4272566324168292,0.4362862982656797,0.790688213987183,0.2339576085862998,21,0.0476190476190476,0.1111111111111111,6.0,6.0,0.0476190476190476
high,321,sensor_502_multivar_labeled,or_all,74,1627,223,23,0.8736517719568567,0.2491582491582491,0.7628865979381443,0.3756345177664975,0.1205405405405405,0.2371134020618556,0.8794594594594595,0.8211730286988019,0.3887054209493475,0.4232211956960505,0.8211730286988018,0.201892534759912,21,0.6666666666666666,0.1794871794871795,0.5714285714285714,0.0,0.6666666666666666
high,321,sensor_502_multivar_labeled,majority,66,1747,103,31,0.931176168464304,0.3905325443786982,0.6804123711340206,0.4962406015037594,0.0556756756756756,0.3195876288659793,0.9443243243243244,0.8123683477291725,0.4827913904344228,0.4804442961061351,0.8123683477291724,0.2816451057018806,21,0.4761904761904761,0.5882352941176471,0.9,0.0,0.4761904761904761
high,321,sensor_502_multivar_labeled,v73_confidence_hybrid_reference,72,1699,151,25,0.9096045197740112,0.3228699551569506,0.7422680412371134,0.45,0.0816216216216216,0.2577319587628865,0.9183783783783784,0.8303232098077459,0.4513565557076462,0.4654487434825144,0.8737336305377542,0.3105423441848678,21,0.4761904761904761,0.3846153846153846,0.6,0.0,0.4761904761904761
high,321,sensor_502_multivar_labeled,v75_selective_coordinator,72,1699,151,25,0.9096045197740112,0.3228699551569506,0.7422680412371134,0.45,0.0816216216216216,0.2577319587628865,0.9183783783783784,0.8303232098077459,0.4513565557076462,0.4654487434825144,0.8769267205349679,0.3706221306682394,21,0.4761904761904761,0.3846153846153846,0.6,0.0,0.4761904761904761
high,321,sensor_502_multivar_labeled,v75_selective_hybrid,72,1699,151,25,0.9096045197740112,0.3228699551569506,0.7422680412371134,0.45,0.0816216216216216,0.2577319587628865,0.9183783783783784,0.8303232098077459,0.4513565557076462,0.4654487434825144,0.871175814990248,0.2958806344047984,21,0.4761904761904761,0.3846153846153846,0.6,0.0,0.4761904761904761
high,321,sensor_505_multivar_labeled,single_agent_rl_refactored,24,1468,13,476,0.7531549722362443,0.6486486486486487,0.048,0.0893854748603351,0.0087778528021607,0.952,0.9912221471978392,0.5196110735989197,0.1258475903383406,0.151042975704232,0.5196110735989197,0.2714178206475026,28,0.0714285714285714,0.4,128.5,128.5,0.0
high,321,sensor_505_multivar_labeled,or_all,85,1325,156,415,0.7117617364967188,0.3526970954356846,0.17,0.2294197031039136,0.1053342336259284,0.83,0.8946657663740716,0.5323328831870358,0.0859317813832929,0.196610007349521,0.5323328831870358,0.2694486627106893,28,0.7857142857142857,0.40625,1.8636363636363635,0.0,0.7857142857142857
high,321,sensor_505_multivar_labeled,majority,15,1481,0,485,0.7551741544674407,1.0,0.03,0.058252427184466,0.0,0.97,1.0,0.515,0.1503302569837543,0.1852135922330097,0.515,0.2748258455325593,28,0.4642857142857143,1.0,22.615384615384617,0.0,0.3928571428571428
high,321,sensor_505_multivar_labeled,v73_confidence_hybrid_reference,49,1473,8,451,0.7682988389702171,0.8596491228070176,0.098,0.1759425493716337,0.0054017555705604,0.902,0.9945982444294396,0.5462991222147198,0.2406164542586047,0.2369813400812317,0.5737373396353814,0.3867176785191411,28,0.6428571428571429,0.9310344827586208,9.38888888888889,0.0,0.5714285714285714
high,321,sensor_505_multivar_labeled,v75_selective_coordinator,49,1473,8,451,0.7682988389702171,0.8596491228070176,0.098,0.1759425493716337,0.0054017555705604,0.902,0.9945982444294396,0.5462991222147198,0.2406164542586047,0.2369813400812317,0.5736968264686022,0.3872661762651852,28,0.6428571428571429,0.9310344827586208,9.38888888888889,0.0,0.5714285714285714
high,321,sensor_505_multivar_labeled,v75_selective_hybrid,49,1473,8,451,0.7682988389702171,0.8596491228070176,0.098,0.1759425493716337,0.0054017555705604,0.902,0.9945982444294396,0.5462991222147198,0.2406164542586047,0.2369813400812317,0.5736860229574611,0.3857730241558567,28,0.6428571428571429,0.9310344827586208,9.38888888888889,0.0,0.5714285714285714
high,321,sensor_506_multivar_labeled,single_agent_rl_refactored,135,4361,99,1134,0.7847791935765404,0.5769230769230769,0.1063829787234042,0.1796407185628742,0.0221973094170403,0.8936170212765957,0.9778026905829597,0.5420928346531819,0.17662193253841,0.1970719475670722,0.542092834653182,0.2593150991352749,51,0.0784313725490196,0.5263157894736842,33.5,34.5,0.0784313725490196
high,321,sensor_506_multivar_labeled,or_all,330,3771,689,939,0.7158317332867865,0.323846908734053,0.260047281323877,0.2884615384615385,0.1544843049327354,0.7399527186761229,0.8455156950672645,0.5527814881955708,0.1146337030169969,0.2409504825216898,0.5527814881955708,0.2481184580854294,51,0.8823529411764706,0.4019607843137255,0.4888888888888889,0.0,0.8823529411764706
high,321,sensor_506_multivar_labeled,majority,58,4431,29,1211,0.7835573398498865,0.6666666666666666,0.0457052797478329,0.0855457227138643,0.0065022421524663,0.9542947202521672,0.9934977578475336,0.5196015187976832,0.1331195350998524,0.1515569349303421,0.5196015187976833,0.2418508812096741,51,0.6862745098039216,0.8727272727272727,4.628571428571429,0.0,0.6666666666666666
high,321,sensor_506_multivar_labeled,v73_confidence_hybrid_reference,381,4342,118,888,0.8244021644266015,0.7635270541082164,0.3002364066193853,0.4309954751131222,0.026457399103139,0.6997635933806147,0.973542600896861,0.6368895037581231,0.4031784101246391,0.3959022039926391,0.6647432567573777,0.4594776531350168,51,0.7843137254901961,0.7746478873239436,2.625,0.0,0.7843137254901961
high,321,sensor_506_multivar_labeled,v75_selective_coordinator,381,4342,118,888,0.8244021644266015,0.7635270541082164,0.3002364066193853,0.4309954751131222,0.026457399103139,0.6997635933806147,0.973542600896861,0.6368895037581231,0.4031784101246391,0.3959022039926391,0.6646617159092114,0.4609311838710234,51,0.7843137254901961,0.7746478873239436,2.625,0.0,0.7843137254901961
high,321,sensor_506_multivar_labeled,v75_selective_hybrid,381,4342,118,888,0.8244021644266015,0.7635270541082164,0.3002364066193853,0.4309954751131222,0.026457399103139,0.6997635933806147,0.973542600896861,0.6368895037581231,0.4031784101246391,0.3959022039926391,0.664563654867538,0.452376362756948,51,0.7843137254901961,0.7746478873239436,2.625,0.0,0.7843137254901961
high,321,sensor_507_multivar_labeled,single_agent_rl_refactored,155,1441,35,366,0.7991987981972959,0.8157894736842105,0.2975047984644913,0.4360056258790436,0.0237127371273712,0.7024952015355086,0.9762872628726288,0.63689603066856,0.4097575978617113,0.4054511185248114,0.63689603066856,0.4259761953264273,19,0.1578947368421052,0.6,38.0,8.0,0.1052631578947368
high,321,sensor_507_multivar_labeled,or_all,182,1313,163,339,0.7486229344016024,0.527536231884058,0.3493282149712092,0.4203233256351039,0.1104336043360433,0.6506717850287908,0.8895663956639567,0.619447305317583,0.2774941447310109,0.3620310353761639,0.6194473053175829,0.3540379221646177,19,0.8947368421052632,0.4189189189189189,3.3529411764705883,0.0,0.8421052631578947
high,321,sensor_507_multivar_labeled,majority,67,1450,26,454,0.7596394591887832,0.7204301075268817,0.128598848368522,0.2182410423452768,0.0176151761517615,0.8714011516314779,0.9823848238482384,0.5554918361083803,0.2312843168451073,0.2430911220797873,0.5554918361083803,0.3199874936752434,19,0.5789473684210527,0.9333333333333332,16.272727272727273,0.0,0.4210526315789473
high,321,sensor_507_multivar_labeled,v73_confidence_hybrid_reference,80,1449,27,441,0.7656484727090636,0.7476635514018691,0.1535508637236084,0.2547770700636942,0.0182926829268292,0.8464491362763915,0.9817073170731708,0.5676290903983896,0.2637562693563148,0.2710352050633424,0.6643565116073424,0.4941230169934871,19,0.7894736842105263,0.8947368421052632,11.866666666666667,0.0,0.631578947368421
high,321,sensor_507_multivar_labeled,v75_selective_coordinator,31,1468,8,490,0.7506259389083625,0.7948717948717948,0.0595009596928982,0.1107142857142857,0.005420054200542,0.9404990403071016,0.994579945799458,0.5270404527461782,0.1716197826664183,0.1863604802900131,0.6647453302747998,0.5054189135697181,19,0.5263157894736842,0.8421052631578947,18.4,0.0,0.3684210526315789
high,321,sensor_507_multivar_labeled,v75_selective_hybrid,75,1449,27,446,0.7631447170756134,0.7352941176470589,0.1439539347408829,0.2407704654895666,0.0182926829268292,0.8560460652591171,0.9817073170731708,0.5628306259070268,0.2506448174100726,0.2599977392469457,0.6642947427554889,0.4917571002311533,19,0.5263157894736842,0.8571428571428571,17.8,0.0,0.3684210526315789
high,321,sensor_508_multivar_labeled,single_agent_rl_refactored,89,1744,10,98,0.9443585780525502,0.898989898989899,0.4759358288770053,0.6223776223776225,0.0057012542759407,0.5240641711229946,0.9942987457240592,0.7351172873005323,0.6306490495977891,0.5571290381539226,0.7351172873005324,0.4783509411616099,18,0.0555555555555555,0.3333333333333333,6.0,6.0,0.0555555555555555
high,321,sensor_508_multivar_labeled,or_all,92,1499,255,95,0.8196805770221536,0.2651296829971181,0.4919786096256685,0.3445692883895131,0.145381984036488,0.5080213903743316,0.854618015963512,0.6732983127945902,0.266901510743379,0.3278810167089003,0.6732983127945902,0.1793819761911176,18,0.7777777777777778,0.2079207920792079,0.4285714285714285,0.0,0.7777777777777778
high,321,sensor_508_multivar_labeled,majority,25,1749,5,162,0.913961875321999,0.8333333333333334,0.1336898395721925,0.2304147465437788,0.0028506271379703,0.8663101604278075,0.9971493728620296,0.5654196062171111,0.3129554710144276,0.2685085251025612,0.5654196062171111,0.1948703325646684,18,0.6666666666666666,0.9523809523809524,1.6666666666666667,0.0,0.6666666666666666
high,321,sensor_508_multivar_labeled,v73_confidence_hybrid_reference,108,1692,62,79,0.927357032457496,0.6352941176470588,0.5775401069518716,0.6050420168067225,0.0353477765108323,0.4224598930481283,0.9646522234891676,0.7710961652205196,0.5659202397950825,0.5372902796445622,0.8300843297824987,0.5928846893518737,18,0.7222222222222222,0.3409090909090909,0.8461538461538461,0.0,0.7222222222222222
high,321,sensor_508_multivar_labeled,v75_selective_coordinator,114,1663,91,73,0.9155074703760948,0.5560975609756098,0.6096256684491979,0.5816326530612246,0.0518814139110604,0.3903743315508021,0.9481185860889396,0.7788721272690687,0.5354499866056456,0.5228488871675459,0.8307062847944195,0.607955820423981,18,0.7777777777777778,0.2615384615384615,0.4285714285714285,0.0,0.7777777777777778
high,321,sensor_508_multivar_labeled,v75_selective_hybrid,114,1663,91,73,0.9155074703760948,0.5560975609756098,0.6096256684491979,0.5816326530612246,0.0518814139110604,0.3903743315508021,0.9481185860889396,0.7788721272690687,0.5354499866056456,0.5228488871675459,0.8305873816303759,0.5855601382689404,18,0.7777777777777778,0.2615384615384615,0.4285714285714285,0.0,0.7777777777777778
high,321,sensor_509_multivar_labeled,single_agent_rl_refactored,738,10317,507,1283,0.8606461658232776,0.5927710843373494,0.3651657595249876,0.4519289650949173,0.046840354767184,0.6348342404750124,0.953159645232816,0.6591627023789017,0.3917731587416196,0.3971493893240931,0.6591627023789017,0.3163429262804846,140,0.0714285714285714,0.3214285714285714,21.2,0.0,0.0642857142857142
high,321,sensor_509_multivar_labeled,or_all,905,10082,742,1116,0.8553522771506423,0.5494839101396478,0.4477981197427016,0.4934569247546346,0.0685513673318551,0.5522018802572983,0.9314486326681448,0.6896233762054232,0.4130302763334652,0.4319625018501577,0.6896233762054232,0.3329399170638277,140,0.9071428571428573,0.5328083989501312,0.2519685039370078,0.0,0.9071428571428573
high,321,sensor_509_multivar_labeled,majority,640,10641,183,1381,0.8782405605293888,0.7776427703523694,0.3166749134092033,0.450070323488045,0.0169068736141906,0.6833250865907966,0.9830931263858091,0.6498840198975063,0.4457322905460059,0.4124898477838176,0.6498840198975063,0.3537726078015311,140,0.6928571428571428,0.8934426229508197,3.7216494845360826,0.0,0.6785714285714286
high,321,sensor_509_multivar_labeled,v73_confidence_hybrid_reference,676,10619,205,1345,0.8793304787855196,0.7673098751418842,0.334487877288471,0.4658855961405927,0.0189393939393939,0.6655121227115289,0.981060606060606,0.6577742416745386,0.4545869763564374,0.4231974233271512,0.7957104276128001,0.5585394347484913,140,0.8571428571428571,0.8711656441717791,2.95,0.0,0.8428571428571429
high,321,sensor_509_multivar_labeled,v75_selective_coordinator,182,10806,18,1839,0.8554301284546516,0.91,0.0900544285007422,0.1638901395767672,0.0016629711751662,0.9099455714992578,0.9983370288248336,0.544195728662788,0.2599638308404827,0.2371005942422513,0.7964424860107087,0.5763051373839291,140,0.8142857142857143,0.927710843373494,3.780701754385965,0.0,0.8
high,321,sensor_509_multivar_labeled,v75_selective_hybrid,668,10620,204,1353,0.8787855196574542,0.7660550458715596,0.330529440870856,0.4618043553404769,0.0188470066518847,0.669470559129144,0.9811529933481152,0.6558412171094856,0.4511590171310995,0.4199943483800168,0.7953695180647546,0.5515972440145689,140,0.8142857142857143,0.8701298701298701,3.1052631578947367,0.0,0.8
high,321,sensor_510_multivar_labeled,single_agent_rl_refactored,493,5752,212,3159,0.6494384359400999,0.699290780141844,0.1349945235487404,0.2263025017213679,0.0355466130114017,0.8650054764512596,0.9644533869885984,0.5497239552686694,0.1851706215119586,0.2436734385593741,0.5497239552686694,0.4229154007288725,68,0.0441176470588235,0.4193548387096774,205.33333333333331,188.0,0.0294117647058823
high,321,sensor_510_multivar_labeled,or_all,574,5781,183,3078,0.6608777038269551,0.7582562747688243,0.1571741511500547,0.2603765026083012,0.0306841046277666,0.8428258488499453,0.9693158953722334,0.5632450232611441,0.227955598901238,0.2749917022712989,0.5632450232611441,0.4392698004840875,68,0.8823529411764706,0.875,6.866666666666666,0.0,0.8676470588235294
high,321,sensor_510_multivar_labeled,majority,396,5887,77,3256,0.6533901830282862,0.8372093023255814,0.108433734939759,0.192,0.0129107981220657,0.891566265060241,0.9870892018779344,0.5477614684088467,0.2143714461854232,0.2432204360185583,0.5477614684088467,0.4293840610283878,68,0.0441176470588235,0.5714285714285714,275.6666666666667,399.0,0.0147058823529411
high,321,sensor_510_multivar_labeled,v73_confidence_hybrid_reference,556,5817,147,3096,0.6627495840266223,0.7908961593172119,0.1522453450164293,0.2553386911595867,0.0246478873239436,0.8477546549835706,0.9753521126760564,0.5637987288462428,0.2378957083684496,0.2767456496919302,0.5608655125348659,0.4846640518175439,68,0.8970588235294118,0.8571428571428571,6.770491803278689,0.0,0.8823529411764706
high,321,sensor_510_multivar_labeled,v75_selective_coordinator,556,5820,144,3096,0.6630615640599001,0.7942857142857143,0.1522453450164293,0.255514705882353,0.0241448692152917,0.8477546549835706,0.9758551307847082,0.5640502379005687,0.2393045161842971,0.2773835913733156,0.5608217808126599,0.4861788124642531,68,0.8970588235294118,0.8571428571428571,6.770491803278689,0.0,0.8823529411764706
high,321,sensor_510_multivar_labeled,v75_selective_hybrid,556,5817,147,3096,0.6627495840266223,0.7908961593172119,0.1522453450164293,0.2553386911595867,0.0246478873239436,0.8477546549835706,0.9753521126760564,0.5637987288462428,0.2378957083684496,0.2767456496919302,0.560753210390492,0.4826159128811829,68,0.8970588235294118,0.8571428571428571,6.770491803278689,0.0,0.8823529411764706
high,321,sensor_511_multivar_labeled,single_agent_rl_refactored,6,3355,105,595,0.8276286628909135,0.054054054054054,0.0099833610648918,0.0168539325842696,0.0303468208092485,0.9900166389351082,0.9696531791907514,0.4898182701278216,-0.0443472623006818,0.0156527040095721,0.4898182701278216,0.1470552776813662,50,0.06,0.2727272727272727,39.333333333333336,0.0,0.04
high,321,sensor_511_multivar_labeled,or_all,135,2832,628,466,0.7306082245752278,0.1769331585845347,0.2246256239600665,0.1979472140762463,0.1815028901734104,0.7753743760399334,0.8184971098265896,0.5215613668933281,0.039200713893034,0.16485361829267,0.5215613668933281,0.1544937827074683,50,0.96,0.3791469194312796,1.875,0.0,0.94
high,321,sensor_511_multivar_labeled,majority,37,3425,35,564,0.8524993843880817,0.5138888888888888,0.0615640599001663,0.1099554234769688,0.0101156069364161,0.9384359400998336,0.9898843930635838,0.5257242264818751,0.1384360946850874,0.1440209311743776,0.525724226481875,0.1705191350940494,50,0.64,0.9444444444444444,5.71875,0.0,0.6
high,321,sensor_511_multivar_labeled,v73_confidence_hybrid_reference,278,3339,121,323,0.8906673233193795,0.6967418546365914,0.4625623960066555,0.5559999999999999,0.0349710982658959,0.5374376039933444,0.965028901734104,0.7137956488703798,0.510103760902018,0.4899828871708958,0.7515951256576227,0.4317312845856471,50,0.84,0.7215189873417721,1.0,0.0,0.84
high,321,sensor_511_multivar_labeled,v75_selective_coordinator,278,3339,121,323,0.8906673233193795,0.6967418546365914,0.4625623960066555,0.5559999999999999,0.0349710982658959,0.5374376039933444,0.965028901734104,0.7137956488703798,0.510103760902018,0.4899828871708958,0.7509714060381061,0.4394389416677743,50,0.84,0.7215189873417721,1.0,0.0,0.84
high,321,sensor_511_multivar_labeled,v75_selective_hybrid,278,3339,121,323,0.8906673233193795,0.6967418546365914,0.4625623960066555,0.5559999999999999,0.0349710982658959,0.5374376039933444,0.965028901734104,0.7137956488703798,0.510103760902018,0.4899828871708958,0.750619151125773,0.4238521383954742,50,0.84,0.7215189873417721,1.0,0.0,0.84
high,42,sensor_501_multivar_labeled,single_agent_rl_refactored,184,1283,23,255,0.8406876790830946,0.8888888888888888,0.4191343963553531,0.5696594427244582,0.0176110260336906,0.5808656036446469,0.9823889739663092,0.7007616851608311,0.5388294647995943,0.5136592988625764,0.7007616851608313,0.5186957130290181,26,0.1153846153846153,0.5,7.666666666666667,7.0,0.1153846153846153
high,42,sensor_501_multivar_labeled,or_all,180,1258,48,259,0.8240687679083094,0.7894736842105263,0.4100227790432801,0.5397301349325337,0.0367534456355283,0.5899772209567198,0.9632465543644716,0.686634666703876,0.4805802797310912,0.4806311025006503,0.686634666703876,0.4721262627494453,26,0.6153846153846154,0.4651162790697674,2.0625,0.0,0.6153846153846154
high,42,sensor_501_multivar_labeled,majority,79,1305,1,360,0.7931232091690544,0.9875,0.1799544419134396,0.3044315992292871,0.0007656967840735,0.8200455580865603,0.9992343032159264,0.5895943725646831,0.3717598328959781,0.3390289825488037,0.5895943725646831,0.3840087363178884,26,0.3076923076923077,0.9,3.5,0.0,0.2692307692307692
high,42,sensor_501_multivar_labeled,v73_confidence_hybrid_reference,205,1204,102,234,0.8074498567335243,0.6677524429967426,0.4669703872437357,0.549597855227882,0.0781010719754977,0.5330296127562643,0.9218989280245024,0.694434657634119,0.4431583056148361,0.4797629102776292,0.7051997613956262,0.5861412425533127,26,0.7307692307692307,0.3478260869565217,0.6842105263157895,0.0,0.7307692307692307
high,42,sensor_501_multivar_labeled,v75_selective_coordinator,205,1204,102,234,0.8074498567335243,0.6677524429967426,0.4669703872437357,0.549597855227882,0.0781010719754977,0.5330296127562643,0.9218989280245024,0.694434657634119,0.4431583056148361,0.4797629102776292,0.7063299926395432,0.6080302827585329,26,0.7307692307692307,0.3478260869565217,0.6842105263157895,0.0,0.7307692307692307
high,42,sensor_501_multivar_labeled,v75_selective_hybrid,205,1204,102,234,0.8074498567335243,0.6677524429967426,0.4669703872437357,0.549597855227882,0.0781010719754977,0.5330296127562643,0.9218989280245024,0.694434657634119,0.4431583056148361,0.4797629102776292,0.7052311567079571,0.5852748125911871,26,0.7307692307692307,0.3478260869565217,0.6842105263157895,0.0,0.7307692307692307
high,42,sensor_502_multivar_labeled,single_agent_rl_refactored,242,1591,63,51,0.9414483821263482,0.7934426229508197,0.825938566552901,0.8093645484949833,0.0380894800483676,0.1740614334470989,0.9619105199516323,0.8939245432522667,0.7750114209224733,0.727203062226399,0.8939245432522667,0.6815290074801865,24,0.1666666666666666,0.5714285714285714,1.75,0.0,0.1666666666666666
high,42,sensor_502_multivar_labeled,or_all,138,1596,58,155,0.8906009244992296,0.7040816326530612,0.4709897610921502,0.5644171779141104,0.0350665054413542,0.5290102389078498,0.9649334945586456,0.717961627825398,0.5180128014864721,0.4973902527428185,0.717961627825398,0.4112248958334786,24,0.75,0.8636363636363636,2.111111111111111,0.0,0.7083333333333334
high,42,sensor_502_multivar_labeled,majority,93,1621,33,200,0.8803287108371854,0.7380952380952381,0.3174061433447099,0.4439140811455847,0.0199516324062877,0.6825938566552902,0.9800483675937122,0.6487272554692111,0.4322966566795903,0.403702301992583,0.6487272554692111,0.3369980995653466,24,0.2083333333333333,0.6666666666666666,9.0,1.0,0.1666666666666666
high,42,sensor_502_multivar_labeled,v73_confidence_hybrid_reference,181,1502,152,112,0.864406779661017,0.5435435435435435,0.6177474402730375,0.5782747603833865,0.0918984280532043,0.3822525597269625,0.9081015719467956,0.7629245061099166,0.4993312461271887,0.5178895629806463,0.8588250223885834,0.5553970697573023,24,0.7916666666666666,0.3780487804878049,0.3684210526315789,0.0,0.7916666666666666
high,42,sensor_502_multivar_labeled,v75_selective_coordinator,181,1502,152,112,0.864406779661017,0.5435435435435435,0.6177474402730375,0.5782747603833865,0.0918984280532043,0.3822525597269625,0.9081015719467956,0.7629245061099166,0.4993312461271887,0.5178895629806463,0.8603757155061058,0.5458298727981555,24,0.7916666666666666,0.3780487804878049,0.3684210526315789,0.0,0.7916666666666666
high,42,sensor_502_multivar_labeled,v75_selective_hybrid,181,1502,152,112,0.864406779661017,0.5435435435435435,0.6177474402730375,0.5782747603833865,0.0918984280532043,0.3822525597269625,0.9081015719467956,0.7629245061099166,0.4993312461271887,0.5178895629806463,0.860655314863956,0.5524880020982544,24,0.7916666666666666,0.3780487804878049,0.3684210526315789,0.0,0.7916666666666666
high,42,sensor_505_multivar_labeled,single_agent_rl_refactored,3,1580,14,384,0.7990913679959616,0.1764705882352941,0.0077519379844961,0.0148514851485148,0.0087829360100376,0.992248062015504,0.9912170639899625,0.4994845009872292,-0.0044316175357987,0.0346010443464708,0.4994845009872292,0.1952094832509386,22,0.0454545454545454,0.3333333333333333,3.0,3.0,0.0454545454545454
high,42,sensor_505_multivar_labeled,or_all,62,1348,246,325,0.7117617364967188,0.2012987012987013,0.1602067183462532,0.1784172661870503,0.1543287327478042,0.8397932816537468,0.8456712672521958,0.5029389927992245,0.0064313897623986,0.1431117172080733,0.5029389927992245,0.1963079606271323,22,0.7272727272727273,0.3457943925233644,3.875,0.0,0.6818181818181818
high,42,sensor_505_multivar_labeled,majority,9,1594,0,378,0.8091872791519434,1.0,0.0232558139534883,0.0454545454545454,0.0,0.9767441860465116,1.0,0.5116279069767442,0.1371060046536971,0.1774312896405919,0.5116279069767442,0.2140685348015449,22,0.4090909090909091,1.0,16.11111111111111,0.0,0.3636363636363636
high,42,sensor_505_multivar_labeled,v73_confidence_hybrid_reference,132,1403,191,255,0.7748611812216053,0.4086687306501548,0.3410852713178294,0.3718309859154929,0.1198243412797992,0.6589147286821705,0.8801756587202008,0.6106304650190151,0.237471147218911,0.3189674005268639,0.5986678078971855,0.3058375734091563,22,0.7272727272727273,0.238095238095238,1.0625,0.0,0.6818181818181818
high,42,sensor_505_multivar_labeled,v75_selective_coordinator,126,1438,156,261,0.7895002523977789,0.4468085106382978,0.3255813953488372,0.3766816143497757,0.0978670012547051,0.6744186046511628,0.9021329987452948,0.6138571970470661,0.2583859419283194,0.3244157215323244,0.6017753915685111,0.3188212150571852,22,0.6818181818181818,0.2427184466019417,1.1333333333333333,0.0,0.6363636363636364
high,42,sensor_505_multivar_labeled,v75_selective_hybrid,126,1438,156,261,0.7895002523977789,0.4468085106382978,0.3255813953488372,0.3766816143497757,0.0978670012547051,0.6744186046511628,0.9021329987452948,0.6138571970470661,0.2583859419283194,0.3244157215323244,0.6017389175817586,0.310250737300661,22,0.6818181818181818,0.2427184466019417,1.1333333333333333,0.0,0.6363636363636364
high,42,sensor_506_multivar_labeled,single_agent_rl_refactored,214,4699,139,677,0.857566765578635,0.6062322946175638,0.2401795735129068,0.3440514469453376,0.0287308805291442,0.7598204264870931,0.9712691194708556,0.6057243464918812,0.318683667368998,0.3149387793189941,0.6057243464918812,0.2637753243916641,55,0.0181818181818181,0.0714285714285714,10.0,10.0,0.0181818181818181
high,42,sensor_506_multivar_labeled,or_all,304,4330,508,587,0.8088671670448595,0.3743842364532019,0.3411896745230078,0.3570170287727539,0.1050020669698222,0.6588103254769921,0.8949979330301777,0.6180938037765928,0.2454148127268507,0.3086719940756397,0.6180938037765927,0.2301971982885584,55,0.9454545454545454,0.3838383838383838,0.7115384615384616,0.0,0.9454545454545454
high,42,sensor_506_multivar_labeled,majority,231,4809,29,660,0.8797346831907837,0.8884615384615384,0.2592592592592592,0.4013900955690703,0.0059942124844977,0.7407407407407407,0.9940057875155024,0.6266325233873807,0.4409673199198752,0.3910731303046404,0.6266325233873808,0.345545231712102,55,0.6545454545454545,0.9069767441860463,2.083333333333333,0.0,0.6545454545454545
high,42,sensor_506_multivar_labeled,v73_confidence_hybrid_reference,359,4303,535,532,0.813754581951475,0.4015659955257271,0.4029180695847362,0.4022408963585434,0.1105828854898718,0.5970819304152637,0.8894171145101282,0.6461675920474322,0.2919348037386862,0.3510604350166373,0.7195193865994474,0.4189539224147001,55,0.9272727272727272,0.3427419354838709,0.4705882352941176,0.0,0.9272727272727272
high,42,sensor_506_multivar_labeled,v75_selective_coordinator,358,4303,535,533,0.8135800314190959,0.4008958566629339,0.4017957351290684,0.4013452914798206,0.1105828854898718,0.5982042648709316,0.8894171145101282,0.6456064248195983,0.2909467046518503,0.3502201916550927,0.7200825256840141,0.4412467218684632,55,0.9272727272727272,0.340080971659919,0.4705882352941176,0.0,0.9272727272727272
high,42,sensor_506_multivar_labeled,v75_selective_hybrid,358,4303,535,533,0.8135800314190959,0.4008958566629339,0.4017957351290684,0.4013452914798206,0.1105828854898718,0.5982042648709316,0.8894171145101282,0.6456064248195983,0.2909467046518503,0.3502201916550927,0.7193614060776801,0.4134574107482915,55,0.9272727272727272,0.340080971659919,0.4705882352941176,0.0,0.9272727272727272
high,42,sensor_507_multivar_labeled,single_agent_rl_refactored,1,1602,61,333,0.8027040560841262,0.0161290322580645,0.0029940119760479,0.005050505050505,0.036680697534576,0.997005988023952,0.963319302465424,0.4831566572207359,-0.0724838597426648,0.0019222159507937,0.4831566572207359,0.1667984157035243,17,0.0588235294117647,0.1666666666666666,0.0,0.0,0.0588235294117647
high,42,sensor_507_multivar_labeled,or_all,41,1516,147,293,0.7796695042563846,0.2180851063829787,0.122754491017964,0.1570881226053639,0.0883944678292242,0.8772455089820359,0.9116055321707756,0.5171800115943699,0.0439111284747331,0.1313893216523274,0.5171800115943699,0.1734910063528214,17,0.7647058823529411,0.3684210526315789,2.769230769230769,0.0,0.7058823529411765
high,42,sensor_507_multivar_labeled,majority,9,1636,27,325,0.8237356034051077,0.25,0.0269461077844311,0.0486486486486486,0.0162357185808779,0.9730538922155688,0.983764281419122,0.5053551946017766,0.0300423958114592,0.0658521523691334,0.5053551946017766,0.1694806431203692,17,0.4705882352941176,0.8181818181818182,10.875,0.0,0.4117647058823529
high,42,sensor_507_multivar_labeled,v73_confidence_hybrid_reference,95,1610,53,239,0.8537806710065098,0.6418918918918919,0.2844311377245509,0.3941908713692946,0.0318701142513529,0.7155688622754491,0.968129885748647,0.6262805117365989,0.359820890101688,0.3558120057921963,0.6591048210254176,0.3312344549644985,17,0.7058823529411765,0.64,7.833333333333333,0.0,0.6470588235294118
high,42,sensor_507_multivar_labeled,v75_selective_coordinator,95,1610,53,239,0.8537806710065098,0.6418918918918919,0.2844311377245509,0.3941908713692946,0.0318701142513529,0.7155688622754491,0.968129885748647,0.6262805117365989,0.359820890101688,0.3558120057921963,0.659875378527371,0.3634248006700879,17,0.7058823529411765,0.64,7.833333333333333,0.0,0.6470588235294118
high,42,sensor_507_multivar_labeled,v75_selective_hybrid,95,1610,53,239,0.8537806710065098,0.6418918918918919,0.2844311377245509,0.3941908713692946,0.0318701142513529,0.7155688622754491,0.968129885748647,0.6262805117365989,0.359820890101688,0.3558120057921963,0.6587213426424361,0.330519980685767,17,0.7058823529411765,0.64,7.833333333333333,0.0,0.6470588235294118
high,42,sensor_508_multivar_labeled,single_agent_rl_refactored,0,1899,18,24,0.9783616692426584,0.0,0.0,0.0,0.0093896713615023,1.0,0.9906103286384976,0.4953051643192488,-0.0108253307618286,-0.0009389671361502,0.4953051643192488,0.0123647604327666,24,0.0,0.0,,,0.0
high,42,sensor_508_multivar_labeled,or_all,18,1743,174,6,0.9072642967542504,0.09375,0.75,0.1666666666666666,0.0907668231611893,0.25,0.9092331768388108,0.8296165884194053,0.2440114546418464,0.304985817683881,0.8296165884194053,0.0734036901081916,24,0.75,0.2117647058823529,0.0,0.0,0.75
high,42,sensor_508_multivar_labeled,majority,12,1911,6,12,0.990726429675425,0.6666666666666666,0.5,0.5714285714285715,0.0031298904538341,0.5,0.9968701095461658,0.7484350547730829,0.5728404194800988,0.5068298680974737,0.7484350547730829,0.3395157135497166,24,0.5,0.8571428571428571,0.0,0.0,0.5
high,42,sensor_508_multivar_labeled,v73_confidence_hybrid_reference,14,1898,19,10,0.985059247810407,0.4242424242424242,0.5833333333333334,0.4912280701754386,0.0099113197704747,0.4166666666666667,0.9900886802295252,0.7867110067814294,0.4901679188631843,0.4586978632382635,0.9467809946096332,0.3782616608800581,24,0.5833333333333334,0.7,0.0,0.0,0.5833333333333334
high,42,sensor_508_multivar_labeled,v75_selective_coordinator,14,1898,19,10,0.985059247810407,0.4242424242424242,0.5833333333333334,0.4912280701754386,0.0099113197704747,0.4166666666666667,0.9900886802295252,0.7867110067814294,0.4901679188631843,0.4586978632382635,0.9454768735872022,0.2974470076969839,24,0.5833333333333334,0.7,0.0,0.0,0.5833333333333334
high,42,sensor_508_multivar_labeled,v75_selective_hybrid,14,1898,19,10,0.985059247810407,0.4242424242424242,0.5833333333333334,0.4912280701754386,0.0099113197704747,0.4166666666666667,0.9900886802295252,0.7867110067814294,0.4901679188631843,0.4586978632382635,0.9454768735872022,0.2974470076969839,24,0.5833333333333334,0.7,0.0,0.0,0.5833333333333334
high,42,sensor_509_multivar_labeled,single_agent_rl_refactored,1139,9529,502,1675,0.8305177111716622,0.6940889701401585,0.4047619047619047,0.5113355780022446,0.0500448609311135,0.5952380952380952,0.9499551390688864,0.6773585219153956,0.4395166962371929,0.4506384409574939,0.6773585219153956,0.4113417078438075,114,0.0614035087719298,0.2051282051282051,148.28571428571428,0.0,0.0526315789473684
high,42,sensor_509_multivar_labeled,or_all,1400,8697,1334,1414,0.7860646165823277,0.5120702267739575,0.4975124378109453,0.5046863734679163,0.1329877380121623,0.5024875621890548,0.8670122619878377,0.6822623498993915,0.3683535098852367,0.4398743596187233,0.6822623498993916,0.364843050721925,114,0.9473684210526316,0.3098591549295774,1.4166666666666667,0.0,0.9473684210526316
high,42,sensor_509_multivar_labeled,majority,683,9863,168,2131,0.8210198520825224,0.8025851938895417,0.2427149964463397,0.3727148703956344,0.0167480809490579,0.7572850035536602,0.983251919050942,0.6129834577486409,0.3757787495241078,0.3592491616004629,0.6129834577486409,0.3607005913266931,114,0.7807017543859649,0.8538011695906432,5.01123595505618,0.0,0.7719298245614035
high,42,sensor_509_multivar_labeled,v73_confidence_hybrid_reference,685,9851,180,2129,0.8202413390424289,0.791907514450867,0.2434257285003553,0.3723837999456374,0.0179443724454192,0.7565742714996446,0.9820556275545808,0.612740678027468,0.3721416998258372,0.3575921184487315,0.7059849895317407,0.5264586819912974,114,0.7017543859649122,0.8671328671328671,5.4125,0.0,0.6929824561403509
high,42,sensor_509_multivar_labeled,v75_selective_coordinator,202,10007,24,2612,0.7947839626313741,0.8938053097345132,0.0717839374555792,0.1328947368421052,0.0023925829927225,0.9282160625444208,0.9976074170072774,0.5346956772314283,0.2183096013834713,0.2151693509765258,0.7070046785313786,0.5461386568869331,114,0.6929824561403509,0.89375,6.481012658227848,0.0,0.6842105263157895
high,42,sensor_509_multivar_labeled,v75_selective_hybrid,684,9851,180,2130,0.8201634877384196,0.7916666666666666,0.2430703624733475,0.3719412724306688,0.0179443724454192,0.7569296375266524,0.9820556275545808,0.6125629950139642,0.3717546351506811,0.3572502440912633,0.7057181727405526,0.5218682897844737,114,0.6929824561403509,0.8661971830985915,5.481012658227848,0.0,0.6842105263157895
high,42,sensor_510_multivar_labeled,single_agent_rl_refactored,537,7658,320,1101,0.8522254575707154,0.6266044340723453,0.3278388278388278,0.4304609218436874,0.0401103033341689,0.6721611721611722,0.959889696665831,0.6438642622523294,0.3796375912434781,0.3820386979587426,0.6438642622523294,0.3199219353978681,100,0.04,0.1428571428571428,67.75,9.0,0.03
high,42,sensor_510_multivar_labeled,or_all,266,7515,463,1372,0.8091722129783694,0.3648834019204389,0.1623931623931624,0.224757076468103,0.0580345951366257,0.8376068376068376,0.9419654048633744,0.5521792836282684,0.1482145086041165,0.1987876839029983,0.5521792836282684,0.201933438095048,100,0.84,0.4171270718232044,0.4404761904761904,0.0,0.84
high,42,sensor_510_multivar_labeled,majority,142,7856,122,1496,0.831738768718802,0.5378787878787878,0.0866910866910866,0.14931650893796,0.0152920531461519,0.9133089133089132,0.984707946853848,0.5356995167724674,0.16426388322568,0.172352367896611,0.5356995167724674,0.2022033398905278,100,0.71,0.8725490196078431,1.0845070422535212,0.0,0.71
high,42,sensor_510_multivar_labeled,v73_confidence_hybrid_reference,485,7690,288,1153,0.8501455906821963,0.6274256144890039,0.2960927960927961,0.40232268768146,0.036099273000752,0.703907203907204,0.963900726999248,0.629996761546022,0.3594818220607128,0.3603769631577712,0.6795767114142647,0.3544491035915642,100,0.81,0.7,0.9506172839506172,0.0,0.81
high,42,sensor_510_multivar_labeled,v75_selective_coordinator,495,7657,321,1143,0.8477537437603994,0.6066176470588235,0.3021978021978022,0.4034229828850856,0.0402356480320882,0.6978021978021978,0.9597643519679118,0.630981077082857,0.3533915023929312,0.3591687652132439,0.6806097721114015,0.3969694883897677,100,0.81,0.625,0.9506172839506172,0.0,0.81
high,42,sensor_510_multivar_labeled,v75_selective_hybrid,495,7657,321,1143,0.8477537437603994,0.6066176470588235,0.3021978021978022,0.4034229828850856,0.0402356480320882,0.6978021978021978,0.9597643519679118,0.630981077082857,0.3533915023929312,0.3591687652132439,0.6789718735068446,0.3470144557265027,100,0.81,0.625,0.9506172839506172,0.0,0.81
high,42,sensor_511_multivar_labeled,single_agent_rl_refactored,1,3460,125,475,0.8522531396207831,0.0079365079365079,0.0021008403361344,0.0033222591362126,0.0348675034867503,0.9978991596638656,0.9651324965132496,0.483616668424692,-0.060788668661891,-0.0001710054460628,0.483616668424692,0.1169829378028811,46,0.0217391304347826,0.1111111111111111,0.0,0.0,0.0217391304347826
high,42,sensor_511_multivar_labeled,or_all,441,2851,734,35,0.8106377739473036,0.3753191489361702,0.9264705882352942,0.5342216838279831,0.204741980474198,0.0735294117647058,0.795258019525802,0.8608643038805481,0.5119822207698099,0.5541646084861863,0.860864303880548,0.3563407195463179,46,0.9347826086956522,0.3049645390070922,0.2325581395348837,0.0,0.9347826086956522
high,42,sensor_511_multivar_labeled,majority,71,3508,77,405,0.881310022162029,0.4797297297297297,0.1491596638655462,0.2275641025641025,0.0214783821478382,0.8508403361344538,0.9785216178521616,0.563840640858854,0.2191742395380745,0.2169633665581856,0.5638406408588539,0.1712854559887672,46,0.8478260869565217,0.912280701754386,1.3333333333333333,0.0,0.8260869565217391
high,42,sensor_511_multivar_labeled,v73_confidence_hybrid_reference,450,2347,1238,26,0.6887466141344496,0.2665876777251185,0.9453781512605042,0.4158964879852126,0.3453277545327755,0.0546218487394958,0.6546722454672246,0.8000251983638644,0.3916523108430613,0.4762222411769871,0.903271685243135,0.4990712029828964,46,0.9782608695652174,0.1764705882352941,0.2,0.0,0.9782608695652174
high,42,sensor_511_multivar_labeled,v75_selective_coordinator,460,1771,1814,16,0.5493720758433883,0.2022867194371152,0.9663865546218487,0.3345454545454545,0.505997210599721,0.0336134453781512,0.4940027894002789,0.7301946720110638,0.2983429728859593,0.4202047077876042,0.903690095284976,0.504490048408084,46,0.9782608695652174,0.1350574712643678,0.0,0.0,0.9782608695652174
high,42,sensor_511_multivar_labeled,v75_selective_hybrid,460,1771,1814,16,0.5493720758433883,0.2022867194371152,0.9663865546218487,0.3345454545454545,0.505997210599721,0.0336134453781512,0.4940027894002789,0.7301946720110638,0.2983429728859593,0.4202047077876042,0.9028567912520656,0.4924212941187272,46,0.9782608695652174,0.1350574712643678,0.0,0.0,0.9782608695652174
high,777,sensor_501_multivar_labeled,single_agent_rl_refactored,7,1342,22,374,0.7730659025787966,0.2413793103448276,0.0183727034120734,0.0341463414634146,0.0161290322580645,0.9816272965879264,0.9838709677419356,0.5011218355770045,0.0072505547567405,0.0554716580080763,0.5011218355770045,0.2187614380432462,11,0.0909090909090909,0.25,64.0,64.0,0.0
high,777,sensor_501_multivar_labeled,or_all,5,1351,13,376,0.7770773638968481,0.2777777777777778,0.0131233595800524,0.025062656641604,0.0095307917888563,0.9868766404199476,0.9904692082111436,0.501796283895598,0.0146889997559878,0.0559287908505185,0.501796283895598,0.2191181570307532,11,0.3636363636363636,0.625,37.5,0.0,0.2727272727272727
high,777,sensor_501_multivar_labeled,majority,0,1359,5,381,0.7787965616045845,0.0,0.0,0.0,0.0036656891495601,1.0,0.99633431085044,0.4981671554252199,-0.0283312463665039,-0.000366568914956,0.4981671554252199,0.2183381088825215,11,0.0,0.0,,,0.0
high,777,sensor_501_multivar_labeled,v73_confidence_hybrid_reference,5,1344,20,376,0.7730659025787966,0.2,0.0131233595800524,0.0246305418719211,0.0146627565982404,0.9868766404199476,0.9853372434017597,0.499230301490906,-0.0053516300810526,0.0435544760565562,0.4978169426035821,0.2137586601238077,11,0.3636363636363636,0.3846153846153846,37.5,0.0,0.2727272727272727
high,777,sensor_501_multivar_labeled,v75_selective_coordinator,5,1353,11,376,0.7782234957020058,0.3125,0.0131233595800524,0.0251889168765743,0.0080645161290322,0.9868766404199476,0.9919354838709676,0.5025294217255101,0.0219262027228806,0.0613405688555709,0.4996093780066347,0.2227398245456081,11,0.3636363636363636,0.5,37.5,0.0,0.2727272727272727
high,777,sensor_501_multivar_labeled,v75_selective_hybrid,5,1347,17,376,0.7747851002865329,0.2272727272727272,0.0131233595800524,0.0248138957816377,0.0124633431085043,0.9868766404199476,0.9875366568914956,0.500330008235774,0.0024438270518906,0.0479478357558113,0.499411180640543,0.2151884287072376,11,0.3636363636363636,0.5,37.5,0.0,0.2727272727272727
high,777,sensor_502_multivar_labeled,single_agent_rl_refactored,259,1448,94,146,0.8767334360554699,0.7337110481586402,0.6395061728395062,0.683377308707124,0.0609597924773022,0.3604938271604938,0.9390402075226978,0.789273190181102,0.609503730431065,0.6033323187461235,0.789273190181102,0.544199904110917,23,0.1739130434782608,0.4444444444444444,18.5,5.0,0.1304347826086956
high,777,sensor_502_multivar_labeled,or_all,119,1401,141,286,0.7806882383153569,0.4576923076923077,0.2938271604938272,0.3578947368421053,0.0914396887159533,0.7061728395061728,0.9085603112840468,0.601193735888937,0.2414955366161247,0.3087106570093463,0.601193735888937,0.2813750865163295,23,0.782608695652174,0.4153846153846154,2.333333333333333,0.0,0.7391304347826086
high,777,sensor_502_multivar_labeled,majority,85,1497,45,320,0.8125321006676939,0.6538461538461539,0.2098765432098765,0.3177570093457944,0.0291828793774319,0.7901234567901234,0.970817120622568,0.5903468319162223,0.2938079091625019,0.3011122523077503,0.5903468319162224,0.3015823891530106,23,0.4782608695652174,0.8235294117647058,1.4545454545454546,0.0,0.4782608695652174
high,777,sensor_502_multivar_labeled,v73_confidence_hybrid_reference,98,1452,90,307,0.7960965588084232,0.5212765957446809,0.2419753086419753,0.3305227655986509,0.0583657587548638,0.7580246913580246,0.9416342412451362,0.5918047749435558,0.25232083898704,0.2936827505982012,0.7771933195625369,0.4832583438788779,23,0.6521739130434783,0.7727272727272727,5.133333333333334,0.0,0.6086956521739131
high,777,sensor_502_multivar_labeled,v75_selective_coordinator,41,1493,49,364,0.7878787878787878,0.4555555555555555,0.1012345679012345,0.1656565656565656,0.0317769130998702,0.8987654320987655,0.9682230869001296,0.5347288274006822,0.1342649354495615,0.1700714669391712,0.7762325663320042,0.4748683666976534,23,0.6521739130434783,0.7,6.266666666666667,0.0,0.5652173913043478
high,777,sensor_502_multivar_labeled,v75_selective_hybrid,98,1452,90,307,0.7960965588084232,0.5212765957446809,0.2419753086419753,0.3305227655986509,0.0583657587548638,0.7580246913580246,0.9416342412451362,0.5918047749435558,0.25232083898704,0.2936827505982012,0.7770876367071784,0.4816758723904491,23,0.6521739130434783,0.7727272727272727,5.133333333333334,0.0,0.6086956521739131
high,777,sensor_505_multivar_labeled,single_agent_rl_refactored,16,1459,2,504,0.7445734477536597,0.8888888888888888,0.0307692307692307,0.0594795539033457,0.001368925393566,0.9692307692307692,0.998631074606434,0.5147001526878323,0.1363271070531264,0.1691930092812515,0.5147001526878323,0.2817673884811694,21,0.7142857142857143,0.8888888888888888,1.4666666666666666,0.0,0.7142857142857143
high,777,sensor_505_multivar_labeled,or_all,77,1455,6,443,0.773346794548208,0.927710843373494,0.148076923076923,0.2553897180762852,0.0041067761806981,0.8519230769230769,0.995893223819302,0.5719850734481124,0.3161637523619575,0.2980943989453596,0.5719850734481124,0.3609969992968418,21,0.6666666666666666,0.85,2.2142857142857144,0.0,0.6666666666666666
high,777,sensor_505_multivar_labeled,majority,49,1461,0,471,0.762241292276628,1.0,0.0942307692307692,0.172231985940246,0.0,0.9057692307692308,1.0,0.5471153846153847,0.2669426178114191,0.2557736244423415,0.5471153846153847,0.3319894769541412,21,0.0476190476190476,1.0,13.0,13.0,0.0476190476190476
high,777,sensor_505_multivar_labeled,v73_confidence_hybrid_reference,172,1330,131,348,0.7582029278142353,0.5676567656765676,0.3307692307692307,0.4179829890643985,0.0896646132785763,0.6692307692307692,0.9103353867214236,0.6205523087453272,0.2947236690207308,0.3635051678333761,0.627486442373506,0.4658931062293689,21,0.8571428571428571,0.4,1.2777777777777777,0.0,0.8571428571428571
high,777,sensor_505_multivar_labeled,v75_selective_coordinator,166,1341,120,354,0.7607269056032306,0.5804195804195804,0.3192307692307692,0.4119106699751861,0.082135523613963,0.6807692307692308,0.917864476386037,0.618547622808403,0.2968122063573443,0.3599784169596052,0.6288731374717,0.4768766294813685,21,0.8095238095238095,0.3777777777777777,1.3529411764705883,0.0,0.8095238095238095
high,777,sensor_505_multivar_labeled,v75_selective_hybrid,166,1341,120,354,0.7607269056032306,0.5804195804195804,0.3192307692307692,0.4119106699751861,0.082135523613963,0.6807692307692308,0.917864476386037,0.618547622808403,0.2968122063573443,0.3599784169596052,0.6285618385721055,0.4659251464584236,21,0.8095238095238095,0.3777777777777777,1.3529411764705883,0.0,0.8095238095238095
high,777,sensor_506_multivar_labeled,single_agent_rl_refactored,44,4564,502,619,0.8043288532030023,0.0805860805860805,0.0663650075414781,0.0727874276261373,0.0990919857876036,0.933634992458522,0.9009080142123964,0.4836365108769372,-0.0356540064695263,0.0548425582033569,0.4836365108769372,0.113394875388511,53,0.0566037735849056,0.1551724137931034,29.666666666666668,0.0,0.0566037735849056
high,777,sensor_506_multivar_labeled,or_all,168,3832,1234,495,0.6982021295164951,0.1198288159771754,0.253393665158371,0.1627118644067796,0.2435846821950256,0.746606334841629,0.7564153178049743,0.5049044914816727,0.0072987062119376,0.1428542927076359,0.5049044914816727,0.1167663763997107,53,0.8679245283018868,0.2445820433436532,0.0,0.0,0.8679245283018868
high,777,sensor_506_multivar_labeled,majority,47,4997,69,616,0.8804328853203002,0.4051724137931034,0.0708898944193061,0.1206675224646983,0.0136202131859455,0.9291101055806938,0.9863797868140544,0.5286348406166803,0.1300731348070208,0.134981194185277,0.5286348406166803,0.1362457575809487,53,0.6415094339622641,0.6507936507936508,2.617647058823529,0.0,0.6415094339622641
high,777,sensor_506_multivar_labeled,v73_confidence_hybrid_reference,56,4895,171,607,0.8641996858090417,0.2466960352422907,0.0844645550527903,0.1258426966292135,0.0337544413738649,0.9155354449472096,0.966245558626135,0.5253550568394627,0.0831592797918722,0.1155975411479403,0.5222507843673166,0.1509438901632628,53,0.7735849056603774,0.5555555555555556,2.1707317073170733,0.0,0.7735849056603774
high,777,sensor_506_multivar_labeled,v75_selective_coordinator,49,4925,141,614,0.8682143480537615,0.2578947368421053,0.0739064856711915,0.1148886283704572,0.0278326095538886,0.9260935143288084,0.9721673904461112,0.5230369380586515,0.0823098147276873,0.1097727780389901,0.5221191881046505,0.1780794297100267,53,0.7735849056603774,0.550561797752809,2.1707317073170733,0.0,0.7735849056603774
high,777,sensor_506_multivar_labeled,v75_selective_hybrid,56,4895,171,607,0.8641996858090417,0.2466960352422907,0.0844645550527903,0.1258426966292135,0.0337544413738649,0.9155354449472096,0.966245558626135,0.5253550568394627,0.0831592797918722,0.1155975411479403,0.5220706582611786,0.1439361795154831,53,0.7735849056603774,0.5555555555555556,2.1707317073170733,0.0,0.7735849056603774
high,777,sensor_507_multivar_labeled,single_agent_rl_refactored,20,1509,92,376,0.7656484727090636,0.1785714285714285,0.0505050505050505,0.0787401574803149,0.0574640849469081,0.9494949494949496,0.942535915053092,0.4965204827790712,-0.0120594515278002,0.0716238918086803,0.4965204827790712,0.1973011826542121,20,0.05,0.1428571428571428,38.0,38.0,0.05
high,777,sensor_507_multivar_labeled,or_all,54,1449,152,342,0.7526289434151227,0.2621359223300971,0.1363636363636363,0.1794019933554817,0.0949406620861961,0.8636363636363636,0.905059337913804,0.5207114871387202,0.0543004132740103,0.1514663100599526,0.5207114871387202,0.2070026929184597,20,0.85,0.3943661971830985,2.9411764705882355,0.0,0.85
high,777,sensor_507_multivar_labeled,majority,14,1575,26,382,0.7956935403104657,0.35,0.0353535353535353,0.0642201834862385,0.0162398500936914,0.9646464646464646,0.9837601499063086,0.509556842629922,0.0543954132802794,0.0903811581654988,0.5095568426299218,0.2036606677693307,20,0.6,0.9333333333333332,3.1666666666666665,0.0,0.6
high,777,sensor_507_multivar_labeled,v73_confidence_hybrid_reference,91,1550,51,305,0.8217325988983475,0.6408450704225352,0.2297979797979798,0.3382899628252788,0.0318550905683947,0.7702020202020202,0.9681449094316052,0.5989714446147926,0.3070909619377682,0.3141111287173102,0.6260733506205086,0.3340543586562688,20,0.75,0.53125,1.1333333333333333,0.0,0.75
high,777,sensor_507_multivar_labeled,v75_selective_coordinator,87,1563,38,309,0.8262393590385578,0.696,0.2196969696969697,0.3339731285988483,0.023735165521549,0.7803030303030303,0.9762648344784508,0.5979809020877103,0.3225572140923755,0.3182234822264178,0.6299929337093609,0.3855921327762077,20,0.75,0.5925925925925926,1.1333333333333333,0.0,0.75
high,777,sensor_507_multivar_labeled,v75_selective_hybrid,91,1554,47,305,0.8237356034051077,0.6594202898550725,0.2297979797979798,0.3408239700374532,0.0293566520924422,0.7702020202020202,0.9706433479075578,0.6002206638527688,0.3151020957205633,0.3182875587252645,0.6280039621701083,0.3337586305796295,20,0.75,0.6071428571428571,1.1333333333333333,0.0,0.75
high,777,sensor_508_multivar_labeled,single_agent_rl_refactored,59,1631,9,242,0.8706852138073158,0.8676470588235294,0.1960132890365448,0.3197831978319783,0.0054878048780487,0.8039867109634552,0.9945121951219512,0.595262742079248,0.3750894945771894,0.3323047040710782,0.595262742079248,0.2947483547532812,20,0.05,0.3333333333333333,10.0,10.0,0.05
high,777,sensor_508_multivar_labeled,or_all,83,1490,150,218,0.8104070066975786,0.3562231759656652,0.2757475083056478,0.3108614232209737,0.0914634146341463,0.7242524916943521,0.9085365853658536,0.5921420468357508,0.2052443115186435,0.2668990278725677,0.5921420468357508,0.2105408937708866,20,0.8,0.2631578947368421,1.5,0.0,0.8
high,777,sensor_508_multivar_labeled,majority,64,1635,5,237,0.8753219989696033,0.927536231884058,0.2126245847176079,0.3459459459459459,0.0030487804878048,0.7873754152823921,0.9969512195121952,0.6047879021149015,0.409702718516771,0.3582886078247863,0.6047879021149016,0.3193190153884531,20,0.5,0.9166666666666666,1.2,0.0,0.5
high,777,sensor_508_multivar_labeled,v73_confidence_hybrid_reference,75,1576,64,226,0.85059247810407,0.539568345323741,0.2491694352159468,0.3409090909090909,0.0390243902439024,0.7508305647840532,0.9609756097560976,0.6050725224860222,0.2950118986041612,0.3051927342480458,0.5281136050563163,0.350001160137563,20,0.8,0.3636363636363636,1.625,0.0,0.8
high,777,sensor_508_multivar_labeled,v75_selective_coordinator,61,1579,61,240,0.844925296239052,0.5,0.2026578073089701,0.2884160756501182,0.0371951219512195,0.7973421926910299,0.9628048780487805,0.5827313426788753,0.2467794405422264,0.2618650640401223,0.5248197066688275,0.2986920780586758,20,0.8,0.3888888888888889,1.625,0.0,0.8
high,777,sensor_508_multivar_labeled,v75_selective_hybrid,73,1579,61,228,0.8511076764554354,0.5447761194029851,0.2425249169435216,0.3356321839080459,0.0371951219512195,0.7574750830564784,0.9628048780487805,0.602664897496151,0.2931741467744639,0.3017888635570029,0.5294333927558544,0.3481920748715409,20,0.8,0.3773584905660377,1.625,0.0,0.8
high,777,sensor_509_multivar_labeled,single_agent_rl_refactored,1214,9874,452,1305,0.8632152588555858,0.7286914765906363,0.481937276697102,0.5801672640382318,0.0437730001936858,0.5180627233028979,0.9562269998063142,0.7190821382517081,0.5178191818156502,0.5105828732955618,0.7190821382517081,0.4527795375126728,126,0.0873015873015873,0.3297872340425531,5.2727272727272725,0.0,0.0873015873015873
high,777,sensor_509_multivar_labeled,or_all,1400,9422,904,1119,0.8425068119891008,0.6076388888888888,0.55577610162763,0.5805515239477502,0.0875460003873716,0.44422389837237,0.9124539996126284,0.7341150506201292,0.4845709001023905,0.5103722495593728,0.7341150506201292,0.4248267820504651,126,0.9285714285714286,0.374074074074074,0.1025641025641025,0.0,0.9285714285714286
high,777,sensor_509_multivar_labeled,majority,1104,10157,169,1415,0.876683534449202,0.8672427336999214,0.4382691544263596,0.5822784810126582,0.0163664536122409,0.5617308455736403,0.983633546387759,0.7109513504070594,0.5606270330634594,0.5219558274773682,0.7109513504070593,0.4902453347542883,126,0.7777777777777778,0.8923076923076924,4.622448979591836,0.0,0.7698412698412699
high,777,sensor_509_multivar_labeled,v73_confidence_hybrid_reference,2028,6685,3641,491,0.6783184118333982,0.3577350502734168,0.8050813815005955,0.4953590620420127,0.352605074569049,0.1949186184994045,0.647394925430951,0.7262381534657733,0.36181081447227,0.4828357424531919,0.834077493712899,0.676596824862844,126,0.984126984126984,0.1998097050428163,0.0080645161290322,0.0,0.984126984126984
high,777,sensor_509_multivar_labeled,v75_selective_coordinator,2028,6685,3641,491,0.6783184118333982,0.3577350502734168,0.8050813815005955,0.4953590620420127,0.352605074569049,0.1949186184994045,0.647394925430951,0.7262381534657733,0.36181081447227,0.4828357424531919,0.8346001148582411,0.6843044317407345,126,0.984126984126984,0.1998097050428163,0.0080645161290322,0.0,0.984126984126984
high,777,sensor_509_multivar_labeled,v75_selective_hybrid,2028,6685,3641,491,0.6783184118333982,0.3577350502734168,0.8050813815005955,0.4953590620420127,0.352605074569049,0.1949186184994045,0.647394925430951,0.7262381534657733,0.36181081447227,0.4828357424531919,0.8337922895811702,0.6725471114280276,126,0.984126984126984,0.1998097050428163,0.0080645161290322,0.0,0.984126984126984
high,777,sensor_510_multivar_labeled,single_agent_rl_refactored,384,8144,472,616,0.8868552412645591,0.4485981308411215,0.384,0.4137931034482759,0.0547818012999071,0.616,0.9452181987000928,0.6646090993500464,0.3528968193473947,0.3632184360479016,0.6646090993500463,0.23632158240938,102,0.1078431372549019,0.2941176470588235,47.36363636363637,0.0,0.0980392156862745
high,777,sensor_510_multivar_labeled,or_all,892,7330,1286,108,0.8550332778702163,0.4095500459136822,0.892,0.5613593455003146,0.1492571959145775,0.108,0.8507428040854225,0.8713714020427112,0.5416693641272633,0.5667184927707363,0.8713714020427112,0.3765499221530079,102,0.9215686274509804,0.2532751091703056,0.1063829787234042,0.0,0.9215686274509804
high,777,sensor_510_multivar_labeled,majority,496,8338,278,504,0.9186772046589018,0.6408268733850129,0.496,0.5591882750845547,0.0322655524605385,0.504,0.9677344475394616,0.7318672237697308,0.5203271258614117,0.4933321995497476,0.7318672237697308,0.3702627747896486,102,0.7450980392156863,0.8360655737704918,0.3684210526315789,0.0,0.7450980392156863
high,777,sensor_510_multivar_labeled,v73_confidence_hybrid_reference,874,8045,571,126,0.9275166389351082,0.6048442906574395,0.874,0.7149284253578733,0.0662720519962859,0.126,0.933727948003714,0.903863974001857,0.6899957669752077,0.6680172298100303,0.9308650766016714,0.5524029269236771,102,0.8823529411764706,0.6089385474860335,0.2111111111111111,0.0,0.8823529411764706
high,777,sensor_510_multivar_labeled,v75_selective_coordinator,873,8044,572,127,0.9273086522462562,0.6041522491349481,0.873,0.7141104294478527,0.0663881151346332,0.127,0.9336118848653668,0.9033059424326834,0.6890423780983712,0.6672337191083125,0.9325899489322192,0.6187157921770335,102,0.8823529411764706,0.6055555555555555,0.2222222222222222,0.0,0.8823529411764706
high,777,sensor_510_multivar_labeled,v75_selective_hybrid,873,8044,572,127,0.9273086522462562,0.6041522491349481,0.873,0.7141104294478527,0.0663881151346332,0.127,0.9336118848653668,0.9033059424326834,0.6890423780983712,0.6672337191083125,0.929849582172702,0.5396442519137017,102,0.8823529411764706,0.6055555555555555,0.2222222222222222,0.0,0.8823529411764706
high,777,sensor_511_multivar_labeled,single_agent_rl_refactored,301,3035,69,656,0.8214725437084462,0.8135135135135135,0.3145245559038662,0.453654860587792,0.0222293814432989,0.6854754440961337,0.977770618556701,0.6461475872302836,0.4310876549440696,0.4183061429183634,0.6461475872302836,0.4174065439075756,42,0.0952380952380952,0.5909090909090909,7.75,6.0,0.0952380952380952
high,777,sensor_511_multivar_labeled,or_all,375,2822,282,582,0.7872445210539276,0.5707762557077626,0.3918495297805642,0.4646840148698884,0.0908505154639175,0.6081504702194357,0.9091494845360824,0.6504995071583234,0.3469001104395797,0.4031940524353917,0.6504995071583234,0.3669728619768383,42,0.8571428571428571,0.5,1.6111111111111112,0.0,0.8571428571428571
high,777,sensor_511_multivar_labeled,majority,175,3092,12,782,0.8044816547648362,0.9358288770053476,0.1828631138975966,0.3059440559440559,0.0038659793814432,0.8171368861024033,0.9961340206185568,0.5894985672580767,0.362461841305659,0.332521492956762,0.5894985672580767,0.3636919905520682,42,0.6428571428571429,0.9166666666666666,1.7777777777777777,0.0,0.6428571428571429
high,777,sensor_511_multivar_labeled,v73_confidence_hybrid_reference,323,3063,41,634,0.8337847820733809,0.8873626373626373,0.3375130616509927,0.4890234670704012,0.0132087628865979,0.6624869383490073,0.986791237113402,0.6621521493821974,0.4818303069699255,0.4530979979927141,0.7343856041754191,0.5833470814607475,42,0.6904761904761905,0.9111111111111112,2.4827586206896552,0.0,0.6666666666666666
high,777,sensor_511_multivar_labeled,v75_selective_coordinator,323,3063,41,634,0.8337847820733809,0.8873626373626373,0.3375130616509927,0.4890234670704012,0.0132087628865979,0.6624869383490073,0.986791237113402,0.6621521493821974,0.4818303069699255,0.4530979979927141,0.7348819805771902,0.5904341390159782,42,0.6904761904761905,0.9111111111111112,2.4827586206896552,0.0,0.6666666666666666
high,777,sensor_511_multivar_labeled,v75_selective_hybrid,323,3063,41,634,0.8337847820733809,0.8873626373626373,0.3375130616509927,0.4890234670704012,0.0132087628865979,0.6624869383490073,0.986791237113402,0.6621521493821974,0.4818303069699255,0.4530979979927141,0.734428357517586,0.5799193363868634,42,0.6904761904761905,0.9111111111111112,2.4827586206896552,0.0,0.6666666666666666
high,999,sensor_501_multivar_labeled,single_agent_rl_refactored,7,1253,7,478,0.7220630372492837,0.5,0.0144329896907216,0.0280561122244489,0.0055555555555555,0.9855670103092784,0.9944444444444444,0.504438717067583,0.0445790745999473,0.0913995918526629,0.504438717067583,0.2811419962780255,22,0.0454545454545454,0.5,22.0,22.0,0.0454545454545454
high,999,sensor_501_multivar_labeled,or_all,102,1140,120,383,0.7117478510028653,0.4594594594594595,0.2103092783505154,0.2885431400282885,0.0952380952380952,0.7896907216494845,0.9047619047619048,0.5575355915562101,0.1547021257375511,0.2523323059129939,0.55753559155621,0.3161128280379159,22,0.7727272727272727,0.525,1.1176470588235294,0.0,0.7727272727272727
high,999,sensor_501_multivar_labeled,majority,18,1259,1,467,0.7318051575931233,0.9473684210526316,0.0371134020618556,0.0714285714285714,0.0007936507936507,0.9628865979381444,0.9992063492063492,0.5181598756341025,0.1567840256358166,0.1853027758399435,0.5181598756341025,0.3027818416155297,22,0.5,0.9333333333333332,1.818181818181818,0.0,0.5
high,999,sensor_501_multivar_labeled,v73_confidence_hybrid_reference,78,1193,67,407,0.7283667621776504,0.5379310344827586,0.1608247422680412,0.2476190476190476,0.0531746031746031,0.8391752577319588,0.9468253968253968,0.5538250695467191,0.1747136129580425,0.2350481889639372,0.5865480281459663,0.3947382090199428,22,0.7727272727272727,0.5,1.411764705882353,0.0,0.7727272727272727
high,999,sensor_501_multivar_labeled,v75_selective_coordinator,75,1194,66,410,0.7272206303724928,0.5319148936170213,0.1546391752577319,0.2396166134185303,0.0523809523809523,0.845360824742268,0.9476190476190476,0.5511291114383898,0.168090296984388,0.2287683674201161,0.58564392079856,0.3827951150768642,22,0.7727272727272727,0.5,1.411764705882353,0.0,0.7727272727272727
high,999,sensor_501_multivar_labeled,v75_selective_hybrid,75,1194,66,410,0.7272206303724928,0.5319148936170213,0.1546391752577319,0.2396166134185303,0.0523809523809523,0.845360824742268,0.9476190476190476,0.5511291114383898,0.168090296984388,0.2287683674201161,0.5864220258550156,0.3934859417553652,22,0.7727272727272727,0.5,1.411764705882353,0.0,0.7727272727272727
high,999,sensor_502_multivar_labeled,single_agent_rl_refactored,0,1796,126,25,0.9224447868515664,0.0,0.0,0.0,0.0655567117585848,1.0,0.9344432882414152,0.4672216441207076,-0.0300001628584689,-0.0065556711758584,0.4672216441207076,0.0128402670775552,24,0.0,0.0,,,0.0
high,999,sensor_502_multivar_labeled,or_all,19,1535,387,6,0.7981510015408321,0.0467980295566502,0.76,0.0881670533642691,0.2013527575442247,0.24,0.7986472424557752,0.7793236212278876,0.1548174889726881,0.2545596026929961,0.7793236212278876,0.0386481665616674,24,0.75,0.1578947368421052,0.0,0.0,0.75
high,999,sensor_502_multivar_labeled,majority,17,1864,58,8,0.9661016949152542,0.2266666666666666,0.68,0.34,0.0301768990634755,0.32,0.9698231009365244,0.8249115504682623,0.3801528829476436,0.3879823100936524,0.8249115504682624,0.158242218798151,24,0.6666666666666666,0.6666666666666666,0.0,0.0,0.6666666666666666
high,999,sensor_502_multivar_labeled,v73_confidence_hybrid_reference,17,1747,175,8,0.9060092449922958,0.0885416666666666,0.68,0.1566820276497696,0.09105098855359,0.32,0.90894901144641,0.794474505723205,0.2224002230140647,0.2786830635870373,0.8817273673257023,0.0828823010446504,24,0.6666666666666666,0.5161290322580645,0.0,0.0,0.6666666666666666
high,999,sensor_502_multivar_labeled,v75_selective_coordinator,17,1747,175,8,0.9060092449922958,0.0885416666666666,0.68,0.1566820276497696,0.09105098855359,0.32,0.90894901144641,0.794474505723205,0.2224002230140647,0.2786830635870373,0.879573361082206,0.0847313596444826,24,0.6666666666666666,0.5161290322580645,0.0,0.0,0.6666666666666666
high,999,sensor_502_multivar_labeled,v75_selective_hybrid,17,1747,175,8,0.9060092449922958,0.0885416666666666,0.68,0.1566820276497696,0.09105098855359,0.32,0.90894901144641,0.794474505723205,0.2224002230140647,0.2786830635870373,0.8701040582726326,0.0652510577092835,24,0.6666666666666666,0.5161290322580645,0.0,0.0,0.6666666666666666
high,999,sensor_505_multivar_labeled,single_agent_rl_refactored,94,1795,14,78,0.9535588086824835,0.8703703703703703,0.5465116279069767,0.6714285714285714,0.007739082365948,0.4534883720930232,0.992260917634052,0.7693862727705143,0.6682026559745918,0.5958779928339107,0.7693862727705144,0.5150415815014385,17,0.0588235294117647,0.1666666666666666,3.0,3.0,0.0588235294117647
high,999,sensor_505_multivar_labeled,or_all,99,1567,242,73,0.8409893992932862,0.2903225806451613,0.5755813953488372,0.3859649122807017,0.1337755666113875,0.4244186046511627,0.8662244333886125,0.7209029143687249,0.3295458406479345,0.3765294595666024,0.7209029143687249,0.2039543517883509,17,0.8823529411764706,0.1717171717171717,0.6,0.0,0.8823529411764706
high,999,sensor_505_multivar_labeled,majority,23,1809,0,149,0.9247854618879354,1.0,0.1337209302325581,0.2358974358974358,0.0,0.8662790697674418,1.0,0.5668604651162791,0.3514897252574265,0.2962701252236135,0.5668604651162791,0.2089354683446227,17,0.6470588235294118,1.0,1.7272727272727273,0.0,0.6470588235294118
high,999,sensor_505_multivar_labeled,v73_confidence_hybrid_reference,90,1806,3,82,0.9570923775870772,0.967741935483871,0.5232558139534884,0.679245283018868,0.0016583747927031,0.4767441860465116,0.9983416252072967,0.7607987195803927,0.6943468796298021,0.6076325743878475,0.8172589892912698,0.647759193153355,17,0.6470588235294118,0.8461538461538461,0.8181818181818182,0.0,0.6470588235294118
high,999,sensor_505_multivar_labeled,v75_selective_coordinator,91,1806,3,81,0.9575971731448764,0.9680851063829788,0.5290697674418605,0.6842105263157895,0.0016583747927031,0.4709302325581395,0.9983416252072967,0.7637056963245787,0.6985269024130784,0.6116625955528399,0.8210353272397701,0.6523611333817705,17,0.7058823529411765,0.8571428571428571,0.75,0.0,0.7058823529411765
high,999,sensor_505_multivar_labeled,v75_selective_hybrid,91,1806,3,81,0.9575971731448764,0.9680851063829788,0.5290697674418605,0.6842105263157895,0.0016583747927031,0.4709302325581395,0.9983416252072967,0.7637056963245787,0.6985269024130784,0.6116625955528399,0.8210353272397701,0.6523611333817705,17,0.7058823529411765,0.8571428571428571,0.75,0.0,0.7058823529411765
high,999,sensor_506_multivar_labeled,single_agent_rl_refactored,258,4441,101,929,0.8202129516495026,0.7186629526462396,0.2173546756529064,0.333764553686934,0.0222369000440334,0.7826453243470936,0.9777630999559666,0.5975588878044366,0.3262957322741398,0.3209762047475248,0.5975588878044366,0.3183621975563895,45,0.0888888888888888,0.2727272727272727,70.75,69.0,0.0444444444444444
high,999,sensor_506_multivar_labeled,or_all,402,3915,627,785,0.7535346482806773,0.39067055393586,0.3386689132266217,0.3628158844765343,0.1380449141347424,0.6613310867733783,0.8619550858652576,0.6003119995459396,0.211824012836087,0.3096639136593317,0.6003119995459396,0.2693301398487122,45,0.8888888888888888,0.3930348258706467,1.75,0.0,0.8888888888888888
high,999,sensor_506_multivar_labeled,majority,234,4519,23,953,0.8296386803979752,0.9105058365758756,0.1971356360572873,0.3240997229916897,0.0050638485248789,0.8028643639427128,0.994936151475121,0.5960358937662041,0.3760736425597067,0.34105505679734,0.5960358937662041,0.3458398045845626,45,0.6444444444444445,0.8571428571428571,22.48275862068965,0.0,0.6222222222222222
high,999,sensor_506_multivar_labeled,v73_confidence_hybrid_reference,279,4443,99,908,0.8242276138942224,0.7380952380952381,0.2350463352990733,0.3565495207667731,0.0217965653896961,0.7649536647009267,0.9782034346103038,0.6066248849546886,0.3481561893555344,0.339495814110086,0.641349371604981,0.4415655613864266,45,0.7777777777777778,0.7017543859649122,3.8285714285714287,0.0,0.7777777777777778
high,999,sensor_506_multivar_labeled,v75_selective_coordinator,279,4443,99,908,0.8242276138942224,0.7380952380952381,0.2350463352990733,0.3565495207667731,0.0217965653896961,0.7649536647009267,0.9782034346103038,0.6066248849546886,0.3481561893555344,0.339495814110086,0.6404840973158136,0.4217461600105162,45,0.7777777777777778,0.7017543859649122,3.8285714285714287,0.0,0.7777777777777778
high,999,sensor_506_multivar_labeled,v75_selective_hybrid,279,4443,99,908,0.8242276138942224,0.7380952380952381,0.2350463352990733,0.3565495207667731,0.0217965653896961,0.7649536647009267,0.9782034346103038,0.6066248849546886,0.3481561893555344,0.339495814110086,0.641262287729576,0.4401171537366678,45,0.7777777777777778,0.7017543859649122,3.8285714285714287,0.0,0.7777777777777778
high,999,sensor_507_multivar_labeled,single_agent_rl_refactored,143,1545,94,215,0.8452679018527791,0.6033755274261603,0.3994413407821229,0.480672268907563,0.0573520439292251,0.6005586592178771,0.9426479560707748,0.671044648426449,0.4057326612465176,0.4209060479640417,0.671044648426449,0.3486746219085835,18,0.1111111111111111,0.1666666666666666,10.0,10.0,0.1111111111111111
high,999,sensor_507_multivar_labeled,or_all,179,1388,251,179,0.784677015523285,0.4162790697674418,0.5,0.4543147208121827,0.1531421598535692,0.5,0.8468578401464307,0.6734289200732153,0.323678445388086,0.4015692688452416,0.6734289200732154,0.2977739865612372,18,0.8333333333333334,0.2448979591836734,1.0666666666666669,0.0,0.8333333333333334
high,999,sensor_507_multivar_labeled,majority,69,1637,2,289,0.8542814221331998,0.971830985915493,0.1927374301675977,0.3216783216783217,0.0012202562538133,0.8072625698324022,0.9987797437461868,0.5957585869568922,0.3967175368934605,0.3482290960674667,0.5957585869568922,0.3320252823960151,18,0.4444444444444444,0.8666666666666667,12.875,0.0,0.3333333333333333
high,999,sensor_507_multivar_labeled,v73_confidence_hybrid_reference,93,1623,16,265,0.8592889334001002,0.8532110091743119,0.2597765363128491,0.3982869379014988,0.0097620500305064,0.7402234636871509,0.9902379499694935,0.6250072431411713,0.4221647030238655,0.3841675293226254,0.7284324819944031,0.5390736015570192,18,0.3888888888888889,0.6842105263157895,12.428571428571429,0.0,0.3333333333333333
high,999,sensor_507_multivar_labeled,v75_selective_coordinator,36,1637,2,322,0.8377566349524287,0.9473684210526316,0.1005586592178771,0.1818181818181818,0.0012202562538133,0.8994413407821229,0.9987797437461868,0.5496692014820319,0.2788939848024662,0.2539690171160583,0.7303975035874852,0.5848513769088335,18,0.3888888888888889,0.875,13.714285714285714,0.0,0.2777777777777778
high,999,sensor_507_multivar_labeled,v75_selective_hybrid,88,1623,16,270,0.85678517776665,0.8461538461538461,0.2458100558659217,0.3809523809523809,0.0097620500305064,0.7541899441340782,0.9902379499694935,0.6180240029177076,0.4075110122708964,0.3711184601083742,0.728213483490751,0.5378689377998845,18,0.3888888888888889,0.6666666666666666,12.428571428571429,0.0,0.3333333333333333
high,999,sensor_508_multivar_labeled,single_agent_rl_refactored,218,1329,4,390,0.7970118495620814,0.981981981981982,0.3585526315789473,0.5253012048192771,0.0030007501875468,0.6414473684210527,0.9969992498124532,0.6777759406957002,0.518149901357808,0.4909485539209015,0.6777759406957002,0.5530195808352076,23,0.0869565217391304,0.75,5.0,5.0,0.0869565217391304
high,999,sensor_508_multivar_labeled,or_all,229,1327,6,379,0.8016486347243689,0.9744680851063828,0.3766447368421052,0.5432977461447211,0.0045011252813203,0.6233552631578947,0.9954988747186796,0.6860718057803925,0.5291197688263796,0.5031975070555815,0.6860718057803925,0.5622884506433633,23,0.782608695652174,0.8695652173913043,0.7222222222222222,0.0,0.782608695652174
high,999,sensor_508_multivar_labeled,majority,118,1333,0,490,0.747552807831015,1.0,0.194078947368421,0.325068870523416,0.0,0.805921052631579,1.0,0.5970394736842105,0.3767133008653641,0.3545046759460635,0.5970394736842105,0.4465261395374061,23,0.0434782608695652,1.0,9.0,9.0,0.0434782608695652
high,999,sensor_508_multivar_labeled,v73_confidence_hybrid_reference,136,1333,0,472,0.75682637815559,1.0,0.2236842105263158,0.3655913978494624,0.0,0.7763157894736842,1.0,0.6118421052631579,0.4064378413847092,0.3816213921901528,0.6941110277569392,0.6444697909018415,23,0.5217391304347826,1.0,1.5833333333333333,0.0,0.5217391304347826
high,999,sensor_508_multivar_labeled,v75_selective_coordinator,9,1333,0,599,0.6913961875321999,1.0,0.0148026315789473,0.0291734197730956,0.0,0.9851973684210528,1.0,0.5074013157894737,0.1010603920636897,0.1675688283715772,0.6958470703202115,0.6450905988026288,23,0.1304347826086956,1.0,21.666666666666668,27.0,0.0869565217391304
high,999,sensor_508_multivar_labeled,v75_selective_hybrid,126,1333,0,482,0.7516743946419372,1.0,0.2072368421052631,0.3433242506811989,0.0,0.7927631578947368,1.0,0.6036184210526316,0.3901308041761329,0.3666669654381184,0.6958717475421486,0.645324664591071,23,0.1304347826086956,1.0,6.333333333333333,7.0,0.1304347826086956
high,999,sensor_509_multivar_labeled,single_agent_rl_refactored,1171,10432,650,592,0.903308680420397,0.643053267435475,0.664208735110607,0.6534598214285714,0.0586536726222703,0.3357912648893931,0.9413463273777296,0.8027775312441683,0.5973987273728864,0.5839121630291333,0.8027775312441683,0.4732095693455902,135,0.074074074074074,0.16,0.1,0.0,0.074074074074074
high,999,sensor_509_multivar_labeled,or_all,1337,9613,1469,426,0.8524717789022966,0.4764789736279401,0.758366420873511,0.5852484132195229,0.132557300126331,0.2416335791264889,0.8674426998736691,0.81290456037359,0.5211803785723941,0.5490878282423965,0.81290456037359,0.3945103093596847,135,0.9555555555555556,0.2491166077738515,0.1007751937984496,0.0,0.9555555555555556
high,999,sensor_509_multivar_labeled,majority,720,10873,209,1043,0.9025301673803036,0.77502691065662,0.4083947816222348,0.5349182763744428,0.0188594116585453,0.5916052183777651,0.9811405883414546,0.6947676849818447,0.5174984134889254,0.4775997542878081,0.6947676849818447,0.3977158560107094,135,0.7481481481481481,0.8404255319148937,2.01980198019802,0.0,0.7407407407407407
high,999,sensor_509_multivar_labeled,v73_confidence_hybrid_reference,1271,10588,494,492,0.9232386142467888,0.7201133144475921,0.7209302325581395,0.7205215419501134,0.0445767911929254,0.2790697674418604,0.9554232088070744,0.838176720682607,0.676031135046245,0.6440730816928393,0.8524760709701505,0.6407159770918478,135,0.7925925925925926,0.7297297297297297,1.9065420560747663,0.0,0.7851851851851852
high,999,sensor_509_multivar_labeled,v75_selective_coordinator,1271,10588,494,492,0.9232386142467888,0.7201133144475921,0.7209302325581395,0.7205215419501134,0.0445767911929254,0.2790697674418604,0.9554232088070744,0.838176720682607,0.676031135046245,0.6440730816928393,0.8528756345595966,0.6486935025602166,135,0.7925925925925926,0.7297297297297297,1.9065420560747663,0.0,0.7851851851851852
high,999,sensor_509_multivar_labeled,v75_selective_hybrid,1271,10588,494,492,0.9232386142467888,0.7201133144475921,0.7209302325581395,0.7205215419501134,0.0445767911929254,0.2790697674418604,0.9554232088070744,0.838176720682607,0.676031135046245,0.6440730816928393,0.8520094826551067,0.6331367070822681,135,0.7925925925925926,0.7297297297297297,1.9065420560747663,0.0,0.7851851851851852
high,999,sensor_510_multivar_labeled,single_agent_rl_refactored,871,7889,389,467,0.910981697171381,0.6912698412698413,0.6509715994020927,0.6705157813702848,0.0469920270596762,0.3490284005979073,0.9530079729403238,0.8019897861712082,0.6194817689135467,0.5960148549217646,0.8019897861712082,0.4985619260367811,99,0.0606060606060606,0.1272727272727272,7.5,0.0,0.0606060606060606
high,999,sensor_510_multivar_labeled,or_all,630,7208,1070,708,0.815099833610649,0.3705882352941176,0.4708520179372197,0.4147465437788018,0.129258274945639,0.5291479820627802,0.870741725054361,0.6707968714957904,0.3099012452732457,0.3705539578811805,0.6707968714957904,0.2481195062656058,99,0.9292929292929292,0.3238770685579196,0.1521739130434782,0.0,0.9292929292929292
high,999,sensor_510_multivar_labeled,majority,491,8125,153,847,0.8960066555740432,0.7624223602484472,0.366965620328849,0.4954591321897074,0.0184827252959652,0.633034379671151,0.9815172747040348,0.674241447516442,0.4824859460211569,0.4455613770916936,0.674241447516442,0.367865157109942,99,0.7474747474747475,0.8865979381443299,1.6216216216216215,0.0,0.7474747474747475
high,999,sensor_510_multivar_labeled,v73_confidence_hybrid_reference,963,7594,684,375,0.8898710482529119,0.5846994535519126,0.7197309417040358,0.6452261306532663,0.082628654264315,0.2802690582959641,0.9173713457356848,0.8185511437198604,0.5852632021301747,0.585713093911536,0.8193086398619569,0.5525529755402978,99,0.8888888888888888,0.42152466367713,0.1363636363636363,0.0,0.8888888888888888
high,999,sensor_510_multivar_labeled,v75_selective_coordinator,963,7594,684,375,0.8898710482529119,0.5846994535519126,0.7197309417040358,0.6452261306532663,0.082628654264315,0.2802690582959641,0.9173713457356848,0.8185511437198604,0.5852632021301747,0.585713093911536,0.82326549634867,0.6219263794961227,99,0.8888888888888888,0.42152466367713,0.1363636363636363,0.0,0.8888888888888888
high,999,sensor_510_multivar_labeled,v75_selective_hybrid,963,7594,684,375,0.8898710482529119,0.5846994535519126,0.7197309417040358,0.6452261306532663,0.082628654264315,0.2802690582959641,0.9173713457356848,0.8185511437198604,0.5852632021301747,0.585713093911536,0.8186530761566216,0.5437382988949244,99,0.8888888888888888,0.42152466367713,0.1363636363636363,0.0,0.8888888888888888
high,999,sensor_511_multivar_labeled,single_agent_rl_refactored,441,2853,91,676,0.811130263481901,0.8289473684210527,0.3948075201432408,0.5348696179502729,0.0309103260869565,0.6051924798567592,0.9690896739130436,0.6819485970281421,0.4816067341584467,0.4803846567750573,0.6819485970281421,0.493736117549499,38,0.0789473684210526,0.6153846153846154,60.66666666666666,2.0,0.0526315789473684
high,999,sensor_511_multivar_labeled,or_all,303,2490,454,814,0.6877616350652549,0.4002642007926024,0.2712623097582811,0.3233724653148345,0.1542119565217391,0.7287376902417189,0.8457880434782609,0.558525176618271,0.1342147537713254,0.2715147367858763,0.5585251766182711,0.3090198322016914,38,0.9473684210526316,0.4740740740740741,2.1944444444444446,0.0,0.9210526315789472
high,999,sensor_511_multivar_labeled,majority,104,2901,43,1013,0.7399655257325782,0.7074829931972789,0.0931065353625783,0.1645569620253164,0.0146059782608695,0.9068934646374216,0.9853940217391304,0.5392502785508544,0.1876718565137621,0.2066444446736707,0.5392502785508544,0.3153172395981231,38,0.631578947368421,0.9230769230769232,7.75,0.0,0.6052631578947368
high,999,sensor_511_multivar_labeled,v73_confidence_hybrid_reference,205,2876,68,912,0.758680128047279,0.7509157509157509,0.1835273052820053,0.2949640287769784,0.0230978260869565,0.8164726947179947,0.9769021739130436,0.5802147395975245,0.286083858323923,0.2981195845629089,0.744289099295473,0.5961858950171086,38,0.8157894736842105,0.8703703703703703,9.193548387096774,0.0,0.7631578947368421
high,999,sensor_511_multivar_labeled,v75_selective_coordinator,191,2883,61,926,0.7569564146761881,0.7579365079365079,0.170993733213966,0.2790357925493061,0.0207201086956521,0.8290062667860341,0.9792798913043478,0.5751368122591569,0.2781457921031877,0.2884826919322885,0.7442974619030011,0.5945010090934912,38,0.8157894736842105,0.8846153846153846,9.193548387096774,0.0,0.7631578947368421
high,999,sensor_511_multivar_labeled,v75_selective_hybrid,197,2876,68,920,0.7567101699088894,0.7433962264150943,0.1763652641002685,0.2850940665701881,0.0230978260869565,0.8236347358997315,0.9769021739130436,0.576633719006656,0.277114562289688,0.2904015605402337,0.744205777315013,0.5915789888653478,38,0.8157894736842105,0.8679245283018868,9.193548387096774,0.0,0.7631578947368421
low,123,sensor_501_multivar_labeled,single_agent_rl_refactored,0,1577,90,78,0.9037249283667622,0.0,0.0,0.0,0.053989202159568,1.0,0.946010797840432,0.473005398920216,-0.0504430986805854,-0.0053989202159568,0.473005398920216,0.0446991404011461,7,0.0,0.0,,,0.0
low,123,sensor_501_multivar_labeled,or_all,17,1415,252,61,0.8206303724928367,0.0631970260223048,0.2179487179487179,0.0979827089337175,0.1511697660467906,0.782051282051282,0.8488302339532093,0.5333894759509636,0.0382151334946525,0.1038394117034549,0.5333894759509638,0.0487307308570396,7,0.7142857142857143,0.0694444444444444,7.0,0.0,0.4285714285714285
low,123,sensor_501_multivar_labeled,majority,6,1623,44,72,0.9335243553008596,0.12,0.0769230769230769,0.09375,0.0263947210557888,0.9230769230769232,0.9736052789442112,0.525264177933644,0.0625864639015034,0.0806249509713442,0.525264177933644,0.0504915142164425,7,0.1428571428571428,0.125,5.0,5.0,0.0
low,123,sensor_501_multivar_labeled,v73_confidence_hybrid_reference,34,878,789,44,0.5226361031518625,0.0413122721749696,0.4358974358974359,0.0754716981132075,0.4733053389322135,0.5641025641025641,0.5266946610677864,0.4812960484826111,-0.0154850669319813,0.1235978018531982,0.5029532555027456,0.0530546792734649,7,1.0,0.0606060606060606,2.571428571428572,0.0,0.7142857142857143
low,123,sensor_501_multivar_labeled,v75_selective_coordinator,34,878,789,44,0.5226361031518625,0.0413122721749696,0.4358974358974359,0.0754716981132075,0.4733053389322135,0.5641025641025641,0.5266946610677864,0.4812960484826111,-0.0154850669319813,0.1235978018531982,0.5038453847692,0.0538768333814342,7,1.0,0.0606060606060606,2.571428571428572,0.0,0.7142857142857143
low,123,sensor_501_multivar_labeled,v75_selective_hybrid,34,878,789,44,0.5226361031518625,0.0413122721749696,0.4358974358974359,0.0754716981132075,0.4733053389322135,0.5641025641025641,0.5266946610677864,0.4812960484826111,-0.0154850669319813,0.1235978018531982,0.5038453847692,0.0538768333814342,7,1.0,0.0606060606060606,2.571428571428572,0.0,0.7142857142857143
low,123,sensor_502_multivar_labeled,single_agent_rl_refactored,11,1699,156,81,0.8782742681047766,0.0658682634730539,0.1195652173913043,0.0849420849420849,0.0840970350404312,0.8804347826086957,0.9159029649595688,0.5177340911754366,0.0268742632193236,0.0755640394582444,0.5177340911754366,0.0494780185726222,7,0.1428571428571428,0.0625,1.0,1.0,0.1428571428571428
low,123,sensor_502_multivar_labeled,or_all,18,1545,310,74,0.802773497688752,0.0548780487804878,0.1956521739130435,0.0857142857142857,0.1671159029649595,0.8043478260869565,0.8328840970350404,0.5142681354740419,0.0161771772626332,0.0887871977659188,0.5142681354740419,0.0487442000935719,7,0.8571428571428571,0.0875,1.8333333333333333,0.0,0.7142857142857143
low,123,sensor_502_multivar_labeled,majority,12,1800,55,80,0.930662557781202,0.1791044776119403,0.1304347826086956,0.1509433962264151,0.0296495956873315,0.8695652173913043,0.9703504043126684,0.550392593460682,0.1173130295245023,0.1309556751575533,0.550392593460682,0.0644503082497341,7,0.4285714285714285,0.375,0.3333333333333333,0.0,0.4285714285714285
low,123,sensor_502_multivar_labeled,v73_confidence_hybrid_reference,14,1767,88,78,0.9147406266050334,0.1372549019607843,0.1521739130434782,0.1443298969072165,0.0474393530997304,0.8478260869565217,0.9525606469002696,0.552367279971874,0.099737301060224,0.1264449275054355,0.524592757529591,0.0633047151375369,7,0.7142857142857143,0.3846153846153846,0.2,0.0,0.7142857142857143
low,123,sensor_502_multivar_labeled,v75_selective_coordinator,2,1855,0,90,0.9537750385208013,1.0,0.0217391304347826,0.0425531914893616,0.0,0.9782608695652174,1.0,0.5108695652173914,0.1439903005811529,0.1756706753006475,0.4547609281612563,0.0859479012854304,7,0.2857142857142857,1.0,0.0,0.0,0.2857142857142857
low,123,sensor_502_multivar_labeled,v75_selective_hybrid,12,1767,88,80,0.9137134052388288,0.12,0.1304347826086956,0.1249999999999999,0.0474393530997304,0.8695652173913043,0.9525606469002696,0.5414977147544826,0.0797786347044483,0.1086364994726356,0.5246044767373725,0.0613988499453137,7,0.4285714285714285,0.2727272727272727,0.3333333333333333,0.0,0.4285714285714285
low,123,sensor_505_multivar_labeled,single_agent_rl_refactored,12,1889,46,34,0.9596163553760728,0.2068965517241379,0.2608695652173913,0.2307692307692307,0.0237726098191214,0.7391304347826086,0.9762273901808786,0.6185484776991349,0.2118076973178223,0.2107642451880797,0.618548477699135,0.0711360624584224,9,0.1111111111111111,0.1,6.0,6.0,0.0
low,123,sensor_505_multivar_labeled,or_all,14,1783,152,32,0.9071176173649672,0.0843373493975903,0.3043478260869565,0.1320754716981132,0.0785529715762273,0.6956521739130435,0.9214470284237726,0.6128974272553646,0.1227272725373769,0.1555336153422537,0.6128974272553646,0.0418213467966636,9,0.3333333333333333,0.1071428571428571,2.0,0.0,0.2222222222222222
low,123,sensor_505_multivar_labeled,majority,13,1874,61,33,0.9525492175668854,0.1756756756756756,0.2826086956521739,0.2166666666666666,0.0315245478036175,0.717391304347826,0.9684754521963824,0.6255420739242782,0.1994102548846642,0.2054815052666417,0.6255420739242781,0.066305726967887,9,0.2222222222222222,0.1333333333333333,3.0,3.0,0.1111111111111111
low,123,sensor_505_multivar_labeled,v73_confidence_hybrid_reference,3,1914,21,43,0.967693084300858,0.125,0.0652173913043478,0.0857142857142857,0.0108527131782945,0.9347826086956522,0.9891472868217054,0.5271823390630266,0.0748402428203505,0.0758013746449034,0.6508426019548366,0.0668277075944635,9,0.3333333333333333,0.2727272727272727,4.0,0.0,0.2222222222222222
low,123,sensor_505_multivar_labeled,v75_selective_coordinator,3,1933,2,43,0.9772841998990408,0.6,0.0652173913043478,0.1176470588235294,0.0010335917312661,0.9347826086956522,0.9989664082687338,0.5320918997865408,0.1926488191144074,0.1624030346887659,0.6510841478485564,0.1209280933848329,9,0.3333333333333333,0.6,4.0,0.0,0.2222222222222222
low,123,sensor_505_multivar_labeled,v75_selective_hybrid,3,1914,21,43,0.967693084300858,0.125,0.0652173913043478,0.0857142857142857,0.0108527131782945,0.9347826086956522,0.9891472868217054,0.5271823390630266,0.0748402428203505,0.0758013746449034,0.6502864846646443,0.066812744160788,9,0.3333333333333333,0.2727272727272727,4.0,0.0,0.2222222222222222
low,123,sensor_506_multivar_labeled,single_agent_rl_refactored,41,5390,269,29,0.9479839413510212,0.132258064516129,0.5857142857142857,0.2157894736842105,0.0475349001590387,0.4142857142857143,0.9524650998409612,0.7690896927776235,0.2613397691058455,0.2879047685336959,0.7690896927776236,0.082527403227013,14,0.0714285714285714,0.0222222222222222,8.0,8.0,0.0714285714285714
low,123,sensor_506_multivar_labeled,or_all,52,4951,708,18,0.8732763134927561,0.0684210526315789,0.7428571428571429,0.1253012048192771,0.1251104435412617,0.2571428571428571,0.8748895564587383,0.8088733496579406,0.200072779716356,0.2769947985664283,0.8088733496579404,0.0539689772519971,14,0.8571428571428571,0.0552995391705069,0.6666666666666666,0.0,0.8571428571428571
low,123,sensor_506_multivar_labeled,majority,38,5605,54,32,0.9849886542153954,0.4130434782608695,0.5428571428571428,0.4691358024691358,0.0095423219650114,0.4571428571428571,0.9904576780349884,0.7666574104460657,0.4661058877107823,0.4349705435108832,0.7666574104460656,0.229809219520604,14,0.5714285714285714,0.5625,1.25,0.0,0.5714285714285714
low,123,sensor_506_multivar_labeled,v73_confidence_hybrid_reference,49,5536,123,21,0.974864723337406,0.2848837209302325,0.7,0.4049586776859504,0.0217352889203039,0.3,0.978264711079696,0.839132355539848,0.4366502038078755,0.4327904342061822,0.9556635447959004,0.2373086033796442,14,0.6428571428571429,0.3125,1.0,0.0,0.6428571428571429
low,123,sensor_506_multivar_labeled,v75_selective_coordinator,50,5578,81,20,0.9823703962297085,0.3816793893129771,0.7142857142857143,0.4975124378109453,0.0143134829475172,0.2857142857142857,0.9856865170524828,0.8499861156690985,0.514455226260065,0.4939868714028345,0.962018781713074,0.4303149663226612,14,0.7142857142857143,0.4230769230769231,0.9,0.0,0.7142857142857143
low,123,sensor_506_multivar_labeled,v75_selective_hybrid,50,5532,127,20,0.9743410717402688,0.2824858757062147,0.7142857142857143,0.4048582995951417,0.0224421275843788,0.2857142857142857,0.9775578724156212,0.8459217933506678,0.4392536960578572,0.4366006177010223,0.955292454497261,0.2270674749767615,14,0.7142857142857143,0.3142857142857143,0.9,0.0,0.7142857142857143
low,123,sensor_507_multivar_labeled,single_agent_rl_refactored,9,1448,525,15,0.729594391587381,0.0168539325842696,0.375,0.032258064516129,0.266092245311708,0.625,0.733907754688292,0.554453877344146,0.026812368301866,0.1029349943887277,0.554453877344146,0.0138314916194516,6,1.0,0.0472440944881889,0.8333333333333334,0.0,0.8333333333333334
low,123,sensor_507_multivar_labeled,or_all,19,1681,292,5,0.8512769153730596,0.0610932475884244,0.7916666666666666,0.1134328358208955,0.1479979726305119,0.2083333333333333,0.852002027369488,0.8218343470180773,0.1934294383527782,0.2829089659946154,0.8218343470180774,0.0508692433076195,6,0.8333333333333334,0.0657894736842105,0.0,0.0,0.8333333333333334
low,123,sensor_507_multivar_labeled,majority,9,1900,73,15,0.9559339008512768,0.1097560975609756,0.375,0.169811320754717,0.0369994931576279,0.625,0.963000506842372,0.6690002534211861,0.1856073626027816,0.2016785596580061,0.669000253421186,0.0486698034857163,6,0.6666666666666666,0.4,1.25,0.0,0.5
low,123,sensor_507_multivar_labeled,v73_confidence_hybrid_reference,7,1930,43,17,0.969954932398598,0.14,0.2916666666666667,0.1891891891891892,0.0217942219969589,0.7083333333333334,0.9782057780030412,0.6349362223348539,0.1882173821744035,0.1914557129354392,0.6970560905558371,0.0527250302126995,6,0.8333333333333334,0.4545454545454545,1.0,0.0,0.6666666666666666
low,123,sensor_507_multivar_labeled,v75_selective_coordinator,4,1972,1,20,0.9894842263395092,0.8,0.1666666666666666,0.2758620689655172,0.0005068423720223,0.8333333333333334,0.9994931576279776,0.5830799121473222,0.3622976512585418,0.2940872467972805,0.7032860280452778,0.1860327163652944,6,0.6666666666666666,0.8,0.0,0.0,0.6666666666666666
low,123,sensor_507_multivar_labeled,v75_selective_hybrid,7,1930,43,17,0.969954932398598,0.14,0.2916666666666667,0.1891891891891892,0.0217942219969589,0.7083333333333334,0.9782057780030412,0.6349362223348539,0.1882173821744035,0.1914557129354392,0.696485892887312,0.0490552055916228,6,0.8333333333333334,0.4545454545454545,1.0,0.0,0.6666666666666666
low,123,sensor_508_multivar_labeled,single_agent_rl_refactored,0,1859,25,57,0.9577537351880474,0.0,0.0,0.0,0.0132696390658174,1.0,0.9867303609341824,0.4933651804670912,-0.0198686898538676,-0.0013269639065817,0.4933651804670912,0.0293663060278207,7,0.0,0.0,,,0.0
low,123,sensor_508_multivar_labeled,or_all,5,1791,93,52,0.9252962390520352,0.0510204081632653,0.087719298245614,0.064516129032258,0.0493630573248407,0.912280701754386,0.9506369426751592,0.5191781204603866,0.0295759163629836,0.058064803030206,0.5191781204603866,0.0312657886712807,7,0.7142857142857143,0.131578947368421,0.0,0.0,0.7142857142857143
low,123,sensor_508_multivar_labeled,majority,2,1854,30,55,0.9562081401339516,0.0625,0.0350877192982456,0.0449438202247191,0.0159235668789808,0.9649122807017544,0.9840764331210192,0.5095820762096324,0.0254091150688583,0.0385336782026991,0.5095820762096325,0.0305288917812305,7,0.2857142857142857,0.25,0.0,0.0,0.2857142857142857
low,123,sensor_508_multivar_labeled,v73_confidence_hybrid_reference,2,1875,9,55,0.9670273055126224,0.1818181818181818,0.0350877192982456,0.0588235294117647,0.0047770700636942,0.9649122807017544,0.9952229299363056,0.5151553246172756,0.0681707573330977,0.0637919242911256,0.491097701791634,0.0357699480519256,7,0.2857142857142857,0.4,0.0,0.0,0.2857142857142857
low,123,sensor_508_multivar_labeled,v75_selective_coordinator,1,1883,1,56,0.9706336939721792,0.5,0.0175438596491228,0.0338983050847457,0.0005307855626326,0.9824561403508772,0.9994692144373672,0.508506537043245,0.0895275640406775,0.0954643166266091,0.4911442619287069,0.0533138077010485,7,0.1428571428571428,0.5,0.0,0.0,0.1428571428571428
low,123,sensor_508_multivar_labeled,v75_selective_hybrid,1,1875,9,56,0.9665121071612572,0.1,0.0175438596491228,0.0298507462686567,0.0047770700636942,0.9824561403508772,0.9952229299363056,0.5063833947927142,0.0301070664308926,0.0332182867092629,0.4909952694900732,0.0334007772617022,7,0.1428571428571428,0.25,0.0,0.0,0.1428571428571428
low,123,sensor_509_multivar_labeled,single_agent_rl_refactored,30,11691,43,1081,0.9124951342934994,0.410958904109589,0.027002700270027,0.0506756756756756,0.0036645645133799,0.972997299729973,0.99633543548662,0.5116690678783236,0.0872680653538975,0.0921822433001625,0.5116690678783236,0.0952542597450688,32,0.90625,0.410958904109589,10.620689655172416,0.0,0.84375
low,123,sensor_509_multivar_labeled,or_all,374,10397,1337,737,0.8385363954846243,0.2185856224430157,0.3366336633663366,0.2650602409638554,0.1139423896369524,0.6633663366336634,0.8860576103630475,0.6113456368646921,0.1842182521672832,0.2416608118463931,0.6113456368646921,0.1309596898970885,32,0.96875,0.1422413793103448,3.6774193548387095,0.0,0.96875
low,123,sensor_509_multivar_labeled,majority,243,11463,271,868,0.9113273647333592,0.4727626459143969,0.2187218721872187,0.2990769230769231,0.0230952786773478,0.7812781278127813,0.9769047213226522,0.5978132967549354,0.2805609707579499,0.2688060460602057,0.5978132967549356,0.170978462894689,32,0.71875,0.4067796610169492,22.347826086956523,0.0,0.625
low,123,sensor_509_multivar_labeled,v73_confidence_hybrid_reference,306,10588,1146,805,0.8481121058777734,0.2107438016528925,0.2754275427542754,0.2387826765509169,0.097664905403102,0.7245724572457246,0.902335094596898,0.5888813186755867,0.1578040697894013,0.2119255469818189,0.5065200528916024,0.1535169803954138,32,0.96875,0.1473684210526315,2.870967741935484,0.0,0.9375
low,123,sensor_509_multivar_labeled,v75_selective_coordinator,291,10773,961,820,0.8613468275593616,0.2324281150159744,0.2619261926192619,0.2462970799830723,0.081898755752514,0.738073807380738,0.918101244247486,0.5900137184333739,0.1706155801851893,0.2160858854553058,0.4945626018200934,0.1488680918273562,32,0.96875,0.1471698113207547,2.870967741935484,0.0,0.9375
low,123,sensor_509_multivar_labeled,v75_selective_hybrid,305,10595,1139,806,0.8485792137018295,0.2112188365650969,0.2745274527452745,0.2387475538160469,0.097068348389296,0.7254725472547254,0.902931651610704,0.5887295521779893,0.1579149645815072,0.2117706256866384,0.5061797768322939,0.15069914604098,32,0.96875,0.1464285714285714,2.870967741935484,0.0,0.9375
low,123,sensor_510_multivar_labeled,single_agent_rl_refactored,188,8258,679,491,0.8783277870216306,0.2168396770472895,0.2768777614138439,0.2432082794307891,0.0759762783931968,0.7231222385861561,0.9240237216068032,0.6004507415103235,0.1796905143214349,0.217435377885782,0.6004507415103235,0.1110988164796991,31,0.1290322580645161,0.0609756097560975,69.25,35.0,0.064516129032258
low,123,sensor_510_multivar_labeled,or_all,200,8472,465,479,0.9018302828618968,0.3007518796992481,0.2945508100147275,0.2976190476190476,0.0520308828465928,0.7054491899852725,0.9479691171534071,0.6212599635840673,0.2448677518887184,0.2622035081032176,0.6212599635840673,0.1383995217588987,31,0.935483870967742,0.3924050632911392,3.3448275862068964,0.0,0.9032258064516128
low,123,sensor_510_multivar_labeled,majority,155,8698,239,524,0.920653078202995,0.3934010152284264,0.2282768777614138,0.2889095992544268,0.0267427548394315,0.7717231222385862,0.9732572451605684,0.6007670614609911,0.260446596154856,0.254828259793237,0.6007670614609912,0.1442968679437169,31,0.0967741935483871,0.1739130434782608,27.666666666666668,9.0,0.064516129032258
low,123,sensor_510_multivar_labeled,v73_confidence_hybrid_reference,192,8502,435,487,0.904118136439268,0.3062200956937799,0.2827687776141384,0.2940275650842266,0.0486740516951997,0.7172312223858616,0.9513259483048002,0.6170473629594693,0.2429030313919056,0.2582086467566905,0.6245663681113894,0.1594093094872743,31,0.6451612903225806,0.2469135802469135,14.05,0.0,0.5806451612903226
low,123,sensor_510_multivar_labeled,v75_selective_coordinator,23,8908,29,656,0.9287645590682196,0.4423076923076923,0.0338733431516936,0.0629274965800273,0.0032449367796799,0.9661266568483065,0.99675506322032,0.5153142031860068,0.106987665492231,0.1045010365747062,0.6237286434595433,0.1776854025836495,31,0.1612903225806451,0.4166666666666667,24.0,0.0,0.1290322580645161
low,123,sensor_510_multivar_labeled,v75_selective_hybrid,178,8499,438,501,0.9023502495840268,0.288961038961039,0.2621502209131075,0.2749034749034749,0.049009734810339,0.7378497790868925,0.950990265189661,0.6065702430513843,0.2229898560828782,0.2407948123436178,0.6237906879822972,0.1540933117776557,31,0.1935483870967742,0.0869565217391304,46.833333333333336,3.5,0.1290322580645161
low,123,sensor_511_multivar_labeled,single_agent_rl_refactored,57,3674,266,64,0.9187392267914308,0.1764705882352941,0.4710743801652892,0.2567567567567568,0.0675126903553299,0.5289256198347108,0.93248730964467,0.7017808449049796,0.2535886538225906,0.2765821737898885,0.7017808449049796,0.0988904380774616,17,0.1176470588235294,0.05,4.0,4.0,0.1176470588235294
low,123,sensor_511_multivar_labeled,or_all,60,3454,486,61,0.8653041122876138,0.1098901098901098,0.4958677685950413,0.1799100449775112,0.1233502538071066,0.5041322314049587,0.8766497461928934,0.6862587573939674,0.1856643437998689,0.2338683419211983,0.6862587573939674,0.069511894387093,17,0.7647058823529411,0.1188118811881188,0.7692307692307693,0.0,0.7058823529411765
low,123,sensor_511_multivar_labeled,majority,32,3876,64,89,0.9623245506032996,0.3333333333333333,0.2644628099173554,0.2949308755760369,0.016243654822335,0.7355371900826446,0.983756345177665,0.6241095775475102,0.2777914513076679,0.2604333715021897,0.6241095775475102,0.1100700542620356,17,0.4117647058823529,0.5384615384615384,3.4285714285714284,0.0,0.2941176470588235
low,123,sensor_511_multivar_labeled,v73_confidence_hybrid_reference,63,3680,260,58,0.921694163999015,0.1950464396284829,0.5206611570247934,0.2837837837837837,0.065989847715736,0.4793388429752066,0.934010152284264,0.7273356546545287,0.2857047340487995,0.3065590309828396,0.7957712799429459,0.2236162334588399,17,0.7647058823529411,0.2372881355932203,0.6923076923076923,0.0,0.7058823529411765
low,123,sensor_511_multivar_labeled,v75_selective_coordinator,63,3680,260,58,0.921694163999015,0.1950464396284829,0.5206611570247934,0.2837837837837837,0.065989847715736,0.4793388429752066,0.934010152284264,0.7273356546545287,0.2857047340487995,0.3065590309828396,0.7914733397659102,0.1915505761187143,17,0.7647058823529411,0.2372881355932203,0.6923076923076923,0.0,0.7058823529411765
low,123,sensor_511_multivar_labeled,v75_selective_hybrid,63,3680,260,58,0.921694163999015,0.1950464396284829,0.5206611570247934,0.2837837837837837,0.065989847715736,0.4793388429752066,0.934010152284264,0.7273356546545287,0.2857047340487995,0.3065590309828396,0.7940135084112934,0.2037936598513125,17,0.7647058823529411,0.2372881355932203,0.6923076923076923,0.0,0.7058823529411765
low,321,sensor_501_multivar_labeled,single_agent_rl_refactored,5,1567,42,131,0.9008595988538682,0.1063829787234042,0.0367647058823529,0.0546448087431694,0.0261031696706028,0.9632352941176472,0.9738968303293972,0.5053307681058751,0.0176542588757517,0.0489667055405824,0.505330768105875,0.0789827721614769,8,0.125,0.2857142857142857,2.0,2.0,0.125
low,321,sensor_501_multivar_labeled,or_all,17,1508,101,119,0.8739255014326648,0.1440677966101695,0.125,0.1338582677165354,0.0627719080174021,0.875,0.937228091982598,0.531114045991299,0.0664353429288463,0.1130691991622261,0.531114045991299,0.0862033169831479,8,0.5,0.1388888888888889,2.25,0.5,0.5
low,321,sensor_501_multivar_labeled,majority,8,1572,37,128,0.9054441260744984,0.1777777777777777,0.0588235294117647,0.0883977900552486,0.0229956494717215,0.9411764705882352,0.9770043505282784,0.5179139399700216,0.0605951505566211,0.0817931660678858,0.5179139399700216,0.0838099518699552,8,0.375,0.4444444444444444,3.333333333333333,2.0,0.375
low,321,sensor_501_multivar_labeled,v73_confidence_hybrid_reference,3,1578,31,133,0.9060171919770774,0.088235294117647,0.0220588235294117,0.0352941176470588,0.019266625233064,0.9779411764705882,0.980733374766936,0.5013960991481738,0.0054153841650026,0.0338086315943406,0.5799546667641575,0.0917099979521153,8,0.25,0.2727272727272727,1.0,1.0,0.25
low,321,sensor_501_multivar_labeled,v75_selective_coordinator,0,1609,0,136,0.9220630372492836,0.0,0.0,0.0,0.0,1.0,1.0,0.5,0.0,0.0,0.5845542536467664,0.0960223077013575,8,0.0,0.0,,,0.0
low,321,sensor_501_multivar_labeled,v75_selective_hybrid,3,1583,26,133,0.9088825214899714,0.1034482758620689,0.0220588235294117,0.0363636363636363,0.0161591050341827,0.9779411764705882,0.9838408949658172,0.5029498592476145,0.0123714648436974,0.0368826142983519,0.5844948451723759,0.0938663233732725,8,0.25,0.5,1.0,1.0,0.25
low,321,sensor_502_multivar_labeled,single_agent_rl_refactored,0,1720,133,94,0.8834103749357987,0.0,0.0,0.0,0.0717754991905018,1.0,0.928224500809498,0.464112250404749,-0.0609864559398855,-0.0071775499190501,0.464112250404749,0.0482794042116076,9,0.0,0.0,,,0.0
low,321,sensor_502_multivar_labeled,or_all,9,1600,253,85,0.8263995891114535,0.0343511450381679,0.0957446808510638,0.0505617977528089,0.1365353480841878,0.9042553191489362,0.8634646519158122,0.479604666383438,-0.0256219304242615,0.0429753501913896,0.479604666383438,0.0469458474822357,9,0.3333333333333333,0.0806451612903225,4.666666666666667,0.0,0.2222222222222222
low,321,sensor_502_multivar_labeled,majority,1,1761,92,93,0.9049820236260914,0.010752688172043,0.0106382978723404,0.0106951871657754,0.0496492174851592,0.9893617021276596,0.9503507825148408,0.4804945401935906,-0.0392095163611967,0.0046523050635915,0.4804945401935906,0.0478801838282079,9,0.1111111111111111,0.1111111111111111,0.0,0.0,0.1111111111111111
low,321,sensor_502_multivar_labeled,v73_confidence_hybrid_reference,3,1673,180,91,0.8608115048793015,0.0163934426229508,0.0319148936170212,0.0216606498194945,0.0971397733405288,0.9680851063829788,0.9028602266594712,0.4673875601382461,-0.0479115353329014,0.0120667995632686,0.4726722623462814,0.0464006137903527,9,0.3333333333333333,0.1666666666666666,0.0,0.0,0.3333333333333333
low,321,sensor_502_multivar_labeled,v75_selective_coordinator,3,1675,178,91,0.861838726245506,0.0165745856353591,0.0319148936170212,0.0218181818181818,0.0960604425256341,0.9680851063829788,0.903939557474366,0.4679272255456936,-0.0473514764625381,0.0122727934960286,0.4724741936595055,0.046429191770812,9,0.3333333333333333,0.1875,0.0,0.0,0.3333333333333333
low,321,sensor_502_multivar_labeled,v75_selective_hybrid,3,1675,178,91,0.861838726245506,0.0165745856353591,0.0319148936170212,0.0218181818181818,0.0960604425256341,0.9680851063829788,0.903939557474366,0.4679272255456936,-0.0473514764625381,0.0122727934960286,0.4723765945964566,0.0463931795338696,9,0.3333333333333333,0.1875,0.0,0.0,0.3333333333333333
low,321,sensor_505_multivar_labeled,single_agent_rl_refactored,10,1900,46,25,0.9641595153962644,0.1785714285714285,0.2857142857142857,0.2197802197802197,0.0236382322713257,0.7142857142857143,0.9763617677286742,0.6310380267214799,0.2083163703313366,0.2090372756739663,0.6310380267214799,0.0636402971082426,5,0.2,0.1,1.0,1.0,0.2
low,321,sensor_505_multivar_labeled,or_all,13,1741,205,22,0.8854114083796063,0.0596330275229357,0.3714285714285714,0.1027667984189723,0.105344295991778,0.6285714285714286,0.894655704008222,0.6330421377183968,0.1120134690094859,0.1560841552463715,0.6330421377183967,0.0332549124943847,5,0.6,0.0606060606060606,0.3333333333333333,0.0,0.6
low,321,sensor_505_multivar_labeled,majority,1,1940,6,34,0.9798081776880364,0.1428571428571428,0.0285714285714285,0.0476190476190476,0.0030832476875642,0.9714285714285714,0.9969167523124358,0.5127440904419321,0.0565876536238575,0.0511202466598149,0.5127440904419321,0.0212446816182303,5,0.2,0.25,0.0,0.0,0.2
low,321,sensor_505_multivar_labeled,v73_confidence_hybrid_reference,4,1926,20,31,0.9742554265522464,0.1666666666666666,0.1142857142857142,0.135593220338983,0.0102774922918807,0.8857142857142857,0.9897225077081192,0.5520041109969167,0.1252483688711279,0.1192749142090685,0.5523638232271325,0.0469428912936146,5,0.4,0.2222222222222222,2.5,2.5,0.2
low,321,sensor_505_multivar_labeled,v75_selective_coordinator,1,1945,1,34,0.9823321554770318,0.5,0.0285714285714285,0.054054054054054,0.000513874614594,0.9714285714285714,0.999486125385406,0.5140287769784172,0.116390451253004,0.1078443654342934,0.4819116135662898,0.0385836823755865,5,0.2,0.5,0.0,0.0,0.2
low,321,sensor_505_multivar_labeled,v75_selective_hybrid,4,1926,20,31,0.9742554265522464,0.1666666666666666,0.1142857142857142,0.135593220338983,0.0102774922918807,0.8857142857142857,0.9897225077081192,0.5520041109969167,0.1252483688711279,0.1192749142090685,0.5522096608427544,0.0435173313463156,5,0.4,0.2222222222222222,2.5,2.5,0.2
low,321,sensor_506_multivar_labeled,single_agent_rl_refactored,99,5301,280,49,0.9425728748472684,0.2612137203166227,0.668918918918919,0.3757115749525617,0.050170220390611,0.3310810810810811,0.949829779609389,0.809374349264154,0.3949159471696508,0.4039109204127607,0.8093743492641539,0.1832837754875612,17,0.1764705882352941,0.08,5.666666666666667,7.0,0.1764705882352941
low,321,sensor_506_multivar_labeled,or_all,107,5321,260,41,0.9474602897538836,0.2915531335149863,0.722972972972973,0.4155339805825242,0.046586633219853,0.277027027027027,0.9534133667801468,0.8381931698765599,0.4382130028990513,0.4429564898592904,0.83819316987656,0.2179416075444598,17,0.8235294117647058,0.2272727272727272,1.2142857142857142,0.0,0.8235294117647058
low,321,sensor_506_multivar_labeled,majority,35,5468,113,113,0.960551579682318,0.2364864864864864,0.2364864864864864,0.2364864864864864,0.0202472675147822,0.7635135135135135,0.9797527324852175,0.6081196094858521,0.2162392189717042,0.2108131110863596,0.608119609485852,0.0756500684495641,17,0.1176470588235294,0.0952380952380952,6.0,6.0,0.0588235294117647
low,321,sensor_506_multivar_labeled,v73_confidence_hybrid_reference,95,5416,165,53,0.9619479839413512,0.3653846153846153,0.6418918918918919,0.4656862745098039,0.0295645941587529,0.3581081081081081,0.9704354058412472,0.8061636488665695,0.4666914603616535,0.4539776239887963,0.8222619456941263,0.2388739720213928,17,0.8235294117647058,0.2884615384615384,1.4285714285714286,0.0,0.7647058823529411
low,321,sensor_506_multivar_labeled,v75_selective_coordinator,82,5464,117,66,0.9680572525746204,0.4120603015075377,0.5540540540540541,0.4726224783861671,0.0209639849489338,0.4459459459459459,0.979036015051066,0.7665450345525601,0.4618472449318803,0.4386089782212287,0.8229647404078511,0.3669636376569147,17,0.8235294117647058,0.3333333333333333,1.9285714285714288,0.0,0.7647058823529411
low,321,sensor_506_multivar_labeled,v75_selective_hybrid,95,5411,170,53,0.9610752312794554,0.3584905660377358,0.6418918918918919,0.4600484261501211,0.0304604909514423,0.3581081081081081,0.9695395090485576,0.8057157004702247,0.4618025486598143,0.4503168951456382,0.8218805842215625,0.2261905730817647,17,0.8235294117647058,0.2678571428571428,1.4285714285714286,0.0,0.7647058823529411
low,321,sensor_507_multivar_labeled,single_agent_rl_refactored,4,1923,47,23,0.9649474211316976,0.0784313725490196,0.1481481481481481,0.1025641025641025,0.0238578680203045,0.8518518518518519,0.9761421319796956,0.5621451400639218,0.0909904171303981,0.099977209678613,0.5621451400639218,0.0231367385137255,9,0.1111111111111111,0.1666666666666666,7.0,7.0,0.0
low,321,sensor_507_multivar_labeled,or_all,15,1642,328,12,0.829744616925388,0.0437317784256559,0.5555555555555556,0.081081081081081,0.166497461928934,0.4444444444444444,0.833502538071066,0.6945290468133107,0.119128215695277,0.1930631737241081,0.6945290468133107,0.0303044459789781,9,0.6666666666666666,0.0869565217391304,0.8333333333333334,0.0,0.5555555555555556
low,321,sensor_507_multivar_labeled,majority,14,1853,117,13,0.9349023535302956,0.1068702290076335,0.5185185185185185,0.1772151898734177,0.0593908629441624,0.4814814814814814,0.9406091370558376,0.7295638277871781,0.2141691834772475,0.2453938390553223,0.7295638277871781,0.0619239574657434,9,0.5555555555555556,0.2272727272727272,1.0,0.0,0.4444444444444444
low,321,sensor_507_multivar_labeled,v73_confidence_hybrid_reference,5,1926,44,22,0.9669504256384576,0.1020408163265306,0.1851851851851851,0.131578947368421,0.0223350253807106,0.8148148148148148,0.9776649746192894,0.5814250799022372,0.1215655916069913,0.1278387017822535,0.7602274863696183,0.0678860511528823,9,0.5555555555555556,0.4166666666666667,0.0,0.0,0.5555555555555556
low,321,sensor_507_multivar_labeled,v75_selective_coordinator,5,1967,3,22,0.9874812218327492,0.625,0.1851851851851851,0.2857142857142857,0.0015228426395939,0.8148148148148148,0.998477157360406,0.5918311712727956,0.3357938434510683,0.2777246998630247,0.7624271479601429,0.204831865077149,9,0.5555555555555556,0.625,0.0,0.0,0.5555555555555556
low,321,sensor_507_multivar_labeled,v75_selective_hybrid,5,1926,44,22,0.9669504256384576,0.1020408163265306,0.1851851851851851,0.131578947368421,0.0223350253807106,0.8148148148148148,0.9776649746192894,0.5814250799022372,0.1215655916069913,0.1278387017822535,0.7575202105658958,0.0665661731464549,9,0.5555555555555556,0.4166666666666667,0.0,0.0,0.5555555555555556
low,321,sensor_508_multivar_labeled,single_agent_rl_refactored,4,1862,5,70,0.9613601236476044,0.4444444444444444,0.054054054054054,0.0963855421686747,0.0026780931976432,0.945945945945946,0.9973219068023568,0.5256879804282054,0.1448182050831686,0.1259885675390221,0.5256879804282054,0.0600879086195933,8,0.5,0.4444444444444444,0.0,0.0,0.5
low,321,sensor_508_multivar_labeled,or_all,38,1565,302,36,0.8258629572385369,0.1117647058823529,0.5135135135135135,0.1835748792270531,0.161756829137654,0.4864864864864865,0.838243170862346,0.6758783421879297,0.1772128676525955,0.2372517726748154,0.6758783421879297,0.0759398274536014,8,1.0,0.0879120879120879,0.875,0.0,0.875
low,321,sensor_508_multivar_labeled,majority,20,1861,6,54,0.9690880989180836,0.7692307692307693,0.2702702702702703,0.4,0.0032137118371719,0.7297297297297297,0.996786288162828,0.6335282792165492,0.4448567694091733,0.3761443252819793,0.6335282792165492,0.2357209188739328,8,0.5,0.5714285714285714,0.0,0.0,0.5
low,321,sensor_508_multivar_labeled,v73_confidence_hybrid_reference,22,1864,3,52,0.97166409067491,0.88,0.2972972972972973,0.4444444444444444,0.0016068559185859,0.7027027027027027,0.998393144081414,0.6478452206893557,0.5021778438687995,0.4210285035973306,0.731072395373413,0.3430748240094479,8,0.5,0.8,0.0,0.0,0.5
low,321,sensor_508_multivar_labeled,v75_selective_coordinator,4,1864,3,70,0.9623905203503348,0.5714285714285714,0.054054054054054,0.0987654320987654,0.0016068559185859,0.945945945945946,0.998393144081414,0.526223599067734,0.1675456111433083,0.1462142607830877,0.7070346994021338,0.1365361748544953,8,0.5,0.5714285714285714,0.0,0.0,0.5
low,321,sensor_508_multivar_labeled,v75_selective_hybrid,23,1863,4,51,0.97166409067491,0.8518518518518519,0.3108108108108108,0.4554455445544554,0.0021424745581146,0.6891891891891891,0.9978575254418852,0.654334168126348,0.5046929650395507,0.4257572686147145,0.7306887766180749,0.3410621993257638,8,0.625,0.7142857142857143,0.0,0.0,0.625
low,321,sensor_509_multivar_labeled,single_agent_rl_refactored,113,11601,1078,53,0.911950175165434,0.0948782535684299,0.6807228915662651,0.1665438467207074,0.0850224781134158,0.3192771084337349,0.914977521886584,0.7978502067264246,0.2319695921157936,0.2848910887181208,0.7978502067264246,0.068711918228354,39,0.0512820512820512,0.0145985401459854,4.0,4.0,0.0512820512820512
low,321,sensor_509_multivar_labeled,or_all,151,11162,1517,15,0.8807318022576878,0.0905275779376498,0.9096385542168676,0.1646673936750272,0.1196466598312169,0.0903614457831325,0.880353340168783,0.8949959471928253,0.2654352100417333,0.3486063641263482,0.8949959471928254,0.0835151446720987,39,0.9487179487179488,0.1027027027027027,0.2162162162162162,0.0,0.9487179487179488
low,321,sensor_509_multivar_labeled,majority,137,12218,461,29,0.9618528610354224,0.2290969899665551,0.8253012048192772,0.3586387434554973,0.0363593343323606,0.1746987951807229,0.9636406656676394,0.8944709352434583,0.4229374080847203,0.4397064110625042,0.8944709352434582,0.1913317096561387,39,0.7435897435897436,0.3222222222222222,0.2758620689655172,0.0,0.7435897435897436
low,321,sensor_509_multivar_labeled,v73_confidence_hybrid_reference,141,11878,801,25,0.9356948228882834,0.1496815286624203,0.8493975903614458,0.2545126353790614,0.0631753292846439,0.1506024096385542,0.936824670715356,0.893111130538401,0.340634171456843,0.38548465939991,0.9349400916228998,0.1857041337613452,39,0.8461538461538461,0.2462686567164179,0.2424242424242424,0.0,0.8461538461538461
low,321,sensor_509_multivar_labeled,v75_selective_coordinator,133,12039,640,33,0.9476060724017128,0.1720569210866752,0.8012048192771084,0.2832800851970181,0.0504771669690038,0.1987951807228915,0.9495228330309962,0.8753638261540523,0.3565328884049988,0.3885983055878915,0.935285031600493,0.2317844580671601,39,0.8461538461538461,0.3055555555555556,0.303030303030303,0.0,0.8461538461538461
low,321,sensor_509_multivar_labeled,v75_selective_hybrid,141,11878,801,25,0.9356948228882834,0.1496815286624203,0.8493975903614458,0.2545126353790614,0.0631753292846439,0.1506024096385542,0.936824670715356,0.893111130538401,0.340634171456843,0.38548465939991,0.932756897136618,0.1691619453669268,39,0.8461538461538461,0.2462686567164179,0.2424242424242424,0.0,0.8461538461538461
low,321,sensor_510_multivar_labeled,single_agent_rl_refactored,16,8882,10,708,0.925332778702163,0.6153846153846154,0.0220994475138121,0.0426666666666666,0.0011246063877642,0.9779005524861878,0.9988753936122358,0.510487420563024,0.1065790175285463,0.1180250659230595,0.510487420563024,0.0872269478620771,25,0.6,0.6153846153846154,3.8,0.0,0.6
low,321,sensor_510_multivar_labeled,or_all,226,8197,695,498,0.8759359400998337,0.2453854505971769,0.3121546961325966,0.2747720364741641,0.0781601439496176,0.6878453038674033,0.9218398560503824,0.6169972760914895,0.2098022532784144,0.2462856284477676,0.6169972760914895,0.1283869062906485,25,0.84,0.1485507246376811,2.0476190476190474,0.0,0.84
low,321,sensor_510_multivar_labeled,majority,169,8633,259,555,0.9153494176372712,0.3948598130841121,0.2334254143646408,0.2934027777777778,0.0291273054430949,0.7665745856353591,0.9708726945569052,0.6021490544607729,0.2613972287172468,0.2583751157276996,0.6021490544607729,0.1498866216415095,25,0.6,0.5,4.6,0.0,0.56
low,321,sensor_510_multivar_labeled,v73_confidence_hybrid_reference,293,8078,814,431,0.8705282861896838,0.2646793134598013,0.4046961325966851,0.3200436919716002,0.0915429599640126,0.5953038674033149,0.9084570400359874,0.6565765863163362,0.2588884968029264,0.2959761021887945,0.6526340176656401,0.1815755442836783,25,0.8,0.1148936170212766,3.5,0.0,0.8
low,321,sensor_510_multivar_labeled,v75_selective_coordinator,293,8078,814,431,0.8705282861896838,0.2646793134598013,0.4046961325966851,0.3200436919716002,0.0915429599640126,0.5953038674033149,0.9084570400359874,0.6565765863163362,0.2588884968029264,0.2959761021887945,0.6548071952440954,0.2160835241766356,25,0.8,0.1148936170212766,3.5,0.0,0.8
low,321,sensor_510_multivar_labeled,v75_selective_hybrid,293,8078,814,431,0.8705282861896838,0.2646793134598013,0.4046961325966851,0.3200436919716002,0.0915429599640126,0.5953038674033149,0.9084570400359874,0.6565765863163362,0.2588884968029264,0.2959761021887945,0.6522946164284489,0.1786764430137152,25,0.8,0.1148936170212766,3.5,0.0,0.8
low,321,sensor_511_multivar_labeled,single_agent_rl_refactored,57,3625,130,249,0.9066732331937948,0.3048128342245989,0.1862745098039215,0.2312373225152129,0.0346205059920106,0.8137254901960784,0.9653794940079894,0.5758270019059555,0.1909936608276368,0.202199022607511,0.5758270019059555,0.1180938083345062,15,0.2,0.2727272727272727,5.333333333333333,6.0,0.1333333333333333
low,321,sensor_511_multivar_labeled,or_all,148,3027,728,158,0.7818271361733563,0.1689497716894977,0.4836601307189542,0.2504230118443316,0.1938748335552596,0.5163398692810458,0.8061251664447403,0.6448926485818472,0.1859667320516953,0.2637433769435341,0.6448926485818474,0.1206209418934737,15,0.9333333333333332,0.1,3.571428571428572,0.0,0.8
low,321,sensor_511_multivar_labeled,majority,66,3691,64,240,0.9251415907411968,0.5076923076923077,0.2156862745098039,0.3027522935779816,0.0170439414114513,0.7843137254901961,0.9829560585885486,0.5993211665491762,0.297861445866589,0.2753938664757339,0.5993211665491763,0.1686010065951257,15,0.5333333333333333,0.5,4.375,0.0,0.4
low,321,sensor_511_multivar_labeled,v73_confidence_hybrid_reference,68,3654,101,238,0.9165230238857424,0.4023668639053254,0.2222222222222222,0.2863157894736842,0.0268974700399467,0.7777777777777778,0.9731025299600532,0.5976623760911377,0.2581625236176123,0.2531740545116287,0.5512580176322638,0.166910911956154,15,0.6666666666666666,0.3846153846153846,3.7,0.0,0.5333333333333333
low,321,sensor_511_multivar_labeled,v75_selective_coordinator,48,3712,43,258,0.9258803250430928,0.5274725274725275,0.1568627450980392,0.2418136020151133,0.0114513981358189,0.8431372549019608,0.9885486018641813,0.5727056734811102,0.259327176612804,0.23385068374351,0.5386808873571621,0.1917011890777965,15,0.4,0.3636363636363636,2.6666666666666665,0.0,0.3333333333333333
low,321,sensor_511_multivar_labeled,v75_selective_hybrid,62,3654,101,244,0.9150455552819504,0.3803680981595092,0.2026143790849673,0.2643923240938166,0.0268974700399467,0.7973856209150327,0.9731025299600532,0.5878584545225103,0.2363004341235574,0.2341263272876393,0.5408723009843085,0.1539934741293248,15,0.5333333333333333,0.3333333333333333,5.0,0.0,0.4
low,42,sensor_501_multivar_labeled,single_agent_rl_refactored,27,1162,448,108,0.6813753581661891,0.0568421052631578,0.2,0.0885245901639344,0.2782608695652174,0.8,0.7217391304347827,0.4608695652173913,-0.0469759775186017,0.0805362944067224,0.4608695652173913,0.0732595385311416,7,0.7142857142857143,0.0714285714285714,8.4,2.0,0.4285714285714285
low,42,sensor_501_multivar_labeled,or_all,19,1539,71,116,0.8928366762177651,0.2111111111111111,0.1407407407407407,0.1688888888888889,0.0440993788819875,0.8592592592592593,0.9559006211180124,0.5483206809293766,0.1167407851411048,0.1454789510006901,0.5483206809293766,0.096187578855519,7,0.7142857142857143,0.1515151515151515,14.2,2.0,0.4285714285714285
low,42,sensor_501_multivar_labeled,majority,4,1599,11,131,0.9186246418338108,0.2666666666666666,0.0296296296296296,0.0533333333333333,0.0068322981366459,0.9703703703703704,0.993167701863354,0.5113986657464918,0.0659773936725898,0.0722056590752242,0.5113986657464918,0.0829728678057235,7,0.2857142857142857,0.5,21.5,21.5,0.1428571428571428
low,42,sensor_501_multivar_labeled,v73_confidence_hybrid_reference,11,1589,21,124,0.9169054441260746,0.34375,0.0814814814814814,0.1317365269461078,0.0130434782608695,0.9185185185185184,0.9869565217391304,0.5342190016103059,0.1362772877596451,0.133984033744106,0.3837497124453646,0.0884534239820238,7,0.4285714285714285,0.3333333333333333,15.666666666666666,4.0,0.1428571428571428
low,42,sensor_501_multivar_labeled,v75_selective_coordinator,1,1606,4,134,0.920916905444126,0.2,0.0074074074074074,0.0142857142857142,0.0024844720496894,0.9925925925925926,0.9975155279503104,0.5024614676788589,0.0246061875050855,0.0384023464458247,0.3254865424430642,0.0636666918797145,7,0.1428571428571428,0.2,0.0,0.0,0.1428571428571428
low,42,sensor_501_multivar_labeled,v75_selective_hybrid,11,1589,21,124,0.9169054441260746,0.34375,0.0814814814814814,0.1317365269461078,0.0130434782608695,0.9185185185185184,0.9869565217391304,0.5342190016103059,0.1362772877596451,0.133984033744106,0.3837773176903611,0.0895335864287252,7,0.4285714285714285,0.3333333333333333,15.666666666666666,4.0,0.1428571428571428
low,42,sensor_502_multivar_labeled,single_agent_rl_refactored,7,1887,3,50,0.9727786337955828,0.7,0.1228070175438596,0.208955223880597,0.0015873015873015,0.8771929824561403,0.9984126984126984,0.560609857978279,0.2858753975709154,0.2357132258506964,0.560609857978279,0.1116454464358121,7,1.0,0.7,6.857142857142857,0.0,0.8571428571428571
low,42,sensor_502_multivar_labeled,or_all,5,1661,229,52,0.8556753980482794,0.0213675213675213,0.087719298245614,0.0343642611683848,0.1211640211640211,0.912280701754386,0.8788359788359789,0.4832776385407964,-0.0173384121378057,0.0328684330881835,0.4832776385407965,0.0285820995009219,7,0.7142857142857143,0.238095238095238,9.6,0.0,0.5714285714285714
low,42,sensor_502_multivar_labeled,majority,0,1738,152,57,0.8926553672316384,0.0,0.0,0.0,0.0804232804232804,1.0,0.9195767195767196,0.4597883597883598,-0.0505354448771224,-0.008042328042328,0.4597883597883598,0.0292758089368258,7,0.0,0.0,,,0.0
low,42,sensor_502_multivar_labeled,v73_confidence_hybrid_reference,6,1764,126,51,0.9090909090909092,0.0454545454545454,0.1052631578947368,0.0634920634920634,0.0666666666666666,0.8947368421052632,0.9333333333333332,0.5192982456140351,0.0258815853326287,0.0603018910913647,0.5983337974566044,0.0399007880166053,7,0.8571428571428571,0.4615384615384615,8.0,0.0,0.7142857142857143
low,42,sensor_502_multivar_labeled,v75_selective_coordinator,6,1890,0,51,0.9738058551617874,1.0,0.1052631578947368,0.1904761904761905,0.0,0.8947368421052632,1.0,0.5526315789473684,0.3201520829527529,0.2672932330827068,0.6229694606887589,0.1569899268986818,7,0.8571428571428571,1.0,8.0,0.0,0.7142857142857143
low,42,sensor_502_multivar_labeled,v75_selective_hybrid,6,1764,126,51,0.9090909090909092,0.0454545454545454,0.1052631578947368,0.0634920634920634,0.0666666666666666,0.8947368421052632,0.9333333333333332,0.5192982456140351,0.0258815853326287,0.0603018910913647,0.5968950153160679,0.0392230809349761,7,0.8571428571428571,0.4615384615384615,8.0,0.0,0.7142857142857143
low,42,sensor_505_multivar_labeled,single_agent_rl_refactored,2,1871,3,105,0.9454820797576982,0.4,0.0186915887850467,0.0357142857142857,0.0016008537886872,0.9813084112149532,0.9983991462113126,0.5085453674981797,0.0769943665012415,0.0815188198280738,0.5085453674981797,0.0604801690829232,5,0.4,0.4,12.0,12.0,0.2
low,42,sensor_505_multivar_labeled,or_all,13,1731,143,94,0.8803634528016153,0.0833333333333333,0.1214953271028037,0.0988593155893536,0.0763073639274279,0.8785046728971962,0.923692636072572,0.5225939815876879,0.0379232644668024,0.0858045537533074,0.5225939815876879,0.0575753930250149,5,0.6,0.125,22.33333333333333,24.0,0.2
low,42,sensor_505_multivar_labeled,majority,8,1810,64,99,0.917718324078748,0.1111111111111111,0.0747663551401869,0.0893854748603352,0.0341515474919957,0.9252336448598132,0.9658484525080042,0.5203074038240956,0.0490559703251515,0.075904882146674,0.5203074038240956,0.0582821330154641,5,0.2,0.0833333333333333,43.0,43.0,0.0
low,42,sensor_505_multivar_labeled,v73_confidence_hybrid_reference,3,1858,16,104,0.939424533064109,0.1578947368421052,0.02803738317757,0.0476190476190476,0.0085378868729989,0.97196261682243,0.991462113127001,0.5097497481522856,0.0452244999229938,0.0526702082208583,0.638800506687679,0.0975402248557757,5,0.2,0.1666666666666666,45.0,45.0,0.0
low,42,sensor_505_multivar_labeled,v75_selective_coordinator,0,1874,0,107,0.9459868753154972,0.0,0.0,0.0,0.0,1.0,1.0,0.5,0.0,0.0,0.6389077289819368,0.1146866786753834,5,0.0,0.0,,,0.0
low,42,sensor_505_multivar_labeled,v75_selective_hybrid,3,1858,16,104,0.939424533064109,0.1578947368421052,0.02803738317757,0.0476190476190476,0.0085378868729989,0.97196261682243,0.991462113127001,0.5097497481522856,0.0452244999229938,0.0526702082208583,0.638800506687679,0.0975402248557757,5,0.2,0.1666666666666666,45.0,45.0,0.0
low,42,sensor_506_multivar_labeled,single_agent_rl_refactored,104,5297,285,43,0.9427474253796474,0.2673521850899742,0.7074829931972789,0.3880597014925372,0.0510569688283769,0.2925170068027211,0.948943031171623,0.828213012184451,0.4125664848577713,0.4218688945114839,0.828213012184451,0.1966527970375902,19,0.1578947368421052,0.0816326530612244,0.6666666666666666,0.0,0.1578947368421052
low,42,sensor_506_multivar_labeled,or_all,122,4518,1064,25,0.8099144702391342,0.102866779089376,0.8299319727891157,0.1830457614403601,0.1906126836259405,0.1700680272108843,0.8093873163740595,0.8196596445815876,0.2494926054843003,0.3277189329857091,0.8196596445815876,0.0897361922135861,19,0.6842105263157895,0.125,0.1538461538461538,0.0,0.6842105263157895
low,42,sensor_506_multivar_labeled,majority,96,5510,72,51,0.9785302845173678,0.5714285714285714,0.6530612244897959,0.6095238095238094,0.0128986026513794,0.3469387755102041,0.9871013973486206,0.8200813109192082,0.5999468919255933,0.5546285070818008,0.8200813109192081,0.3820799197169329,19,0.2631578947368421,0.3333333333333333,3.0,1.0,0.2631578947368421
low,42,sensor_506_multivar_labeled,v73_confidence_hybrid_reference,108,5416,166,39,0.9642171408622796,0.3941605839416058,0.7346938775510204,0.513064133016627,0.0297384450017914,0.2653061224489796,0.9702615549982084,0.8524777162746144,0.5223271327478878,0.50743726621385,0.9390564179810226,0.3918594527831827,19,0.7894736842105263,0.32,0.8,0.0,0.7894736842105263
low,42,sensor_506_multivar_labeled,v75_selective_coordinator,108,5442,140,39,0.9687554547041368,0.4354838709677419,0.7346938775510204,0.5468354430379747,0.0250806162665711,0.2653061224489796,0.9749193837334288,0.8548066306422246,0.551340080112984,0.529298631650899,0.9396328578009492,0.5233249292107824,19,0.7894736842105263,0.3404255319148936,0.8,0.0,0.7894736842105263
low,42,sensor_506_multivar_labeled,v75_selective_hybrid,108,5416,166,39,0.9642171408622796,0.3941605839416058,0.7346938775510204,0.513064133016627,0.0297384450017914,0.2653061224489796,0.9702615549982084,0.8524777162746144,0.5223271327478878,0.50743726621385,0.9356806499023832,0.3750931752251336,19,0.7894736842105263,0.32,0.8,0.0,0.7894736842105263
low,42,sensor_507_multivar_labeled,single_agent_rl_refactored,33,1402,499,63,0.7185778668002003,0.0620300751879699,0.34375,0.1050955414012738,0.262493424513414,0.65625,0.737506575486586,0.5406282877432931,0.039319733148007,0.1334731624574273,0.540628287743293,0.0528701593273368,8,0.875,0.0944881889763779,0.8571428571428571,0.0,0.875
low,42,sensor_507_multivar_labeled,or_all,19,1569,332,77,0.7951927891837757,0.0541310541310541,0.1979166666666666,0.0850111856823266,0.1746449237243556,0.8020833333333334,0.8253550762756444,0.5116358714711555,0.0130793786354525,0.0882851993042695,0.5116358714711555,0.0492712745519038,8,0.75,0.1011235955056179,7.166666666666667,0.0,0.5
low,42,sensor_507_multivar_labeled,majority,2,1860,41,94,0.9323985978968452,0.0465116279069767,0.0208333333333333,0.0287769784172661,0.0215675960021041,0.9791666666666666,0.978432403997896,0.4996328686656146,-0.0010821354287626,0.0240196248736058,0.4996328686656145,0.0480395981569253,8,0.25,0.2857142857142857,0.0,0.0,0.25
low,42,sensor_507_multivar_labeled,v73_confidence_hybrid_reference,3,1849,52,93,0.927391086629945,0.0545454545454545,0.03125,0.0397350993377483,0.0273540241977906,0.96875,0.9726459758022094,0.5019479879011046,0.0050925695418548,0.0327022104640258,0.4583305935472557,0.0491175509001544,8,0.375,0.2727272727272727,2.333333333333333,0.0,0.25
low,42,sensor_507_multivar_labeled,v75_selective_coordinator,2,1898,3,94,0.9514271407110666,0.4,0.0208333333333333,0.0396039603960396,0.0015781167806417,0.9791666666666666,0.9984218832193582,0.5096276082763458,0.0824224297404114,0.0839139705001536,0.4704240092933543,0.0684485187161659,8,0.25,0.4,0.0,0.0,0.25
low,42,sensor_507_multivar_labeled,v75_selective_hybrid,3,1849,52,93,0.927391086629945,0.0545454545454545,0.03125,0.0397350993377483,0.0273540241977906,0.96875,0.9726459758022094,0.5019479879011046,0.0050925695418548,0.0327022104640258,0.4552209363492897,0.0481954897340018,8,0.375,0.2727272727272727,2.333333333333333,0.0,0.25
low,42,sensor_508_multivar_labeled,single_agent_rl_refactored,12,1814,22,93,0.9407521895929932,0.3529411764705882,0.1142857142857142,0.1726618705035971,0.0119825708061002,0.8857142857142857,0.9880174291938998,0.551151571739807,0.1764026729255638,0.1637264754023112,0.5511515717398071,0.0882495811307521,7,0.1428571428571428,0.3333333333333333,6.0,6.0,0.0
low,42,sensor_508_multivar_labeled,or_all,31,1610,226,74,0.8454404945904173,0.1206225680933852,0.2952380952380952,0.1712707182320441,0.1230936819172113,0.7047619047619048,0.8769063180827886,0.5860722066604419,0.1148910809846301,0.171427268798135,0.5860722066604419,0.0737370552476488,7,0.7142857142857143,0.1232876712328767,1.8,0.0,0.7142857142857143
low,42,sensor_508_multivar_labeled,majority,11,1806,30,94,0.9361154044307058,0.2682926829268293,0.1047619047619047,0.1506849315068493,0.0163398692810457,0.8952380952380953,0.9836601307189542,0.5442110177404295,0.1390986026830571,0.1378467061175734,0.5442110177404295,0.0765354975254323,7,0.1428571428571428,0.4,0.0,0.0,0.1428571428571428
low,42,sensor_508_multivar_labeled,v73_confidence_hybrid_reference,30,1533,303,75,0.8052550231839258,0.09009009009009,0.2857142857142857,0.136986301369863,0.1650326797385621,0.7142857142857143,0.8349673202614379,0.5603408029878618,0.0724113976229018,0.1443683668703813,0.5827731092436976,0.0798290841092838,7,0.8571428571428571,0.087719298245614,1.5,0.0,0.8571428571428571
low,42,sensor_508_multivar_labeled,v75_selective_coordinator,26,1602,234,79,0.8387429160226687,0.1,0.2476190476190476,0.1424657534246575,0.1274509803921568,0.7523809523809524,0.8725490196078431,0.5600840336134454,0.0798085707518104,0.1406502052875944,0.5835875090777053,0.0809234531595361,7,0.8571428571428571,0.0970873786407767,1.5,0.0,0.8571428571428571
low,42,sensor_508_multivar_labeled,v75_selective_hybrid,26,1602,234,79,0.8387429160226687,0.1,0.2476190476190476,0.1424657534246575,0.1274509803921568,0.7523809523809524,0.8725490196078431,0.5600840336134454,0.0798085707518104,0.1406502052875944,0.5835875090777052,0.0809234531595361,7,0.8571428571428571,0.0970873786407767,1.5,0.0,0.8571428571428571
low,42,sensor_509_multivar_labeled,single_agent_rl_refactored,132,11263,1078,372,0.8871156091864538,0.109090909090909,0.2619047619047619,0.1540256709451575,0.0873511060692002,0.7380952380952381,0.9126488939307996,0.5872768279177808,0.1160228460331539,0.1555115062534658,0.5872768279177808,0.0575321136629038,36,0.0833333333333333,0.0289855072463768,23.666666666666668,8.0,0.0833333333333333
low,42,sensor_509_multivar_labeled,or_all,183,10852,1489,321,0.8590891397430906,0.1094497607655502,0.3630952380952381,0.1681985294117647,0.1206547281419658,0.6369047619047619,0.8793452718580342,0.6212202549766361,0.1398919091868911,0.1889699009645014,0.6212202549766362,0.0647309555316331,36,0.9166666666666666,0.1225071225071225,0.8787878787878788,0.0,0.9166666666666666
low,42,sensor_509_multivar_labeled,majority,128,12037,304,376,0.9470611132736472,0.2962962962962963,0.2539682539682539,0.2735042735042735,0.024633336034357,0.746031746031746,0.975366663965643,0.6146674589669485,0.2469905729534068,0.2412485101084079,0.6146674589669485,0.1045219433351434,36,0.7777777777777778,0.4590163934426229,3.4285714285714284,0.0,0.75
low,42,sensor_509_multivar_labeled,v73_confidence_hybrid_reference,159,11467,874,345,0.905099260412612,0.153920619554695,0.3154761904761904,0.2068965517241379,0.0708208410987764,0.6845238095238095,0.9291791589012236,0.622327674688707,0.174676017005873,0.2037523142420458,0.601899977234229,0.0920806580356597,36,0.8888888888888888,0.2208588957055214,2.1875,0.0,0.8888888888888888
low,42,sensor_509_multivar_labeled,v75_selective_coordinator,141,11698,643,363,0.9216815881666018,0.1798469387755102,0.2797619047619047,0.2189440993788819,0.0521027469410906,0.7202380952380952,0.9478972530589094,0.6138295789104071,0.1846400373122594,0.2042201822712858,0.6037303227208826,0.1457086890555097,36,0.8888888888888888,0.2554744525547445,2.25,0.0,0.8888888888888888
low,42,sensor_509_multivar_labeled,v75_selective_hybrid,159,11467,874,345,0.905099260412612,0.153920619554695,0.3154761904761904,0.2068965517241379,0.0708208410987764,0.6845238095238095,0.9291791589012236,0.622327674688707,0.174676017005873,0.2037523142420458,0.6008009178335733,0.0862314737293957,36,0.8888888888888888,0.2208588957055214,2.1875,0.0,0.8888888888888888
low,42,sensor_510_multivar_labeled,single_agent_rl_refactored,108,8663,730,115,0.9121256239600666,0.1288782816229117,0.484304932735426,0.2035815268614514,0.0777174491642712,0.515695067264574,0.9222825508357289,0.7032937417855774,0.2169645601523543,0.2484631642352905,0.7032937417855774,0.0743756221214265,33,0.0606060606060606,0.0674157303370786,2.5,2.5,0.0606060606060606
low,42,sensor_510_multivar_labeled,or_all,44,8385,1008,179,0.8765599001663894,0.0418250950570342,0.1973094170403587,0.0690196078431372,0.1073139572021718,0.8026905829596412,0.8926860427978281,0.5449977299190935,0.0433939309748665,0.0857940171798573,0.5449977299190933,0.0268672937756072,33,0.9393939393939394,0.1104651162790697,2.3225806451612905,0.0,0.8787878787878788
low,42,sensor_510_multivar_labeled,majority,21,9159,234,202,0.9546589018302828,0.0823529411764705,0.0941704035874439,0.0878661087866108,0.0249121686362184,0.905829596412556,0.9750878313637816,0.5346291174756127,0.0648776035013537,0.0776525943430568,0.5346291174756127,0.0287618652812445,33,0.6363636363636364,0.4883720930232558,0.0,0.0,0.6363636363636364
low,42,sensor_510_multivar_labeled,v73_confidence_hybrid_reference,129,8734,659,94,0.9216930116472546,0.1637055837563451,0.57847533632287,0.2551928783382789,0.0701586287661024,0.42152466367713,0.9298413712338977,0.7541583537783838,0.2789296656240931,0.3059193708359279,0.7590673142245514,0.0898977269172068,33,0.7878787878787878,0.238095238095238,0.2307692307692307,0.0,0.7878787878787878
low,42,sensor_510_multivar_labeled,v75_selective_coordinator,129,8734,659,94,0.9216930116472546,0.1637055837563451,0.57847533632287,0.2551928783382789,0.0701586287661024,0.42152466367713,0.9298413712338977,0.7541583537783838,0.2789296656240931,0.3059193708359279,0.7637678855401814,0.1518019707866472,33,0.7878787878787878,0.238095238095238,0.2307692307692307,0.0,0.7878787878787878
low,42,sensor_510_multivar_labeled,v75_selective_hybrid,129,8734,659,94,0.9216930116472546,0.1637055837563451,0.57847533632287,0.2551928783382789,0.0701586287661024,0.42152466367713,0.9298413712338977,0.7541583537783838,0.2789296656240931,0.3059193708359279,0.7583025046320631,0.0887590596972068,33,0.7878787878787878,0.238095238095238,0.2307692307692307,0.0,0.7878787878787878
low,42,sensor_511_multivar_labeled,single_agent_rl_refactored,12,3854,3,192,0.9519822703767544,0.8,0.0588235294117647,0.1095890410958904,0.000777806585429,0.9411764705882352,0.9992221934145707,0.5290228614131678,0.2090025371124312,0.1868843466581372,0.5290228614131678,0.0943378188507611,20,0.6,0.8,1.0833333333333333,0.0,0.55
low,42,sensor_511_multivar_labeled,or_all,89,3389,468,115,0.8564393006648608,0.1597845601436265,0.4362745098039216,0.2339027595269382,0.121337827326938,0.5637254901960784,0.878662172673062,0.6574683412384918,0.1999647779213796,0.2479724960171488,0.6574683412384917,0.0980280788902458,20,0.85,0.175438596491228,2.9411764705882355,0.0,0.75
low,42,sensor_511_multivar_labeled,majority,39,3796,61,165,0.944348682590495,0.39,0.1911764705882352,0.256578947368421,0.0158154005703914,0.8088235294117647,0.9841845994296085,0.5876805350089218,0.2471557215997543,0.2297319274352209,0.5876805350089218,0.1151892101336964,20,0.55,0.6666666666666666,2.0,0.0,0.45
low,42,sensor_511_multivar_labeled,v73_confidence_hybrid_reference,63,3780,77,141,0.9463186407288844,0.45,0.3088235294117647,0.3662790697674419,0.0199637023593466,0.6911764705882353,0.9800362976406534,0.644429913526209,0.3458315499054926,0.3229762699829436,0.4942217358812854,0.1853695479021667,20,0.7,0.7142857142857143,4.142857142857143,0.0,0.55
low,42,sensor_511_multivar_labeled,v75_selective_coordinator,13,3856,1,191,0.9527210046786506,0.9285714285714286,0.0637254901960784,0.1192660550458715,0.0002592688618096,0.9362745098039216,0.9997407311381904,0.5317331106671344,0.2365113162567962,0.212047159228999,0.4807035336820753,0.2313909176671315,20,0.55,0.9230769230769232,0.7272727272727273,0.0,0.55
low,42,sensor_511_multivar_labeled,v75_selective_hybrid,60,3780,77,144,0.9455799064269884,0.437956204379562,0.2941176470588235,0.3519061583577713,0.0199637023593466,0.7058823529411765,0.9800362976406534,0.6370769723497385,0.3316726184326011,0.3102901257996437,0.4807842374699425,0.1678472973062919,20,0.6,0.6842105263157895,1.4166666666666667,0.0,0.55
low,777,sensor_501_multivar_labeled,single_agent_rl_refactored,49,1185,402,109,0.707163323782235,0.1086474501108647,0.310126582278481,0.160919540229885,0.2533081285444234,0.689873417721519,0.7466918714555766,0.5284092268670288,0.0372435446619089,0.1564180724491799,0.5284092268670287,0.096158645757243,13,1.0,0.1565217391304348,3.4615384615384617,0.0,0.7692307692307693
low,777,sensor_501_multivar_labeled,or_all,17,1428,159,141,0.828080229226361,0.096590909090909,0.1075949367088607,0.1017964071856287,0.1001890359168242,0.8924050632911392,0.8998109640831758,0.5037029503960183,0.0070571133197731,0.0825565970181451,0.5037029503960183,0.091194985013898,13,0.6153846153846154,0.1851851851851851,8.375,0.0,0.3846153846153846
low,777,sensor_501_multivar_labeled,majority,3,1573,14,155,0.9031518624641832,0.1764705882352941,0.0189873417721519,0.0342857142857142,0.0088216761184625,0.981012658227848,0.9911783238815376,0.5050828328268447,0.0297000033876654,0.0467131945836648,0.5050828328268447,0.0921759222712697,13,0.2307692307692307,0.5,0.0,0.0,0.2307692307692307
low,777,sensor_501_multivar_labeled,v73_confidence_hybrid_reference,6,1558,29,152,0.8962750716332378,0.1714285714285714,0.0379746835443038,0.0621761658031088,0.0182734719596723,0.9620253164556962,0.9817265280403276,0.5098506057923158,0.0403253239273114,0.0632586181930085,0.5169175181259122,0.0983118602465849,13,0.4615384615384615,0.5,1.0,0.0,0.3846153846153846
low,777,sensor_501_multivar_labeled,v75_selective_coordinator,5,1585,2,153,0.9111747851002864,0.7142857142857143,0.0316455696202531,0.0606060606060606,0.0012602394454946,0.9683544303797468,0.9987397605545052,0.5151926650873793,0.1379453484837226,0.1437832313571109,0.5257312180453527,0.1308675251501461,13,0.3846153846153846,0.7142857142857143,0.0,0.0,0.3846153846153846
low,777,sensor_501_multivar_labeled,v75_selective_hybrid,6,1558,29,152,0.8962750716332378,0.1714285714285714,0.0379746835443038,0.0621761658031088,0.0182734719596723,0.9620253164556962,0.9817265280403276,0.5098506057923158,0.0403253239273114,0.0632586181930085,0.516728083399137,0.0978584962602131,13,0.4615384615384615,0.5,1.0,0.0,0.3846153846153846
low,777,sensor_502_multivar_labeled,single_agent_rl_refactored,30,1723,162,32,0.9003595274781715,0.15625,0.4838709677419355,0.2362204724409448,0.0859416445623342,0.5161290322580645,0.9140583554376658,0.6989646615898006,0.2343517983374434,0.2663038384647724,0.6989646615898006,0.092040380568948,9,0.2222222222222222,0.125,3.5,3.5,0.1111111111111111
low,777,sensor_502_multivar_labeled,or_all,40,1442,443,22,0.7611710323574731,0.082815734989648,0.6451612903225806,0.146788990825688,0.2350132625994695,0.3548387096774194,0.7649867374005305,0.7050740138615555,0.1667431669494485,0.2485244669568341,0.7050740138615555,0.0647289414731828,9,0.8888888888888888,0.09,1.375,0.0,0.7777777777777778
low,777,sensor_502_multivar_labeled,majority,20,1753,132,42,0.9106317411402156,0.131578947368421,0.3225806451612903,0.1869158878504672,0.070026525198939,0.6774193548387096,0.929973474801061,0.6262770599811757,0.1652920474406053,0.1936205326664666,0.6262770599811756,0.0640164704220414,9,0.4444444444444444,0.3076923076923077,2.75,0.5,0.3333333333333333
low,777,sensor_502_multivar_labeled,v73_confidence_hybrid_reference,37,1656,229,25,0.869542886492039,0.1390977443609022,0.5967741935483871,0.2256097560975609,0.1214854111405835,0.4032258064516129,0.8785145888594165,0.7376443912039018,0.2429877677587747,0.2892727688484955,0.7533541541884146,0.1105331003540052,9,0.7777777777777778,0.1025641025641025,0.1428571428571428,0.0,0.7777777777777778
low,777,sensor_502_multivar_labeled,v75_selective_coordinator,37,1657,228,25,0.8700564971751412,0.1396226415094339,0.5967741935483871,0.2262996941896024,0.1209549071618037,0.4032258064516129,0.8790450928381963,0.7379096431932917,0.2436450714031413,0.289715025960072,0.759934114828442,0.1860905858986319,9,0.7777777777777778,0.1025641025641025,0.1428571428571428,0.0,0.7777777777777778
low,777,sensor_502_multivar_labeled,v75_selective_hybrid,37,1657,228,25,0.8700564971751412,0.1396226415094339,0.5967741935483871,0.2262996941896024,0.1209549071618037,0.4032258064516129,0.8790450928381963,0.7379096431932917,0.2436450714031413,0.289715025960072,0.7524899460939505,0.107182441085635,9,0.7777777777777778,0.1025641025641025,0.1428571428571428,0.0,0.7777777777777778
low,777,sensor_505_multivar_labeled,single_agent_rl_refactored,2,1910,5,64,0.9651691065118628,0.2857142857142857,0.0303030303030303,0.0547945205479452,0.0026109660574412,0.9696969696969696,0.9973890339425588,0.5138460321227946,0.0837508248921088,0.0763444895888831,0.5138460321227944,0.0409649243571505,5,0.4,0.2857142857142857,0.0,0.0,0.4
low,777,sensor_505_multivar_labeled,or_all,5,1884,31,61,0.9535588086824835,0.1388888888888889,0.0757575757575757,0.0980392156862745,0.0161879895561357,0.9242424242424242,0.9838120104438642,0.52978479310072,0.080033145671253,0.086059454163816,0.52978479310072,0.04131441454763,5,0.6,0.15,6.666666666666667,0.0,0.4
low,777,sensor_505_multivar_labeled,majority,1,1915,0,65,0.9671882887430592,1.0,0.0151515151515151,0.0298507462686567,0.0,0.9848484848484848,1.0,0.5075757575757576,0.1210541900424937,0.16797829036635,0.5075757575757576,0.047963226408456,5,0.2,1.0,0.0,0.0,0.2
low,777,sensor_505_multivar_labeled,v73_confidence_hybrid_reference,3,1896,19,63,0.9586067642604744,0.1363636363636363,0.0454545454545454,0.0681818181818181,0.0099216710182767,0.9545454545454546,0.9900783289817232,0.5177664372181343,0.0608496577297117,0.0637805601708996,0.2859759474641981,0.0326375246359163,5,0.6,0.3333333333333333,2.333333333333333,0.0,0.4
low,777,sensor_505_multivar_labeled,v75_selective_coordinator,2,1915,0,64,0.967693084300858,1.0,0.0303030303030303,0.0588235294117647,0.0,0.9696969696969696,1.0,0.5151515151515151,0.1712397251562947,0.1855614973262032,0.2805443468628848,0.0593988074450514,5,0.4,1.0,0.0,0.0,0.4
low,777,sensor_505_multivar_labeled,v75_selective_hybrid,3,1896,19,63,0.9586067642604744,0.1363636363636363,0.0454545454545454,0.0681818181818181,0.0099216710182767,0.9545454545454546,0.9900783289817232,0.5177664372181343,0.0608496577297117,0.0637805601708996,0.2857741909961231,0.0317776169113176,5,0.6,0.3333333333333333,2.333333333333333,0.0,0.4
low,777,sensor_506_multivar_labeled,single_agent_rl_refactored,79,5300,299,51,0.9389073136673068,0.2089947089947089,0.6076923076923076,0.311023622047244,0.053402393284515,0.3923076923076923,0.9465976067154848,0.7771449572038962,0.3325067843706223,0.3482772892497069,0.7771449572038963,0.1359065541558123,18,0.1111111111111111,0.0408163265306122,9.5,9.5,0.1111111111111111
low,777,sensor_506_multivar_labeled,or_all,102,4704,895,28,0.8388898586140687,0.1023069207622868,0.7846153846153846,0.1810115350488021,0.1598499732095017,0.2153846153846154,0.8401500267904983,0.8123827057029415,0.2453996509488924,0.3162008469499692,0.8123827057029415,0.0851589988893328,18,0.8888888888888888,0.0857142857142857,0.1875,0.0,0.8888888888888888
low,777,sensor_506_multivar_labeled,majority,81,5522,77,49,0.9780066329202304,0.5126582278481012,0.6230769230769231,0.5624999999999999,0.0137524557956778,0.3769230769230769,0.986247544204322,0.8046622336406226,0.5540901178982837,0.5155715655207243,0.8046622336406226,0.3279784872842401,18,0.6666666666666666,0.5454545454545454,1.75,0.0,0.6111111111111112
low,777,sensor_506_multivar_labeled,v73_confidence_hybrid_reference,78,5475,124,52,0.9692791063012742,0.3861386138613861,0.6,0.4698795180722891,0.0221468119307019,0.4,0.977853188069298,0.788926594034649,0.4665777307523254,0.4471518940186678,0.7597476197672661,0.2668443732786009,18,0.6111111111111112,0.3055555555555556,2.090909090909091,0.0,0.5555555555555556
low,777,sensor_506_multivar_labeled,v75_selective_coordinator,7,5586,13,123,0.9762611275964392,0.35,0.0538461538461538,0.0933333333333333,0.0023218431862832,0.946153846153846,0.9976781568137169,0.5257621553299353,0.1300900500151888,0.1104216618352178,0.7390426861939633,0.1697587894746816,18,0.3888888888888889,0.4375,0.0,0.0,0.3888888888888889
low,777,sensor_506_multivar_labeled,v75_selective_hybrid,76,5475,124,54,0.968930005236516,0.38,0.5846153846153846,0.4606060606060606,0.0221468119307019,0.4153846153846154,0.977853188069298,0.7812342863423414,0.4563382565457676,0.4374426614642724,0.7583565746630578,0.2496027443019542,18,0.5,0.2647058823529412,2.555555555555556,0.0,0.4444444444444444
low,777,sensor_507_multivar_labeled,single_agent_rl_refactored,4,1469,524,0,0.7376064096144216,0.0075757575757575,1.0,0.0150375939849624,0.2629202207727044,0.0,0.7370797792272955,0.8685398896136478,0.0747257500559138,0.2816112588523263,0.8685398896136478,0.0075757575757575,4,1.0,0.032,0.0,0.0,1.0
low,777,sensor_507_multivar_labeled,or_all,3,1738,255,1,0.871807711567351,0.0116279069767441,0.75,0.0229007633587786,0.1279478173607626,0.25,0.8720521826392373,0.8110260913196187,0.0829183820475273,0.2242547478218857,0.8110260913196187,0.0092216813592481,4,0.75,0.0526315789473684,0.0,0.0,0.75
low,777,sensor_507_multivar_labeled,majority,1,1960,33,3,0.9819729594391589,0.0294117647058823,0.25,0.0526315789473684,0.0165579528349222,0.75,0.9834420471650778,0.6167210235825389,0.080679485458948,0.1014401799487059,0.6167210235825389,0.0088551945565406,4,0.25,0.1666666666666666,0.0,0.0,0.25
low,777,sensor_507_multivar_labeled,v73_confidence_hybrid_reference,2,1943,50,2,0.9739609414121182,0.0384615384615384,0.5,0.0714285714285714,0.0250878073256397,0.5,0.9749121926743602,0.7374560963371801,0.1333323365808194,0.1854033071795239,0.9436778725539388,0.0293542677993527,4,0.5,0.2,0.0,0.0,0.5
low,777,sensor_507_multivar_labeled,v75_selective_coordinator,2,1990,3,2,0.9974962443665498,0.4,0.5,0.4444444444444445,0.0015052684395383,0.5,0.9984947315604616,0.7492473657802308,0.4459791429044081,0.4098494731560461,0.96832664325138,0.3387963619182613,4,0.5,0.4,0.0,0.0,0.5
low,777,sensor_507_multivar_labeled,v75_selective_hybrid,2,1943,50,2,0.9739609414121182,0.0384615384615384,0.5,0.0714285714285714,0.0250878073256397,0.5,0.9749121926743602,0.7374560963371801,0.1333323365808194,0.1854033071795239,0.9447441043652784,0.0294593132437671,4,0.5,0.2,0.0,0.0,0.5
low,777,sensor_508_multivar_labeled,single_agent_rl_refactored,1,1865,68,7,0.9613601236476044,0.0144927536231884,0.125,0.0259740259740259,0.0351784790481117,0.875,0.9648215209518882,0.5449107604759441,0.03107877251888,0.0478443768269787,0.5449107604759441,0.0054179826624554,8,0.125,0.0625,0.0,0.0,0.125
low,777,sensor_508_multivar_labeled,or_all,7,1517,416,1,0.7851622874806801,0.0165484633569739,0.875,0.0324825986078886,0.2152095188825659,0.125,0.784790481117434,0.829895240558717,0.1023907906715039,0.2580784869888394,0.829895240558717,0.0149951037887175,8,0.875,0.0648148148148148,0.0,0.0,0.875
low,777,sensor_508_multivar_labeled,majority,5,1886,47,3,0.9742400824317362,0.0961538461538461,0.625,0.1666666666666666,0.024314536989136,0.375,0.975685463010864,0.8003427315054319,0.2383364090110517,0.2744916232241633,0.800342731505432,0.0616417489002496,8,0.625,0.2777777777777778,0.0,0.0,0.625
low,777,sensor_508_multivar_labeled,v73_confidence_hybrid_reference,4,1927,6,4,0.9948480164863472,0.4,0.5,0.4444444444444445,0.0031039834454216,0.5,0.9968960165545784,0.7484480082772892,0.4446674078856024,0.4096896016554578,0.9620085359544748,0.2951246334310851,8,0.5,0.8,0.0,0.0,0.5
low,777,sensor_508_multivar_labeled,v75_selective_coordinator,5,1923,10,3,0.9933024214322514,0.3333333333333333,0.625,0.4347826086956521,0.0051733057423693,0.375,0.9948266942576306,0.8099133471288154,0.453479256356108,0.4326348433388065,0.9635605276771856,0.6599920576735093,8,0.625,0.4166666666666667,0.0,0.0,0.625
low,777,sensor_508_multivar_labeled,v75_selective_hybrid,5,1917,16,3,0.9902112313240596,0.238095238095238,0.625,0.3448275862068965,0.0082772891877909,0.375,0.991722710812209,0.8083613554061044,0.3819360043697498,0.37755897058861,0.9611678737713396,0.2462586580086579,8,0.625,0.3846153846153846,0.0,0.0,0.625
low,777,sensor_509_multivar_labeled,single_agent_rl_refactored,128,11163,1075,479,0.8790190735694823,0.1064006650041562,0.2108731466227347,0.1414364640883978,0.08784115051479,0.7891268533772653,0.91215884948521,0.5615159980539723,0.0896026860834025,0.1340843375257439,0.5615159980539723,0.0597278176526528,55,0.109090909090909,0.0461538461538461,52.833333333333336,0.0,0.0909090909090909
low,777,sensor_509_multivar_labeled,or_all,166,11423,815,441,0.9022187621642662,0.1692150866462793,0.2734761120263591,0.2090680100755667,0.0665958489949338,0.7265238879736409,0.9334041510050662,0.6034401315157127,0.165279335066858,0.1948461162393613,0.6034401315157126,0.0806087090603478,55,0.8909090909090909,0.362962962962963,1.7755102040816326,0.0,0.8727272727272727
low,777,sensor_509_multivar_labeled,majority,111,11951,287,496,0.9390424289606852,0.278894472361809,0.1828665568369028,0.2208955223880597,0.0234515443699951,0.8171334431630972,0.9765484556300048,0.5797075062334539,0.1952112788721249,0.1937519685429695,0.5797075062334538,0.0896147186702824,55,0.1272727272727272,0.1944444444444444,0.8571428571428571,0.0,0.1272727272727272
low,777,sensor_509_multivar_labeled,v73_confidence_hybrid_reference,147,11604,634,460,0.9148306734137795,0.1882202304737516,0.2421746293245469,0.2118155619596541,0.0518058506291877,0.7578253706754531,0.9481941493708124,0.5951843893476796,0.1690340170467554,0.1910218411873524,0.6337758024335037,0.0987802946229441,55,0.5272727272727272,0.2564102564102564,3.0,0.0,0.509090909090909
low,777,sensor_509_multivar_labeled,v75_selective_coordinator,16,12215,23,591,0.952199299338264,0.4102564102564102,0.0263591433278418,0.0495356037151702,0.0018793920575257,0.9736408566721582,0.9981206079424744,0.512239875635158,0.0944098958430344,0.0915492870028881,0.6365687074558866,0.1299193634906979,55,0.2,0.4666666666666667,4.0,0.0,0.1818181818181818
low,777,sensor_509_multivar_labeled,v75_selective_hybrid,130,11604,634,477,0.9135072012456208,0.1701570680628272,0.214168039538715,0.1896425966447848,0.0518058506291877,0.785831960461285,0.9481941493708124,0.5811810944547636,0.1456586720406698,0.169932555498273,0.6331342164048405,0.0937693207681829,55,0.2363636363636363,0.13,24.53846153846154,0.0,0.2181818181818181
low,777,sensor_510_multivar_labeled,single_agent_rl_refactored,247,8119,709,541,0.8700083194675541,0.2583682008368201,0.3134517766497462,0.2832568807339449,0.0803126415949252,0.6865482233502538,0.9196873584050748,0.6165695675274105,0.2137083837203998,0.2522250952912296,0.6165695675274104,0.1372463709165423,37,0.1081081081081081,0.1034482758620689,30.5,13.0,0.081081081081081
low,777,sensor_510_multivar_labeled,or_all,93,8136,692,695,0.855761231281198,0.1184713375796178,0.1180203045685279,0.1182453909726637,0.07838695061169,0.881979695431472,0.92161304938831,0.5198166769784189,0.0397022688676074,0.0985485228840307,0.5198166769784189,0.0862573977198273,37,0.945945945945946,0.1797385620915032,2.857142857142857,0.0,0.945945945945946
low,777,sensor_510_multivar_labeled,majority,54,8604,224,734,0.9003743760399334,0.1942446043165467,0.0685279187817258,0.1013133208255159,0.025373810602628,0.931472081218274,0.974626189397372,0.5215770540895489,0.0706426665436113,0.0927486795932191,0.5215770540895489,0.089642293277045,37,0.7027027027027027,0.574468085106383,4.269230769230769,0.0,0.6756756756756757
low,777,sensor_510_multivar_labeled,v73_confidence_hybrid_reference,65,8391,437,723,0.8793677204658902,0.1294820717131474,0.08248730964467,0.1007751937984496,0.0495015858631626,0.91751269035533,0.9504984141368372,0.5164928618907537,0.0406737222123182,0.0845671822733591,0.617140762893332,0.1330995283410414,37,0.7027027027027027,0.3294117647058823,4.115384615384615,0.0,0.6756756756756757
low,777,sensor_510_multivar_labeled,v75_selective_coordinator,27,8822,6,761,0.9202371048252912,0.8181818181818182,0.0342639593908629,0.0657734470158343,0.0006796556411418,0.9657360406091372,0.9993203443588582,0.5167921518748606,0.1575153585676497,0.1625365461375429,0.6188794335742988,0.1717293555076345,37,0.7027027027027027,0.8125,4.384615384615385,0.0,0.6756756756756757
low,777,sensor_510_multivar_labeled,v75_selective_hybrid,65,8391,437,723,0.8793677204658902,0.1294820717131474,0.08248730964467,0.1007751937984496,0.0495015858631626,0.91751269035533,0.9504984141368372,0.5164928618907537,0.0406737222123182,0.0845671822733591,0.6168963858650026,0.1310114256359505,37,0.7027027027027027,0.3294117647058823,4.115384615384615,0.0,0.6756756756756757
low,777,sensor_511_multivar_labeled,single_agent_rl_refactored,23,3529,345,164,0.8746614134449643,0.0625,0.1229946524064171,0.0828828828828829,0.0890552400619514,0.8770053475935828,0.9109447599380486,0.5169697061722328,0.024779433109811,0.0746651690130272,0.5169697061722328,0.048071307612387,15,0.0666666666666666,0.0454545454545454,0.0,0.0,0.0666666666666666
low,777,sensor_511_multivar_labeled,or_all,43,3398,476,144,0.8473282442748091,0.0828516377649325,0.2299465240641711,0.121813031161473,0.1228704181724315,0.7700534759358288,0.8771295818275684,0.5535380529458698,0.0672179437047681,0.1239405250894109,0.5535380529458698,0.0545106926080821,15,0.6666666666666666,0.1621621621621621,1.4,0.0,0.6666666666666666
low,777,sensor_511_multivar_labeled,majority,28,3806,68,159,0.9441024378231962,0.2916666666666667,0.1497326203208556,0.1978798586572438,0.0175529168817759,0.8502673796791443,0.982447083118224,0.5660898517195398,0.1823510096407016,0.1759604308038388,0.5660898517195397,0.082824932260742,15,0.3333333333333333,0.5,16.4,0.0,0.2666666666666666
low,777,sensor_511_multivar_labeled,v73_confidence_hybrid_reference,40,3438,436,147,0.8564393006648608,0.0840336134453781,0.213903743315508,0.1206636500754147,0.1125451729478575,0.786096256684492,0.8874548270521425,0.5506792851838253,0.066040907338868,0.11982029025061,0.6021571204161018,0.1017995325341576,15,0.6666666666666666,0.2068965517241379,1.4,0.0,0.6666666666666666
low,777,sensor_511_multivar_labeled,v75_selective_coordinator,40,3438,436,147,0.8564393006648608,0.0840336134453781,0.213903743315508,0.1206636500754147,0.1125451729478575,0.786096256684492,0.8874548270521425,0.5506792851838253,0.066040907338868,0.11982029025061,0.5968550793856755,0.0773708988031979,15,0.6666666666666666,0.2068965517241379,1.4,0.0,0.6666666666666666
low,777,sensor_511_multivar_labeled,v75_selective_hybrid,40,3438,436,147,0.8564393006648608,0.0840336134453781,0.213903743315508,0.1206636500754147,0.1125451729478575,0.786096256684492,0.8874548270521425,0.5506792851838253,0.066040907338868,0.11982029025061,0.5998270383386847,0.0895840038686438,15,0.6666666666666666,0.2068965517241379,1.4,0.0,0.6666666666666666
low,999,sensor_501_multivar_labeled,single_agent_rl_refactored,15,1517,109,104,0.8779369627507163,0.1209677419354838,0.1260504201680672,0.1234567901234568,0.0670356703567035,0.8739495798319328,0.9329643296432965,0.5295073749056818,0.0579017875641514,0.1048122758606279,0.5295073749056819,0.0748468885659449,7,0.5714285714285714,0.1282051282051282,13.0,10.0,0.2857142857142857
low,999,sensor_501_multivar_labeled,or_all,11,1452,174,108,0.8383954154727794,0.0594594594594594,0.0924369747899159,0.0723684210526315,0.1070110701107011,0.907563025210084,0.8929889298892989,0.4927129523396074,-0.0119334823088647,0.0585146938185078,0.4927129523396075,0.0673873700335861,7,0.4285714285714285,0.125,23.33333333333333,20.0,0.0
low,999,sensor_501_multivar_labeled,majority,6,1576,50,113,0.9065902578796562,0.1071428571428571,0.0504201680672268,0.0685714285714285,0.030750307503075,0.9495798319327732,0.9692496924969248,0.5098349302820759,0.0281336573896555,0.0589795910984319,0.5098349302820759,0.0701586078557497,7,0.1428571428571428,0.1111111111111111,6.0,6.0,0.0
low,999,sensor_501_multivar_labeled,v73_confidence_hybrid_reference,0,1598,28,119,0.9157593123209168,0.0,0.0,0.0,0.017220172201722,1.0,0.982779827798278,0.491389913899139,-0.034546740530873,-0.0017220172201722,0.5309053510703174,0.0783404046664369,7,0.0,0.0,,,0.0
low,999,sensor_501_multivar_labeled,v75_selective_coordinator,0,1625,1,119,0.9312320916905444,0.0,0.0,0.0,0.0006150061500615,1.0,0.9993849938499384,0.4996924969249692,-0.006477985473104,-6.150061500615007e-05,0.5318304443548636,0.0908646995067474,7,0.0,0.0,,,0.0
low,999,sensor_501_multivar_labeled,v75_selective_hybrid,0,1600,26,119,0.9169054441260746,0.0,0.0,0.0,0.015990159901599,1.0,0.984009840098401,0.4920049200492005,-0.033270700566212,-0.0015990159901599,0.5301353013530135,0.0781927039919012,7,0.0,0.0,,,0.0
low,999,sensor_502_multivar_labeled,single_agent_rl_refactored,21,1702,164,60,0.8849512069851053,0.1135135135135135,0.2592592592592592,0.1578947368421052,0.0878885316184351,0.7407407407407407,0.9121114683815648,0.585685363820412,0.1166933623681703,0.1570685832219086,0.585685363820412,0.0602460704155619,7,0.1428571428571428,0.0714285714285714,0.0,0.0,0.1428571428571428
low,999,sensor_502_multivar_labeled,or_all,30,1699,167,51,0.8880328710837185,0.1522842639593908,0.3703703703703703,0.2158273381294964,0.0894962486602358,0.6296296296296297,0.9105037513397642,0.6404370608550674,0.185976435296906,0.2221264279972695,0.6404370608550672,0.0825957240824314,7,0.8571428571428571,0.4,0.6666666666666666,0.0,0.8571428571428571
low,999,sensor_502_multivar_labeled,majority,17,1768,98,64,0.9167950693374424,0.1478260869565217,0.2098765432098765,0.173469387755102,0.052518756698821,0.7901234567901234,0.947481243301179,0.5786788932555278,0.1332830468693395,0.157946224826355,0.5786788932555278,0.0638963118452187,7,0.1428571428571428,0.1428571428571428,0.0,0.0,0.1428571428571428
low,999,sensor_502_multivar_labeled,v73_confidence_hybrid_reference,23,1760,106,58,0.9157678479712378,0.1782945736434108,0.2839506172839506,0.219047619047619,0.0568060021436227,0.7160493827160493,0.9431939978563773,0.6135723075701639,0.1823513488435889,0.2048201995887631,0.6181010413772114,0.0968499434968228,7,0.4285714285714285,0.3333333333333333,1.3333333333333333,0.0,0.4285714285714285
low,999,sensor_502_multivar_labeled,v75_selective_coordinator,2,1866,0,79,0.9594247560349256,1.0,0.0246913580246913,0.0481927710843373,0.0,0.9753086419753086,1.0,0.5123456790123457,0.1539105908018143,0.1790941543953592,0.6137575589165443,0.1234111681627216,7,0.2857142857142857,1.0,2.0,2.0,0.2857142857142857
low,999,sensor_502_multivar_labeled,v75_selective_hybrid,23,1760,106,58,0.9157678479712378,0.1782945736434108,0.2839506172839506,0.219047619047619,0.0568060021436227,0.7160493827160493,0.9431939978563773,0.6135723075701639,0.1823513488435889,0.2048201995887631,0.6175122067405026,0.0932210374670433,7,0.4285714285714285,0.3333333333333333,1.3333333333333333,0.0,0.4285714285714285
low,999,sensor_505_multivar_labeled,single_agent_rl_refactored,34,1479,349,119,0.7637556789500253,0.0887728459530026,0.2222222222222222,0.126865671641791,0.1909190371991247,0.7777777777777778,0.8090809628008753,0.5156515925115488,0.0211609209509627,0.1179802420785105,0.5156515925115488,0.0797979704787591,10,0.9,0.131578947368421,1.2222222222222223,0.0,0.7
low,999,sensor_505_multivar_labeled,or_all,64,1601,227,89,0.8404846037354872,0.2199312714776632,0.4183006535947712,0.2882882882882883,0.12417943107221,0.5816993464052288,0.8758205689277899,0.6470606112612806,0.2218044866391848,0.2757916734225896,0.6470606112612807,0.1369241992491547,10,0.6,0.125,1.5,0.0,0.4
low,999,sensor_505_multivar_labeled,majority,29,1822,6,124,0.934376577486118,0.8285714285714286,0.1895424836601307,0.3085106382978723,0.0032822757111597,0.8104575163398693,0.9967177242888404,0.5931301039744855,0.3774404614069831,0.3196500190466801,0.5931301039744855,0.2196441356283385,10,0.4,0.5714285714285714,4.0,0.0,0.3
low,999,sensor_505_multivar_labeled,v73_confidence_hybrid_reference,31,1809,19,122,0.928823826350328,0.62,0.2026143790849673,0.3054187192118227,0.0103938730853391,0.7973856209150327,0.9896061269146608,0.5961102529998141,0.3271578822014623,0.2901833500622764,0.5090584373793281,0.2025939778589807,10,0.6,0.5,4.833333333333333,3.0,0.3
low,999,sensor_505_multivar_labeled,v75_selective_coordinator,3,1828,0,150,0.9242806663301364,1.0,0.0196078431372549,0.0384615384615384,0.0,0.9803921568627452,1.0,0.5098039215686274,0.134613886769058,0.1731900452488687,0.3367461134709171,0.0877945482130779,10,0.3,1.0,0.0,0.0,0.3
low,999,sensor_505_multivar_labeled,v75_selective_hybrid,31,1809,19,122,0.928823826350328,0.62,0.2026143790849673,0.3054187192118227,0.0103938730853391,0.7973856209150327,0.9896061269146608,0.5961102529998141,0.3271578822014623,0.2901833500622764,0.5091549749002445,0.2002253186218708,10,0.6,0.5,4.833333333333333,3.0,0.3
low,999,sensor_506_multivar_labeled,single_agent_rl_refactored,129,5249,257,94,0.9387327631349276,0.3341968911917098,0.57847533632287,0.4236453201970444,0.0466763530693788,0.42152466367713,0.9533236469306212,0.7658994916267455,0.4103286093013423,0.4096448933573496,0.7658994916267456,0.2097324090738195,16,0.1875,0.1041666666666666,13.666666666666666,4.0,0.125
low,999,sensor_506_multivar_labeled,or_all,135,5289,217,88,0.9467620876243672,0.3835227272727273,0.6053811659192825,0.4695652173913043,0.0394115510352342,0.3946188340807174,0.9605884489647656,0.782984807442024,0.4558503588262247,0.4465059515892573,0.782984807442024,0.2475378826422695,16,0.6875,0.25,3.727272727272727,0.0,0.625
low,999,sensor_506_multivar_labeled,majority,110,5445,61,113,0.9696282073660324,0.6432748538011696,0.4932735426008968,0.5583756345177664,0.0110788231020704,0.5067264573991032,0.9889211768979296,0.7410973597494133,0.548069530850417,0.4946344440732323,0.7410973597494133,0.3370346761594178,16,0.1875,0.3333333333333333,15.666666666666666,8.0,0.125
low,999,sensor_506_multivar_labeled,v73_confidence_hybrid_reference,124,5360,146,99,0.9572351195671148,0.4592592592592592,0.5560538116591929,0.5030425963488844,0.0265165274246276,0.4439461883408072,0.9734834725753724,0.7647686421172826,0.4833131923095252,0.4594225480011819,0.8158934647730401,0.3489258740920421,16,0.8125,0.3260869565217391,3.3076923076923075,0.0,0.75
low,999,sensor_506_multivar_labeled,v75_selective_coordinator,102,5410,96,121,0.9621225344737302,0.5151515151515151,0.4573991031390134,0.4845605700712589,0.0174355248819469,0.5426008968609866,0.982564475118053,0.7199817891285332,0.4658572259196492,0.4308011622583031,0.8158356395550553,0.3895235528831616,16,0.8125,0.3611111111111111,4.769230769230769,0.0,0.75
low,999,sensor_506_multivar_labeled,v75_selective_hybrid,124,5360,146,99,0.9572351195671148,0.4592592592592592,0.5560538116591929,0.5030425963488844,0.0265165274246276,0.4439461883408072,0.9734834725753724,0.7647686421172826,0.4833131923095252,0.4594225480011819,0.8156963703680778,0.3451211371209647,16,0.8125,0.3260869565217391,3.3076923076923075,0.0,0.75
low,999,sensor_507_multivar_labeled,single_agent_rl_refactored,37,1779,114,67,0.9093640460691036,0.2450331125827814,0.3557692307692308,0.2901960784313726,0.0602218700475435,0.6442307692307693,0.9397781299524564,0.6477736803608436,0.2483789232477665,0.2680517844075497,0.6477736803608436,0.1207255674647988,9,0.2222222222222222,0.2307692307692307,7.5,7.5,0.1111111111111111
low,999,sensor_507_multivar_labeled,or_all,42,1727,166,62,0.885828743114672,0.2019230769230769,0.4038461538461538,0.2692307692307692,0.0876914949815108,0.5961538461538461,0.9123085050184891,0.6580773294323214,0.2299612839757634,0.2638270043480027,0.6580773294323214,0.1125924278429478,9,0.5555555555555556,0.1333333333333333,3.0,0.0,0.4444444444444444
low,999,sensor_507_multivar_labeled,majority,18,1834,59,86,0.927391086629945,0.2337662337662337,0.173076923076923,0.1988950276243093,0.0311674590596936,0.8269230769230769,0.9688325409403064,0.5709547320086147,0.1637598226977164,0.1733740285129818,0.5709547320086147,0.0835241373548834,9,0.2222222222222222,0.25,8.0,8.0,0.1111111111111111
low,999,sensor_507_multivar_labeled,v73_confidence_hybrid_reference,16,1852,41,88,0.9354031046569856,0.2807017543859649,0.1538461538461538,0.1987577639751552,0.0216587427363972,0.8461538461538461,0.9783412572636028,0.5660937055548783,0.1763777429772919,0.175534228826921,0.6553826851964728,0.1141047209242973,9,0.5555555555555556,0.5,6.4,0.0,0.4444444444444444
low,999,sensor_507_multivar_labeled,v75_selective_coordinator,4,1890,3,100,0.9484226339509264,0.5714285714285714,0.0384615384615384,0.072072072072072,0.0015847860538827,0.9615384615384616,0.9984152139461172,0.5184383762038279,0.1386337866869716,0.1295267010797914,0.6539706001869235,0.1376294488570039,9,0.4444444444444444,0.5714285714285714,8.0,0.0,0.3333333333333333
low,999,sensor_507_multivar_labeled,v75_selective_hybrid,16,1852,41,88,0.9354031046569856,0.2807017543859649,0.1538461538461538,0.1987577639751552,0.0216587427363972,0.8461538461538461,0.9783412572636028,0.5660937055548783,0.1763777429772919,0.175534228826921,0.654945853143159,0.1138880511665151,9,0.5555555555555556,0.5,6.4,0.0,0.4444444444444444
low,999,sensor_508_multivar_labeled,single_agent_rl_refactored,7,1720,3,211,0.889747552807831,0.7,0.0321100917431192,0.0614035087719298,0.0017411491584445,0.9678899082568808,0.9982588508415554,0.5151844712923374,0.1339397299984404,0.1420904915544597,0.5151844712923374,0.1311839163582566,13,0.5384615384615384,0.7,9.571428571428571,0.0,0.3846153846153846
low,999,sensor_508_multivar_labeled,or_all,37,1574,149,181,0.8299845440494591,0.1989247311827957,0.1697247706422018,0.1831683168316831,0.0864770748694138,0.8302752293577982,0.9135229251305862,0.5416238478863941,0.0892993040915642,0.1545341759573959,0.541623847886394,0.1270133559721765,13,0.7692307692307693,0.3235294117647059,5.7,0.0,0.5384615384615384
low,999,sensor_508_multivar_labeled,majority,10,1688,35,208,0.874806800618238,0.2222222222222222,0.0458715596330275,0.0760456273764258,0.02031340684852,0.9541284403669724,0.97968659315148,0.5127790763922537,0.0536259407644289,0.0792839928577812,0.5127790763922537,0.1173549370024279,13,0.3846153846153846,0.3846153846153846,3.0,0.0,0.2307692307692307
low,999,sensor_508_multivar_labeled,v73_confidence_hybrid_reference,8,1715,8,210,0.88768675940237,0.5,0.036697247706422,0.0683760683760683,0.0046430644225188,0.963302752293578,0.9953569355774812,0.5160270916419516,0.1119386959337295,0.1163140986389054,0.51381072058017,0.1705572646900265,13,0.4615384615384615,0.6666666666666666,10.166666666666666,0.0,0.3076923076923077
low,999,sensor_508_multivar_labeled,v75_selective_coordinator,5,1721,2,213,0.8892323544564658,0.7142857142857143,0.0229357798165137,0.0444444444444444,0.0011607661056297,0.9770642201834864,0.9988392338943702,0.510887506855442,0.114697002399289,0.1339075144772482,0.5134912436703637,0.1813118314302027,13,0.3846153846153846,0.7142857142857143,11.2,0.0,0.3076923076923077
low,999,sensor_508_multivar_labeled,v75_selective_hybrid,8,1715,8,210,0.88768675940237,0.5,0.036697247706422,0.0683760683760683,0.0046430644225188,0.963302752293578,0.9953569355774812,0.5160270916419516,0.1119386959337295,0.1163140986389054,0.5136350082797765,0.1672533904072121,13,0.4615384615384615,0.6666666666666666,10.166666666666666,0.0,0.3076923076923077
low,999,sensor_509_multivar_labeled,single_agent_rl_refactored,395,11046,1035,369,0.8906967691708836,0.2762237762237762,0.5170157068062827,0.3600729261622606,0.0856717159175565,0.4829842931937173,0.9143282840824436,0.7156719954443631,0.3243514897623992,0.3500039236567129,0.715671995444363,0.1715391620804833,42,0.2142857142857142,0.0921985815602836,2.111111111111111,0.0,0.2142857142857142
low,999,sensor_509_multivar_labeled,or_all,420,10789,1292,344,0.8726352666407162,0.2453271028037383,0.5497382198952879,0.3392568659127625,0.1069447893386309,0.450261780104712,0.8930552106613691,0.7213967152783285,0.3081351947659238,0.3436916421160271,0.7213967152783284,0.1616465333666091,42,0.9523809523809524,0.1512605042016806,0.025,0.0,0.9523809523809524
low,999,sensor_509_multivar_labeled,majority,324,11785,296,440,0.9427014402491242,0.5225806451612903,0.4240837696335078,0.4682080924855491,0.0245012830063736,0.5759162303664922,0.9754987169936264,0.6997912433135671,0.4409448635675229,0.4138557409821056,0.699791243313567,0.2558725437016211,42,0.7857142857142857,0.515625,1.181818181818182,0.0,0.7857142857142857
low,999,sensor_509_multivar_labeled,v73_confidence_hybrid_reference,390,11255,826,374,0.9065784351887894,0.3207236842105263,0.5104712041884817,0.393939393939394,0.0683718235245426,0.4895287958115183,0.9316281764754574,0.7210496903319695,0.3571741790762082,0.3716854588083964,0.7630926347503394,0.2455345293483703,42,0.9047619047619048,0.2789115646258503,0.631578947368421,0.0,0.9047619047619048
low,999,sensor_509_multivar_labeled,v75_selective_coordinator,64,11865,216,700,0.9286882055274426,0.2285714285714285,0.0837696335078534,0.1226053639846743,0.0178793146262726,0.9162303664921466,0.9821206853737272,0.5329451594407904,0.1067233548088834,0.1128010866685464,0.7196754585431409,0.1977251345518403,42,0.8571428571428571,0.4105263157894737,2.5,0.0,0.8333333333333334
low,999,sensor_509_multivar_labeled,v75_selective_hybrid,390,11255,826,374,0.9065784351887894,0.3207236842105263,0.5104712041884817,0.393939393939394,0.0683718235245426,0.4895287958115183,0.9316281764754574,0.7210496903319695,0.3571741790762082,0.3716854588083964,0.7611548530837441,0.2398259203183589,42,0.9047619047619048,0.2789115646258503,0.631578947368421,0.0,0.9047619047619048
low,999,sensor_510_multivar_labeled,single_agent_rl_refactored,89,8486,752,289,0.8917429284525791,0.1058263971462544,0.2354497354497354,0.1460213289581624,0.0814029010608356,0.7645502645502645,0.9185970989391644,0.5770234171944498,0.1059658915752637,0.1440781881319482,0.5770234171944498,0.0549708737507857,28,0.1071428571428571,0.0454545454545454,2.0,1.0,0.1071428571428571
low,999,sensor_510_multivar_labeled,or_all,130,7979,1259,248,0.8432820299500832,0.093592512598992,0.3439153439153439,0.1471420486700622,0.1362849101537129,0.656084656084656,0.8637150898462871,0.6038152168808155,0.1147767752198884,0.1697989109506087,0.6038152168808155,0.0579782505760207,28,0.9285714285714286,0.1081967213114754,2.8461538461538463,0.0,0.8928571428571429
low,999,sensor_510_multivar_labeled,majority,88,8985,253,290,0.9435316139767056,0.2580645161290322,0.2328042328042328,0.2447844228094575,0.0273868802771162,0.7671957671957672,0.9726131197228838,0.6027086762635583,0.2158429449461581,0.2159652494971689,0.6027086762635583,0.0902365815749423,28,0.7857142857142857,0.5238095238095238,11.818181818181818,0.0,0.75
low,999,sensor_510_multivar_labeled,v73_confidence_hybrid_reference,102,8658,580,276,0.910981697171381,0.1495601173020528,0.2698412698412698,0.1924528301886792,0.0627841524139424,0.7301587301587301,0.9372158475860576,0.6035285587136637,0.1567508415489136,0.1837117568912002,0.6121427655038826,0.0829588934247143,28,0.9285714285714286,0.2574257425742574,9.846153846153848,0.0,0.8928571428571429
low,999,sensor_510_multivar_labeled,v75_selective_coordinator,27,9113,125,351,0.9504991680532446,0.1776315789473684,0.0714285714285714,0.1018867924528301,0.013531067330591,0.9285714285714286,0.9864689326694088,0.5289487520489902,0.0902060282239527,0.0925692581413911,0.606498663789203,0.1210543086428348,28,0.9285714285714286,0.4655172413793103,10.5,0.0,0.8571428571428571
low,999,sensor_510_multivar_labeled,v75_selective_hybrid,102,8659,579,276,0.911085690515807,0.1497797356828193,0.2698412698412698,0.1926345609065155,0.0626759038752976,0.7301587301587301,0.9373240961247024,0.6035826829829861,0.1569391138367279,0.1838373033252061,0.6111894337971412,0.0775434977176774,28,0.9285714285714286,0.2574257425742574,9.846153846153848,0.0,0.8928571428571429
low,999,sensor_511_multivar_labeled,single_agent_rl_refactored,26,3727,275,33,0.924156611672002,0.0863787375415282,0.4406779661016949,0.1444444444444444,0.0687156421789105,0.559322033898305,0.9312843578210894,0.6859811619613921,0.1698972424853941,0.2032886362438466,0.6859811619613921,0.0461912836950897,13,0.1538461538461538,0.0454545454545454,3.5,3.5,0.1538461538461538
low,999,sensor_511_multivar_labeled,or_all,37,3499,503,22,0.8707214971681851,0.0685185185185185,0.6271186440677966,0.1235392320534223,0.1256871564217891,0.3728813559322034,0.8743128435782109,0.7507157438230038,0.1767039500044832,0.2414373097799779,0.7507157438230038,0.0483866253074388,13,0.7692307692307693,0.116504854368932,0.0,0.0,0.7692307692307693
low,999,sensor_511_multivar_labeled,majority,16,3934,68,43,0.9726668308298448,0.1904761904761904,0.2711864406779661,0.2237762237762237,0.016991504247876,0.7288135593220338,0.983008495752124,0.627097468215045,0.2137046659983635,0.2089275110493315,0.627097468215045,0.0622430851229802,13,0.6153846153846154,0.5,1.75,0.0,0.5384615384615384
low,999,sensor_511_multivar_labeled,v73_confidence_hybrid_reference,33,3487,515,26,0.8667815808914061,0.0602189781021897,0.559322033898305,0.1087314662273476,0.1286856571714142,0.4406779661016949,0.8713143428285857,0.7153181883634454,0.1508154751159792,0.2128900509699849,0.8131908621960205,0.1413889970864501,13,0.6923076923076923,0.15,0.7777777777777778,0.0,0.6923076923076923
low,999,sensor_511_multivar_labeled,v75_selective_coordinator,38,3472,530,21,0.8643191332184191,0.0669014084507042,0.6440677966101694,0.1212121212121211,0.1324337831084457,0.3559322033898305,0.8675662168915542,0.7558170067508618,0.1765023516034718,0.2445576264852664,0.809574026546049,0.1191515144244374,13,0.6923076923076923,0.1343283582089552,0.7777777777777778,0.0,0.6923076923076923
low,999,sensor_511_multivar_labeled,v75_selective_hybrid,38,3472,530,21,0.8643191332184191,0.0669014084507042,0.6440677966101694,0.1212121212121211,0.1324337831084457,0.3559322033898305,0.8675662168915542,0.7558170067508618,0.1765023516034718,0.2445576264852664,0.8120981881940386,0.1267570227599272,13,0.6923076923076923,0.1343283582089552,0.7777777777777778,0.0,0.6923076923076923
medium,123,sensor_501_multivar_labeled,single_agent_rl_refactored,0,1592,73,80,0.912320916905444,0.0,0.0,0.0,0.0438438438438438,1.0,0.956156156156156,0.478078078078078,-0.0458016546805438,-0.0043843843843843,0.478078078078078,0.0458452722063037,13,0.0,0.0,,,0.0
medium,123,sensor_501_multivar_labeled,or_all,42,1466,199,38,0.8641833810888252,0.1742738589211618,0.525,0.2616822429906542,0.1195195195195195,0.475,0.8804804804804804,0.7027402402402403,0.245804384593133,0.2894461362320167,0.7027402402402402,0.1132702802316042,13,0.7692307692307693,0.2075471698113207,1.6,0.0,0.6153846153846154
medium,123,sensor_501_multivar_labeled,majority,13,1632,33,67,0.9426934097421203,0.2826086956521739,0.1625,0.2063492063492063,0.0198198198198198,0.8375,0.9801801801801802,0.5713400900900901,0.1862688169537834,0.1820164652229869,0.5713400900900901,0.0843193285162576,13,0.4615384615384615,0.5454545454545454,4.333333333333333,0.0,0.3846153846153846
medium,123,sensor_501_multivar_labeled,v73_confidence_hybrid_reference,40,1564,101,40,0.9191977077363896,0.2836879432624113,0.5,0.3619909502262444,0.0606606606606606,0.5,0.9393393393393392,0.7196696696696696,0.3371634326570517,0.3493830530251056,0.8229166666666665,0.2006055578295183,13,0.8461538461538461,0.1967213114754098,1.6363636363636365,0.0,0.6923076923076923
medium,123,sensor_501_multivar_labeled,v75_selective_coordinator,41,1495,170,39,0.8802292263610315,0.1943127962085308,0.5125,0.281786941580756,0.1021021021021021,0.4875,0.8978978978978979,0.705198948948949,0.2632711876313713,0.2994908329324095,0.8238551051051051,0.2598492482605701,13,0.8461538461538461,0.1111111111111111,1.6363636363636365,0.0,0.6923076923076923
medium,123,sensor_501_multivar_labeled,v75_selective_hybrid,41,1495,170,39,0.8802292263610315,0.1943127962085308,0.5125,0.281786941580756,0.1021021021021021,0.4875,0.8978978978978979,0.705198948948949,0.2632711876313713,0.2994908329324095,0.8229692192192191,0.2012090543345495,13,0.8461538461538461,0.1111111111111111,1.6363636363636365,0.0,0.6923076923076923
medium,123,sensor_502_multivar_labeled,single_agent_rl_refactored,5,1513,3,426,0.7796610169491526,0.625,0.0116009280742459,0.0227790432801822,0.0019788918205804,0.988399071925754,0.9980211081794196,0.5048110181268327,0.0624484015614562,0.1072829587162977,0.5048110181268327,0.2260487310479445,11,0.3636363636363636,0.625,3.5,0.0,0.3636363636363636
medium,123,sensor_502_multivar_labeled,or_all,97,1393,123,334,0.7652799178222907,0.4409090909090909,0.2250580046403712,0.2980030721966206,0.0811345646437994,0.7749419953596288,0.9188654353562006,0.5719617199982859,0.1887392640685032,0.2596416910525743,0.5719617199982858,0.2707760883839377,11,0.6363636363636364,0.6,1.4285714285714286,0.0,0.6363636363636364
medium,123,sensor_502_multivar_labeled,majority,37,1423,93,394,0.7498715973292245,0.2846153846153846,0.0858468677494199,0.1319073083778966,0.0613456464379947,0.91415313225058,0.9386543535620052,0.5122506106557126,0.0407499264379402,0.1216700921433876,0.5122506106557126,0.2267959484247974,11,0.1818181818181818,0.3,6.0,6.0,0.1818181818181818
medium,123,sensor_502_multivar_labeled,v73_confidence_hybrid_reference,88,1393,123,343,0.7606574216743708,0.4170616113744075,0.2041763341067285,0.2741433021806853,0.0811345646437994,0.7958236658932715,0.9188654353562006,0.5615208847314646,0.1643329743122033,0.2390631714551081,0.5256620793515724,0.2648826527105273,11,0.5454545454545454,0.4545454545454545,2.0,0.0,0.5454545454545454
medium,123,sensor_502_multivar_labeled,v75_selective_coordinator,88,1393,123,343,0.7606574216743708,0.4170616113744075,0.2041763341067285,0.2741433021806853,0.0811345646437994,0.7958236658932715,0.9188654353562006,0.5615208847314646,0.1643329743122033,0.2390631714551081,0.5274098708899351,0.2888011331336448,11,0.5454545454545454,0.4545454545454545,2.0,0.0,0.5454545454545454
medium,123,sensor_502_multivar_labeled,v75_selective_hybrid,88,1393,123,343,0.7606574216743708,0.4170616113744075,0.2041763341067285,0.2741433021806853,0.0811345646437994,0.7958236658932715,0.9188654353562006,0.5615208847314646,0.1643329743122033,0.2390631714551081,0.5248126710295135,0.2637450816639399,11,0.5454545454545454,0.4545454545454545,2.0,0.0,0.5454545454545454
medium,123,sensor_505_multivar_labeled,single_agent_rl_refactored,0,1926,43,12,0.97223624432105,0.0,0.0,0.0,0.0218384966988318,1.0,0.978161503301168,0.489080751650584,-0.0116285377316345,-0.0021838496698831,0.489080751650584,0.006057546693589,12,0.0,0.0,,,0.0
medium,123,sensor_505_multivar_labeled,or_all,9,1766,203,3,0.8960121150933872,0.0424528301886792,0.75,0.0803571428571428,0.1030980192991366,0.25,0.8969019807008634,0.8234509903504317,0.162375355550791,0.2572188368841024,0.8234509903504317,0.0333540093149067,12,0.75,0.12,0.0,0.0,0.75
medium,123,sensor_505_multivar_labeled,majority,6,1969,0,6,0.9969712266532056,1.0,0.5,0.6666666666666666,0.0,0.5,1.0,0.75,0.7060318779334457,0.6,0.75,0.5030287733467945,12,0.5,1.0,0.0,0.0,0.5
medium,123,sensor_505_multivar_labeled,v73_confidence_hybrid_reference,11,1809,160,1,0.9187279151943464,0.0643274853801169,0.9166666666666666,0.1202185792349726,0.0812595226003047,0.0833333333333333,0.9187404773996952,0.917703572033181,0.2308204712282907,0.3306215312027247,0.9708396817335364,0.2338452891509819,12,0.9166666666666666,0.136986301369863,0.0,0.0,0.9166666666666666
medium,123,sensor_505_multivar_labeled,v75_selective_coordinator,11,1809,160,1,0.9187279151943464,0.0643274853801169,0.9166666666666666,0.1202185792349726,0.0812595226003047,0.0833333333333333,0.9187404773996952,0.917703572033181,0.2308204712282907,0.3306215312027247,0.976193499238192,0.8023843830461479,12,0.9166666666666666,0.136986301369863,0.0,0.0,0.9166666666666666
medium,123,sensor_505_multivar_labeled,v75_selective_hybrid,11,1809,160,1,0.9187279151943464,0.0643274853801169,0.9166666666666666,0.1202185792349726,0.0812595226003047,0.0833333333333333,0.9187404773996952,0.917703572033181,0.2308204712282907,0.3306215312027247,0.9689986456746232,0.1988900664983908,12,0.9166666666666666,0.136986301369863,0.0,0.0,0.9166666666666666
medium,123,sensor_506_multivar_labeled,single_agent_rl_refactored,16,4495,7,1211,0.7873974515622273,0.6956521739130435,0.0130399348003259,0.0256,0.0015548645046645,0.986960065199674,0.9984451354953354,0.5057425351478307,0.0745124567427827,0.1196243200765878,0.5057425351478307,0.22045195370265,18,0.8888888888888888,0.6956521739130435,26.25,0.0,0.7777777777777778
medium,123,sensor_506_multivar_labeled,or_all,234,4425,77,993,0.8132309303543376,0.752411575562701,0.1907090464547677,0.3042912873862158,0.0171035095513105,0.8092909535452323,0.9828964904486894,0.5868027684517285,0.314332223120681,0.3052951786395015,0.5868027684517285,0.316820372769562,18,1.0,0.5405405405405406,7.611111111111111,0.0,0.9444444444444444
medium,123,sensor_506_multivar_labeled,majority,192,4473,29,1035,0.8142782335486123,0.8687782805429864,0.1564792176039119,0.2651933701657458,0.0064415815193247,0.843520782396088,0.9935584184806752,0.5750188180422936,0.3196186678597176,0.2959533657852747,0.5750188180422937,0.3166055466230315,18,0.1666666666666666,0.5,4.333333333333333,5.0,0.1666666666666666
medium,123,sensor_506_multivar_labeled,v73_confidence_hybrid_reference,390,3799,703,837,0.7311921801361494,0.3568161024702653,0.3178484107579462,0.3362068965517241,0.1561528209684584,0.6821515892420538,0.8438471790315415,0.5808477948947439,0.1688268070266695,0.2845547599493537,0.5999855357231433,0.360993071749106,18,1.0,0.2765151515151515,3.0,0.0,0.9444444444444444
medium,123,sensor_506_multivar_labeled,v75_selective_coordinator,390,3802,700,837,0.7317158317332868,0.3577981651376147,0.3178484107579462,0.3366422097539922,0.1554864504664593,0.6821515892420538,0.8445135495335406,0.5811809801457435,0.1697007952997546,0.2849645973406766,0.5999414549795311,0.3720625393808579,18,1.0,0.2673992673992674,3.0,0.0,0.9444444444444444
medium,123,sensor_506_multivar_labeled,v75_selective_hybrid,390,3802,700,837,0.7317158317332868,0.3577981651376147,0.3178484107579462,0.3366422097539922,0.1554864504664593,0.6821515892420538,0.8445135495335406,0.5811809801457435,0.1697007952997546,0.2849645973406766,0.5996294502090352,0.3596663242180252,18,1.0,0.2673992673992674,3.0,0.0,0.9444444444444444
medium,123,sensor_507_multivar_labeled,single_agent_rl_refactored,9,1876,3,109,0.943915873810716,0.75,0.0762711864406779,0.1384615384615384,0.001596593932943,0.923728813559322,0.9984034060670568,0.5373372962538674,0.2278276216687474,0.1975293888466014,0.5373372962538674,0.1117852626397223,14,0.6428571428571429,0.75,5.0,0.0,0.5714285714285714
medium,123,sensor_507_multivar_labeled,or_all,89,1486,393,29,0.7886830245368052,0.1846473029045643,0.7542372881355932,0.2966666666666667,0.2091538052155401,0.2457627118644068,0.7908461947844598,0.7725417414600265,0.3003568772673574,0.3665529013548086,0.7725417414600265,0.153789663678301,14,0.8571428571428571,0.1160714285714285,0.75,0.0,0.8571428571428571
medium,123,sensor_507_multivar_labeled,majority,21,1842,37,97,0.9328993490235352,0.3620689655172414,0.1779661016949152,0.2386363636363636,0.0196913251729643,0.8220338983050848,0.9803086748270357,0.5791373882609755,0.2222353806801951,0.2131174064551279,0.5791373882609755,0.1130088616267475,14,0.5714285714285714,0.5625,4.125,0.0,0.4285714285714285
medium,123,sensor_507_multivar_labeled,v73_confidence_hybrid_reference,18,1829,50,100,0.9248873309964948,0.2647058823529412,0.1525423728813559,0.1935483870967742,0.0266098988823842,0.847457627118644,0.9733901011176156,0.5629662369994858,0.1637274729941192,0.1699043785226579,0.2624299798847205,0.0748975195469082,14,0.7142857142857143,0.6470588235294118,3.3,0.0,0.5714285714285714
medium,123,sensor_507_multivar_labeled,v75_selective_coordinator,9,1877,2,109,0.944416624937406,0.8181818181818182,0.0762711864406779,0.1395348837209302,0.0010643959552953,0.923728813559322,0.9989356040447046,0.5376033952426913,0.2395937496083802,0.2082928867383652,0.1950122225128764,0.1125328311839231,14,0.6428571428571429,0.8181818181818182,5.0,0.0,0.5714285714285714
medium,123,sensor_507_multivar_labeled,v75_selective_hybrid,17,1829,50,101,0.9243865798698048,0.2537313432835821,0.1440677966101695,0.1837837837837838,0.0266098988823842,0.8559322033898306,0.9733901011176156,0.5587289488638926,0.1538050380146795,0.1613217532900524,0.2538110787382397,0.0678044680100911,14,0.7142857142857143,0.625,6.0,0.0,0.5714285714285714
medium,123,sensor_508_multivar_labeled,single_agent_rl_refactored,9,1669,2,261,0.8645028335909325,0.8181818181818182,0.0333333333333333,0.0640569395017793,0.0011968880909634,0.9666666666666668,0.9988031119090364,0.5160682226211849,0.1481470287823172,0.1614332066939771,0.516068222621185,0.1617394969790642,12,0.75,0.8181818181818182,0.0,0.0,0.75
medium,123,sensor_508_multivar_labeled,or_all,60,1660,11,210,0.8861411643482741,0.8450704225352113,0.2222222222222222,0.3519061583577713,0.0065828845002992,0.7777777777777778,0.9934171154997008,0.6078196688609615,0.3975100551342827,0.3511267128579155,0.6078196688609615,0.2959850810167548,12,0.8333333333333334,0.6842105263157895,0.2,0.0,0.8333333333333334
medium,123,sensor_508_multivar_labeled,majority,30,1671,0,240,0.8763523956723338,1.0,0.1111111111111111,0.1999999999999999,0.0,0.8888888888888888,1.0,0.5555555555555556,0.3116998739854184,0.2733333333333333,0.5555555555555556,0.2347587154387772,12,0.0833333333333333,1.0,4.0,4.0,0.0833333333333333
medium,123,sensor_508_multivar_labeled,v73_confidence_hybrid_reference,41,1662,9,229,0.8773827923750644,0.82,0.1518518518518518,0.25625,0.0053859964093357,0.8481481481481481,0.9946140035906644,0.5732329277212581,0.3199452986280507,0.283329455914622,0.6639359886517278,0.3785314655527947,12,0.8333333333333334,0.5714285714285714,0.4,0.0,0.8333333333333334
medium,123,sensor_508_multivar_labeled,v75_selective_coordinator,41,1662,9,229,0.8773827923750644,0.82,0.1518518518518518,0.25625,0.0053859964093357,0.8481481481481481,0.9946140035906644,0.5732329277212581,0.3199452986280507,0.283329455914622,0.6639448544894386,0.3687102232136726,12,0.8333333333333334,0.5714285714285714,0.4,0.0,0.8333333333333334
medium,123,sensor_508_multivar_labeled,v75_selective_hybrid,41,1662,9,229,0.8773827923750644,0.82,0.1518518518518518,0.25625,0.0053859964093357,0.8481481481481481,0.9946140035906644,0.5732329277212581,0.3199452986280507,0.283329455914622,0.6640689762173904,0.3790043692509025,12,0.8333333333333334,0.5714285714285714,0.4,0.0,0.8333333333333334
medium,123,sensor_509_multivar_labeled,single_agent_rl_refactored,558,9941,789,1557,0.8173608407940833,0.4142538975501114,0.2638297872340425,0.3223570190641248,0.0735321528424976,0.7361702127659574,0.9264678471575024,0.5951488171957724,0.230352795119715,0.2789944640973358,0.5951488171957724,0.2305069979940645,67,0.0895522388059701,0.0991735537190082,47.833333333333336,5.0,0.0746268656716417
medium,123,sensor_509_multivar_labeled,or_all,591,10171,559,1524,0.8378357337485403,0.5139130434782608,0.2794326241134752,0.362021439509954,0.0520969245107176,0.7205673758865249,0.9479030754892824,0.6136678498013788,0.295306940383351,0.3186166990841892,0.6136678498013789,0.2622494576155103,67,0.8955223880597015,0.4964028776978417,2.6666666666666665,0.0,0.8805970149253731
medium,123,sensor_509_multivar_labeled,majority,488,10482,248,1627,0.8540288049824835,0.6630434782608695,0.2307328605200945,0.3423360224482638,0.0231127679403541,0.7692671394799054,0.976887232059646,0.6038100462898702,0.3313075862537695,0.3204163132028421,0.6038100462898701,0.2796499900115232,67,0.1492537313432835,0.3235294117647059,90.8,0.0,0.1194029850746268
medium,123,sensor_509_multivar_labeled,v73_confidence_hybrid_reference,549,10291,439,1566,0.843908135461269,0.555668016194332,0.2595744680851063,0.3538511118272639,0.0409133271202236,0.7404255319148936,0.9590866728797764,0.6093305704824413,0.304341218104005,0.3163642104649281,0.6090015180257293,0.3258847555261422,67,0.8955223880597015,0.5147058823529411,2.783333333333333,0.0,0.8805970149253731
medium,123,sensor_509_multivar_labeled,v75_selective_coordinator,548,10292,438,1567,0.843908135461269,0.5557809330628803,0.2591016548463357,0.3534343760077393,0.0408201304753028,0.7408983451536643,0.9591798695246972,0.6091407621855164,0.3040951774492735,0.3160610925692851,0.6094576748428545,0.3373289719324654,67,0.8955223880597015,0.5111111111111111,2.783333333333333,0.0,0.8805970149253731
medium,123,sensor_509_multivar_labeled,v75_selective_hybrid,549,10291,439,1566,0.843908135461269,0.555668016194332,0.2595744680851063,0.3538511118272639,0.0409133271202236,0.7404255319148936,0.9590866728797764,0.6093305704824413,0.304341218104005,0.3163642104649281,0.6089147988781151,0.3226626707606683,67,0.8955223880597015,0.5147058823529411,2.783333333333333,0.0,0.8805970149253731
medium,123,sensor_510_multivar_labeled,single_agent_rl_refactored,4,8611,694,307,0.8959026622296173,0.0057306590257879,0.0128617363344051,0.0079286422200198,0.0745835572272971,0.9871382636655948,0.9254164427727029,0.469139089553554,-0.0420838697604821,0.0008276530304689,0.469139089553554,0.0319996629641807,56,0.0357142857142857,0.0444444444444444,38.0,38.0,0.0178571428571428
medium,123,sensor_510_multivar_labeled,or_all,59,8188,1117,252,0.8576331114808652,0.0501700680272108,0.1897106109324758,0.0793544048419636,0.1200429876410532,0.8102893890675241,0.8799570123589469,0.5348338116457114,0.0376178953473641,0.0881438768986027,0.5348338116457114,0.0357241170513071,56,1.0,0.2192307692307692,1.0178571428571428,0.0,0.9821428571428572
medium,123,sensor_510_multivar_labeled,majority,33,9092,213,278,0.9489392678868552,0.1341463414634146,0.1061093247588424,0.118491921005386,0.0228909188608275,0.8938906752411575,0.9771090811391724,0.5416092029490075,0.0932438992826818,0.1029870212135058,0.5416092029490075,0.043144327461968,56,0.5892857142857143,0.6346153846153846,0.0,0.0,0.5892857142857143
medium,123,sensor_510_multivar_labeled,v73_confidence_hybrid_reference,55,8939,366,256,0.9353161397670549,0.1306413301662707,0.1768488745980707,0.1502732240437158,0.0393336915636754,0.8231511254019293,0.9606663084363246,0.5687575915171976,0.1188973348447009,0.1363404435676664,0.5842851490485875,0.0597369331037962,56,0.9821428571428572,0.5339805825242718,0.0,0.0,0.9821428571428572
medium,123,sensor_510_multivar_labeled,v75_selective_coordinator,52,8955,350,259,0.9366680532445923,0.1293532338308457,0.1672025723472668,0.1458625525946704,0.0376141859215475,0.8327974276527331,0.9623858140784524,0.5647941932128597,0.1145426786173553,0.1314404868542538,0.586067201017328,0.1306995961552808,56,0.9285714285714286,0.52,0.0,0.0,0.9285714285714286
medium,123,sensor_510_multivar_labeled,v75_selective_hybrid,53,8939,366,258,0.9351081530782028,0.1264916467780429,0.1704180064308681,0.1452054794520547,0.0393336915636754,0.8295819935691319,0.9606663084363246,0.5655421574335964,0.1135949453705115,0.1315082455430239,0.5831285603459745,0.0524381169205001,56,0.9464285714285714,0.5247524752475248,0.0,0.0,0.9464285714285714
medium,123,sensor_511_multivar_labeled,single_agent_rl_refactored,1,3788,249,23,0.933021423294755,0.004,0.0416666666666666,0.0072992700729927,0.0616794649492197,0.9583333333333334,0.9383205350507804,0.4899936008587234,-0.0063819490807794,0.0102167250379247,0.4899936008587235,0.0058302963145366,24,0.0416666666666666,0.025,0.0,0.0,0.0416666666666666
medium,123,sensor_511_multivar_labeled,or_all,23,3204,833,1,0.7946318640728884,0.0268691588785046,0.9583333333333334,0.0522727272727272,0.2063413425811246,0.0416666666666666,0.7936586574188754,0.8759959953761044,0.1413179443260266,0.2944189668463904,0.8759959953761045,0.025995855359199,24,0.9583333333333334,0.1284916201117318,0.0,0.0,0.9583333333333334
medium,123,sensor_511_multivar_labeled,majority,13,3959,78,11,0.978084215710416,0.1428571428571428,0.5416666666666666,0.2260869565217391,0.019321278176864,0.4583333333333333,0.980678721823136,0.7611726942449013,0.2705059429687064,0.2837355740456675,0.7611726942449012,0.080089644821238,24,0.5416666666666666,0.5652173913043478,0.0,0.0,0.5416666666666666
medium,123,sensor_511_multivar_labeled,v73_confidence_hybrid_reference,20,3801,236,4,0.9409012558483132,0.078125,0.8333333333333334,0.1428571428571428,0.0584592519197423,0.1666666666666666,0.9415407480802576,0.8874370407067955,0.2443817761314047,0.32015853909374,0.9035845512344152,0.1216974468423664,24,0.8333333333333334,0.3389830508474576,0.0,0.0,0.8333333333333334
medium,123,sensor_511_multivar_labeled,v75_selective_coordinator,20,3801,236,4,0.9409012558483132,0.078125,0.8333333333333334,0.1428571428571428,0.0584592519197423,0.1666666666666666,0.9415407480802576,0.8874370407067955,0.2443817761314047,0.32015853909374,0.8969480224589217,0.1230532442580808,24,0.8333333333333334,0.3389830508474576,0.0,0.0,0.8333333333333334
medium,123,sensor_511_multivar_labeled,v75_selective_hybrid,20,3801,236,4,0.9409012558483132,0.078125,0.8333333333333334,0.1428571428571428,0.0584592519197423,0.1666666666666666,0.9415407480802576,0.8874370407067955,0.2443817761314047,0.32015853909374,0.8961120056147305,0.0818244354942818,24,0.8333333333333334,0.3389830508474576,0.0,0.0,0.8333333333333334
medium,321,sensor_501_multivar_labeled,single_agent_rl_refactored,0,1583,39,123,0.907163323782235,0.0,0.0,0.0,0.0240443896424167,1.0,0.9759556103575832,0.4879778051787916,-0.0416360882982439,-0.0024044389642416,0.4879778051787916,0.0704871060171919,9,0.0,0.0,,,0.0
medium,321,sensor_501_multivar_labeled,or_all,5,1587,35,118,0.912320916905444,0.125,0.040650406504065,0.0613496932515337,0.0215782983970406,0.959349593495935,0.9784217016029592,0.5095360540535121,0.0326200402904675,0.0563946540747056,0.5095360540535121,0.0727030773173061,9,0.5555555555555556,0.5,0.0,0.0,0.5555555555555556
medium,321,sensor_501_multivar_labeled,majority,0,1619,3,123,0.9277936962750716,0.0,0.0,0.0,0.001849568434032,1.0,0.998150431565968,0.4990752157829839,-0.0114278276738014,-0.0001849568434032,0.4990752157829839,0.0704871060171919,9,0.0,0.0,,,0.0
medium,321,sensor_501_multivar_labeled,v73_confidence_hybrid_reference,8,1515,107,115,0.8727793696275071,0.0695652173913043,0.065040650406504,0.0672268907563025,0.0659679408138101,0.934959349593496,0.93403205918619,0.499536354796347,-0.0009566454832887,0.053602284489602,0.5595445751004982,0.0837194580952914,9,0.6666666666666666,0.2105263157894736,1.8333333333333333,0.0,0.6666666666666666
medium,321,sensor_501_multivar_labeled,v75_selective_coordinator,8,1515,107,115,0.8727793696275071,0.0695652173913043,0.065040650406504,0.0672268907563025,0.0659679408138101,0.934959349593496,0.93403205918619,0.499536354796347,-0.0009566454832887,0.053602284489602,0.5597149960402192,0.0889558976697156,9,0.6666666666666666,0.2105263157894736,1.8333333333333333,0.0,0.6666666666666666
medium,321,sensor_501_multivar_labeled,v75_selective_hybrid,8,1515,107,115,0.8727793696275071,0.0695652173913043,0.065040650406504,0.0672268907563025,0.0659679408138101,0.934959349593496,0.93403205918619,0.499536354796347,-0.0009566454832887,0.053602284489602,0.5594192655859973,0.0833773957613591,9,0.6666666666666666,0.2105263157894736,1.8333333333333333,0.0,0.6666666666666666
medium,321,sensor_502_multivar_labeled,single_agent_rl_refactored,1,1773,132,41,0.911145351823318,0.0075187969924812,0.0238095238095238,0.0114285714285714,0.0692913385826771,0.9761904761904762,0.9307086614173228,0.4772590926134233,-0.0261918067979132,0.0064843999763187,0.4772590926134232,0.021237056983202,18,0.0555555555555555,0.1111111111111111,0.0,0.0,0.0555555555555555
medium,321,sensor_502_multivar_labeled,or_all,8,1788,117,34,0.9224447868515664,0.064,0.1904761904761904,0.0958083832335329,0.0614173228346456,0.8095238095238095,0.9385826771653544,0.5645294338207725,0.0764946025880276,0.1037148973144823,0.5645294338207724,0.0296532394159512,18,0.4444444444444444,0.5333333333333333,0.0,0.0,0.4444444444444444
medium,321,sensor_502_multivar_labeled,majority,1,1844,61,41,0.9476117103235748,0.0161290322580645,0.0238095238095238,0.0192307692307692,0.032020997375328,0.9761904761904762,0.967979002624672,0.4958942632170979,-0.0067942529612452,0.0150139583978801,0.4958942632170978,0.0214420625847635,18,0.0555555555555555,0.1428571428571428,0.0,0.0,0.0555555555555555
medium,321,sensor_502_multivar_labeled,v73_confidence_hybrid_reference,15,1708,197,27,0.8849512069851053,0.070754716981132,0.3571428571428571,0.1181102362204724,0.1034120734908136,0.6428571428571429,0.8965879265091864,0.6268653918260217,0.1183389266830021,0.1605644636401582,0.6287964004499438,0.0416246235705737,18,0.8333333333333334,0.2542372881355932,0.3333333333333333,0.0,0.8333333333333334
medium,321,sensor_502_multivar_labeled,v75_selective_coordinator,13,1715,190,29,0.8875192604006163,0.064039408866995,0.3095238095238095,0.1061224489795918,0.0997375328083989,0.6904761904761905,0.9002624671916011,0.6048931383577053,0.0997304896061949,0.1402444029471685,0.6366641669791275,0.2079527433573072,18,0.7222222222222222,0.26,0.0,0.0,0.7222222222222222
medium,321,sensor_502_multivar_labeled,v75_selective_hybrid,13,1715,190,29,0.8875192604006163,0.064039408866995,0.3095238095238095,0.1061224489795918,0.0997375328083989,0.6904761904761905,0.9002624671916011,0.6048931383577053,0.0997304896061949,0.1402444029471685,0.627809023872016,0.0396900529525639,18,0.7222222222222222,0.26,0.0,0.0,0.7222222222222222
medium,321,sensor_505_multivar_labeled,single_agent_rl_refactored,58,1736,147,40,0.90560323069157,0.2829268292682926,0.5918367346938775,0.3828382838283827,0.0780669144981412,0.4081632653061224,0.9219330855018588,0.7568849100978681,0.3657702473616049,0.3844605810713652,0.7568849100978682,0.1876383131034021,9,0.3333333333333333,0.2307692307692307,4.0,0.0,0.2222222222222222
medium,321,sensor_505_multivar_labeled,or_all,58,1860,23,40,0.9681978798586572,0.7160493827160493,0.5918367346938775,0.64804469273743,0.0122145512480084,0.4081632653061224,0.9877854487519916,0.7898110917229345,0.6346932600728263,0.5753570844226134,0.7898110917229344,0.4439761508581969,9,0.8888888888888888,0.4444444444444444,1.75,0.0,0.7777777777777778
medium,321,sensor_505_multivar_labeled,majority,6,1883,0,92,0.9535588086824835,1.0,0.0612244897959183,0.1153846153846153,0.0,0.9387755102040816,1.0,0.5306122448979592,0.2416040429346888,0.2202904238618524,0.5306122448979592,0.1076656811134347,9,0.4444444444444444,1.0,4.75,0.0,0.3333333333333333
medium,321,sensor_505_multivar_labeled,v73_confidence_hybrid_reference,20,1879,4,78,0.9586067642604744,0.8333333333333334,0.2040816326530612,0.3278688524590165,0.0021242697822623,0.7959183673469388,0.9978757302177376,0.6009786814353995,0.4003103835235946,0.3335530464242496,0.9161482436840908,0.6043113007871111,9,0.5555555555555556,0.8333333333333334,3.2,0.0,0.4444444444444444
medium,321,sensor_505_multivar_labeled,v75_selective_coordinator,20,1879,4,78,0.9586067642604744,0.8333333333333334,0.2040816326530612,0.3278688524590165,0.0021242697822623,0.7959183673469388,0.9978757302177376,0.6009786814353995,0.4003103835235946,0.3335530464242496,0.9179690463546012,0.626664531367116,9,0.5555555555555556,0.8333333333333334,3.2,0.0,0.4444444444444444
medium,321,sensor_505_multivar_labeled,v75_selective_hybrid,20,1879,4,78,0.9586067642604744,0.8333333333333334,0.2040816326530612,0.3278688524590165,0.0021242697822623,0.7959183673469388,0.9978757302177376,0.6009786814353995,0.4003103835235946,0.3335530464242496,0.9178931795766634,0.6143312863808097,9,0.5555555555555556,0.8333333333333334,3.2,0.0,0.4444444444444444
medium,321,sensor_506_multivar_labeled,single_agent_rl_refactored,99,4844,137,649,0.8628032815500087,0.4194915254237288,0.1323529411764706,0.2012195121951219,0.0275045171652278,0.8676470588235294,0.9724954828347722,0.5524242120056214,0.1777502317864966,0.1904279399377825,0.5524242120056213,0.168804232702486,29,0.1034482758620689,0.2142857142857142,3.0,0.0,0.1034482758620689
medium,321,sensor_506_multivar_labeled,or_all,408,4228,753,340,0.8092162681096178,0.3514211886304909,0.5454545454545454,0.4274489261393399,0.1511744629592451,0.4545454545454545,0.8488255370407549,0.6971400412476502,0.3304720626088222,0.3935841123977156,0.6971400412476502,0.2510314657164426,29,0.9310344827586208,0.31,3.962962962962963,0.0,0.896551724137931
medium,321,sensor_506_multivar_labeled,majority,97,4913,68,651,0.87449816721941,0.5878787878787879,0.1296791443850267,0.212486308871851,0.0136518771331058,0.8703208556149733,0.9863481228668942,0.5580136336259605,0.2337403018863842,0.2213392127763486,0.5580136336259605,0.1898680147930374,29,0.2068965517241379,0.4,20.166666666666668,0.0,0.1724137931034483
medium,321,sensor_506_multivar_labeled,v73_confidence_hybrid_reference,168,4874,107,580,0.880083784255542,0.610909090909091,0.2245989304812834,0.3284457478005865,0.02148163019474,0.7754010695187166,0.97851836980526,0.6015586501432717,0.3201341994209031,0.3046684662715386,0.7160023597692622,0.4215842921635988,29,0.9310344827586208,0.6716417910447762,4.7407407407407405,0.0,0.896551724137931
medium,321,sensor_506_multivar_labeled,v75_selective_coordinator,168,4894,87,580,0.8835747949031244,0.6588235294117647,0.2245989304812834,0.3349950149551346,0.0174663722144147,0.7754010695187166,0.9825336277855852,0.6035662791334343,0.3384035826001749,0.3152043280645188,0.7173157732001929,0.4540931343801435,29,0.9310344827586208,0.7142857142857143,4.7407407407407405,0.0,0.896551724137931
medium,321,sensor_506_multivar_labeled,v75_selective_hybrid,168,4874,107,580,0.880083784255542,0.610909090909091,0.2245989304812834,0.3284457478005865,0.02148163019474,0.7754010695187166,0.97851836980526,0.6015586501432717,0.3201341994209031,0.3046684662715386,0.7157983760750746,0.4174420531057574,29,0.9310344827586208,0.6716417910447762,4.7407407407407405,0.0,0.896551724137931
medium,321,sensor_507_multivar_labeled,single_agent_rl_refactored,61,1846,45,45,0.9549323985978968,0.5754716981132075,0.5754716981132075,0.5754716981132075,0.0237969328397673,0.4245283018867924,0.9762030671602326,0.7758373826367201,0.5516747652734403,0.51554483501791,0.7758373826367201,0.3537014760303502,16,0.125,0.2857142857142857,8.0,8.0,0.0625
medium,321,sensor_507_multivar_labeled,or_all,78,1822,69,28,0.9514271407110666,0.5306122448979592,0.7358490566037735,0.616600790513834,0.0364886303543098,0.2641509433962264,0.96351136964569,0.8496802131247319,0.6004200956043778,0.5741680464116202,0.8496802131247319,0.4044715513778947,16,0.6875,0.48,0.7272727272727273,0.0,0.6875
medium,321,sensor_507_multivar_labeled,majority,35,1846,45,71,0.941912869303956,0.4375,0.330188679245283,0.3763440860215054,0.0237969328397673,0.6698113207547169,0.9762030671602326,0.6531958732027578,0.3502835231536727,0.3316567491992855,0.6531958732027578,0.1800108771648038,16,0.125,0.4,9.0,9.0,0.0625
medium,321,sensor_507_multivar_labeled,v73_confidence_hybrid_reference,79,1752,139,27,0.916875312969454,0.3623853211009174,0.7452830188679245,0.4876543209876544,0.0735060814383923,0.2547169811320754,0.9264939185616076,0.8358884687147661,0.4829560004992987,0.4900365401261202,0.8980623210241163,0.4124654818604013,16,0.8125,0.2463768115942029,0.3076923076923077,0.0,0.8125
medium,321,sensor_507_multivar_labeled,v75_selective_coordinator,78,1761,130,28,0.9208813219829745,0.375,0.7358490566037735,0.4968152866242037,0.0687466948704389,0.2641509433962264,0.9312533051295612,0.8335511808666674,0.4896145749186679,0.4936969264749798,0.8978004050966346,0.4495004693333565,16,0.75,0.2424242424242424,0.3333333333333333,0.0,0.75
medium,321,sensor_507_multivar_labeled,v75_selective_hybrid,78,1761,130,28,0.9208813219829745,0.375,0.7358490566037735,0.4968152866242037,0.0687466948704389,0.2641509433962264,0.9312533051295612,0.8335511808666674,0.4896145749186679,0.4936969264749798,0.897513544795107,0.3979239724756784,16,0.75,0.2424242424242424,0.3333333333333333,0.0,0.75
medium,321,sensor_508_multivar_labeled,single_agent_rl_refactored,51,1281,455,154,0.6862442040185471,0.1007905138339921,0.248780487804878,0.1434599156118143,0.2620967741935484,0.751219512195122,0.7379032258064516,0.4933418568056648,-0.00932252826548,0.1281000080225238,0.4933418568056648,0.1044152593079773,16,0.75,0.1481481481481481,5.666666666666667,0.0,0.625
medium,321,sensor_508_multivar_labeled,or_all,98,1699,37,107,0.9258114374034004,0.725925925925926,0.4780487804878048,0.5764705882352942,0.0213133640552995,0.5219512195121951,0.9786866359447004,0.7283677082162527,0.5518114692512861,0.5095839513355828,0.7283677082162527,0.402154227209454,16,0.625,0.5217391304347826,1.5,0.0,0.5625
medium,321,sensor_508_multivar_labeled,majority,9,1730,6,196,0.8959299330242143,0.6,0.0439024390243902,0.0818181818181818,0.0034562211981566,0.9560975609756096,0.9965437788018432,0.5202231089131167,0.1419567135734851,0.1396432914056832,0.5202231089131168,0.1273203402822281,16,0.0625,0.5,12.0,12.0,0.0
medium,321,sensor_508_multivar_labeled,v73_confidence_hybrid_reference,52,1581,155,153,0.8413189077794951,0.251207729468599,0.2536585365853658,0.2524271844660194,0.0892857142857142,0.7463414634146341,0.9107142857142856,0.5821864111498258,0.1636711311003974,0.2184423819770369,0.6860809823536023,0.2942046221510001,16,0.6875,0.15625,4.0,0.0,0.625
medium,321,sensor_508_multivar_labeled,v75_selective_coordinator,52,1586,150,153,0.8438948995363215,0.2574257425742574,0.2536585365853658,0.2555282555282555,0.086405529953917,0.7463414634146341,0.913594470046083,0.5836265033157244,0.1683450104174724,0.2210585843540716,0.6859910644037316,0.2649000355788852,16,0.6875,0.1612903225806451,4.0,0.0,0.625
medium,321,sensor_508_multivar_labeled,v75_selective_hybrid,52,1585,151,153,0.8433797011849562,0.2561576354679803,0.2536585365853658,0.2549019607843137,0.0869815668202765,0.7463414634146341,0.9130184331797236,0.5833384848825447,0.1673996255474337,0.2205289319667203,0.6875028099359334,0.2936849976837326,16,0.6875,0.1612903225806451,4.0,0.0,0.625
medium,321,sensor_509_multivar_labeled,single_agent_rl_refactored,924,10329,820,772,0.8760607240171273,0.5298165137614679,0.5448113207547169,0.5372093023255813,0.0735491972374204,0.455188679245283,0.9264508027625796,0.7356310617586483,0.4657352675848482,0.4773051396134047,0.7356310617586483,0.3487512413152571,75,0.1066666666666666,0.134453781512605,0.75,0.0,0.1066666666666666
medium,321,sensor_509_multivar_labeled,or_all,1060,7785,3364,636,0.6885947839626314,0.2396021699819168,0.625,0.3464052287581699,0.3017310969593685,0.375,0.6982689030406315,0.6616344515203157,0.2303060879787752,0.3491495687425271,0.6616344515203159,0.1992647855886396,75,0.9466666666666668,0.2092511013215859,0.0,0.0,0.9466666666666668
medium,321,sensor_509_multivar_labeled,majority,364,10685,464,1332,0.8601790579992215,0.4396135265700483,0.2146226415094339,0.2884310618066561,0.0416180823392232,0.785377358490566,0.9583819176607768,0.5865022795851054,0.2384927772128557,0.2559609910174104,0.5865022795851054,0.1980489532561852,75,0.72,0.4778325123152709,0.2962962962962963,0.0,0.72
medium,321,sensor_509_multivar_labeled,v73_confidence_hybrid_reference,385,10632,517,1311,0.8576878162709225,0.4268292682926829,0.2270047169811321,0.2963818321785989,0.0463718719167638,0.7729952830188679,0.9536281280832362,0.5903164225321841,0.239313731807428,0.2608604426269352,0.7159467671607743,0.3291284315078333,75,0.88,0.5359477124183006,1.3484848484848484,0.0,0.88
medium,321,sensor_509_multivar_labeled,v75_selective_coordinator,81,11138,11,1615,0.8734137796808097,0.8804347826086957,0.0477594339622641,0.0906040268456375,0.0009866355726971,0.952240566037736,0.9990133644273028,0.5233863991947836,0.1877691076943415,0.1870661961032508,0.7182684492813469,0.3806229203374771,75,0.84,0.9036144578313252,3.365079365079365,0.0,0.8266666666666667
medium,321,sensor_509_multivar_labeled,v75_selective_hybrid,381,10632,517,1315,0.8573764110548852,0.4242761692650334,0.2246462264150943,0.2937548188126446,0.0463718719167638,0.7753537735849056,0.9536281280832362,0.5891371772491653,0.2366748737511854,0.2585877745882969,0.7153448221517457,0.3233287779445086,75,0.8533333333333334,0.5234899328859061,1.390625,0.0,0.8533333333333334
medium,321,sensor_510_multivar_labeled,single_agent_rl_refactored,328,8179,613,496,0.884671381031614,0.3485653560042508,0.3980582524271844,0.371671388101983,0.069722474977252,0.6019417475728155,0.930277525022748,0.6641678887249662,0.309311523987709,0.3319821562769601,0.6641678887249662,0.190330015302986,60,0.0833333333333333,0.1162790697674418,5.0,0.0,0.0833333333333333
medium,321,sensor_510_multivar_labeled,or_all,390,8408,384,434,0.9149334442595674,0.5038759689922481,0.4733009708737864,0.4881101376720901,0.0436760691537761,0.5266990291262136,0.9563239308462238,0.7148124508600051,0.4420293998754108,0.4328536416480361,0.714812450860005,0.2836180968048661,60,0.8,0.5853658536585366,0.375,0.0,0.8
medium,321,sensor_510_multivar_labeled,majority,328,8571,221,496,0.925436772046589,0.5974499089253188,0.3980582524271844,0.4777858703568827,0.0251364877161055,0.6019417475728155,0.9748635122838945,0.6864608823555395,0.4498908869775872,0.4215249549559399,0.6864608823555395,0.2894005654948674,60,0.1333333333333333,0.3809523809523809,3.5,0.0,0.1333333333333333
medium,321,sensor_510_multivar_labeled,v73_confidence_hybrid_reference,372,8374,418,452,0.9095257903494176,0.4708860759493671,0.4514563106796116,0.4609665427509293,0.0475432211101,0.5485436893203883,0.9524567788899,0.7019565447847558,0.411718010855122,0.4087504267231968,0.68232698028658,0.3198222372995483,60,0.8166666666666667,0.4579439252336448,0.5102040816326531,0.0,0.8166666666666667
medium,321,sensor_510_multivar_labeled,v75_selective_coordinator,372,8384,408,452,0.9105657237936772,0.4769230769230769,0.4514563106796116,0.4638403990024937,0.0464058234758871,0.5485436893203883,0.9535941765241128,0.7025252436018623,0.4152804146427969,0.4110629519458785,0.6795168213380214,0.3188681656740536,60,0.8166666666666667,0.4537037037037037,0.5102040816326531,0.0,0.8166666666666667
medium,321,sensor_510_multivar_labeled,v75_selective_hybrid,372,8374,418,452,0.9095257903494176,0.4708860759493671,0.4514563106796116,0.4609665427509293,0.0475432211101,0.5485436893203883,0.9524567788899,0.7019565447847558,0.411718010855122,0.4087504267231968,0.6818581488467009,0.3128064797605419,60,0.8166666666666667,0.4579439252336448,0.5102040816326531,0.0,0.8166666666666667
medium,321,sensor_511_multivar_labeled,single_agent_rl_refactored,82,3539,205,235,0.8916523023885743,0.2857142857142857,0.2586750788643533,0.271523178807947,0.0547542735042735,0.7413249211356467,0.9452457264957264,0.6019604026800399,0.2134603378775364,0.2371696696295976,0.6019604026800399,0.1317746857050085,21,0.1904761904761904,0.1351351351351351,30.75,5.0,0.1428571428571428
medium,321,sensor_511_multivar_labeled,or_all,123,3214,530,194,0.8217187884757449,0.1883614088820827,0.3880126182965299,0.2536082474226804,0.141559829059829,0.61198738170347,0.8584401709401709,0.6232263946183504,0.1799802725373769,0.2446257252554947,0.6232263946183505,0.1208580883023069,21,0.8571428571428571,0.1911764705882352,0.0,0.0,0.8571428571428571
medium,321,sensor_511_multivar_labeled,majority,53,3688,56,264,0.9212016744644176,0.4862385321100917,0.167192429022082,0.2488262910798122,0.0149572649572649,0.832807570977918,0.9850427350427352,0.5761175820324086,0.2526916049579155,0.2335696130133273,0.5761175820324086,0.1463040198344733,21,0.4285714285714285,0.6923076923076923,2.111111111111111,0.0,0.3809523809523809
medium,321,sensor_511_multivar_labeled,v73_confidence_hybrid_reference,55,3682,62,262,0.9202166953952228,0.4700854700854701,0.1735015772870662,0.2534562211981567,0.016559829059829,0.8264984227129337,0.9834401709401708,0.5784708741136185,0.2516950376413852,0.234962610332128,0.6404687036587667,0.2045065384488791,21,0.5238095238095238,0.6875,12.636363636363637,0.0,0.4285714285714285
medium,321,sensor_511_multivar_labeled,v75_selective_coordinator,48,3689,55,269,0.9202166953952228,0.4660194174757281,0.1514195583596214,0.2285714285714286,0.0146901709401709,0.8485804416403786,0.9853098290598292,0.5683646937097253,0.2332936467686077,0.2167169058923714,0.6408074159454286,0.1993772670078419,21,0.1904761904761904,0.4,34.75,9.5,0.0952380952380952
medium,321,sensor_511_multivar_labeled,v75_selective_hybrid,48,3682,62,269,0.918492982024132,0.4363636363636363,0.1514195583596214,0.2248243559718969,0.016559829059829,0.8485804416403786,0.9834401709401708,0.5674298646498962,0.2228588973031831,0.2103953902438026,0.640697460837445,0.1935791858583881,21,0.1904761904761904,0.4444444444444444,34.75,9.5,0.0952380952380952
medium,42,sensor_501_multivar_labeled,single_agent_rl_refactored,21,1661,38,25,0.9638968481375358,0.3559322033898305,0.4565217391304347,0.3999999999999999,0.022366097704532,0.5434782608695652,0.977633902295468,0.7170778207129513,0.3848276448955219,0.3681097424771518,0.7170778207129513,0.1768174360685229,13,0.1538461538461538,0.3333333333333333,3.0,3.0,0.1538461538461538
medium,42,sensor_501_multivar_labeled,or_all,34,1493,206,12,0.8750716332378223,0.1416666666666666,0.7391304347826086,0.2377622377622377,0.1212477928193054,0.2608695652173913,0.8787522071806946,0.8089413209816516,0.287413874530175,0.337857358145859,0.8089413209816517,0.1115869357584817,13,0.8461538461538461,0.1756756756756756,0.3636363636363636,0.0,0.8461538461538461
medium,42,sensor_501_multivar_labeled,majority,21,1684,15,25,0.9770773638968482,0.5833333333333334,0.4565217391304347,0.5121951219512195,0.0088287227781047,0.5434782608695652,0.9911712772218952,0.723846508176165,0.5045841953015369,0.4540614543393687,0.723846508176165,0.2806309953905569,13,0.5384615384615384,0.7777777777777778,1.1428571428571428,0.0,0.4615384615384615
medium,42,sensor_501_multivar_labeled,v73_confidence_hybrid_reference,25,1652,47,21,0.961031518624642,0.3472222222222222,0.5434782608695652,0.423728813559322,0.0276633313713949,0.4565217391304347,0.972336668628605,0.7579074647490851,0.4154849476079094,0.4030384445587583,0.6237236737722958,0.2493385216934097,13,0.8461538461538461,0.55,0.7272727272727273,0.0,0.7692307692307693
medium,42,sensor_501_multivar_labeled,v75_selective_coordinator,9,1677,22,37,0.966189111747851,0.2903225806451613,0.1956521739130435,0.2337662337662337,0.0129487934078869,0.8043478260869565,0.987051206592113,0.5913516902525783,0.2215827421620784,0.2061439651247037,0.336099239962126,0.1586525874519501,13,0.6923076923076923,0.5625,0.0,0.0,0.6923076923076923
medium,42,sensor_501_multivar_labeled,v75_selective_hybrid,25,1652,47,21,0.961031518624642,0.3472222222222222,0.5434782608695652,0.423728813559322,0.0276633313713949,0.4565217391304347,0.972336668628605,0.7579074647490851,0.4154849476079094,0.4030384445587583,0.6230263326253294,0.2313186918563512,13,0.8461538461538461,0.55,0.7272727272727273,0.0,0.7692307692307693
medium,42,sensor_502_multivar_labeled,single_agent_rl_refactored,0,1584,137,226,0.8135593220338984,0.0,0.0,0.0,0.0796048808832074,1.0,0.9203951191167926,0.4601975595583963,-0.09969761763005,-0.0079604880883207,0.4601975595583962,0.1160760143810991,13,0.0,0.0,,,0.0
medium,42,sensor_502_multivar_labeled,or_all,30,1494,227,196,0.7827426810477658,0.1167315175097276,0.1327433628318584,0.124223602484472,0.1319000581057524,0.8672566371681416,0.8680999418942476,0.500421652363053,0.0007980301049187,0.1000433517834538,0.500421652363053,0.11616302807074,13,1.0,0.2435897435897435,1.7692307692307692,0.0,1.0
medium,42,sensor_502_multivar_labeled,majority,7,1648,73,219,0.8500256805341551,0.0875,0.0309734513274336,0.0457516339869281,0.0424171993027309,0.9690265486725664,0.957582800697269,0.4942781260123513,-0.0184669760978918,0.0387635507620746,0.4942781260123513,0.1151909165905341,13,0.5384615384615384,0.4375,16.0,0.0,0.4615384615384615
medium,42,sensor_502_multivar_labeled,v73_confidence_hybrid_reference,11,1568,153,215,0.8109912686183872,0.0670731707317073,0.0486725663716814,0.0564102564102564,0.0889018012783265,0.9513274336283186,0.9110981987216734,0.4798853825466774,-0.0463968858973461,0.0411571807780432,0.5061062461112853,0.1152877452648015,13,0.7692307692307693,0.44,11.2,0.0,0.6923076923076923
medium,42,sensor_502_multivar_labeled,v75_selective_coordinator,11,1567,154,215,0.810477657935285,0.0666666666666666,0.0486725663716814,0.0562659846547314,0.0894828588030215,0.9513274336283186,0.9105171411969784,0.4795948537843299,-0.0469373470930088,0.0409731771258314,0.5101993592940922,0.1155329491977447,13,0.7692307692307693,0.4230769230769231,11.2,0.0,0.6923076923076923
medium,42,sensor_502_multivar_labeled,v75_selective_hybrid,11,1567,154,215,0.810477657935285,0.0666666666666666,0.0486725663716814,0.0562659846547314,0.0894828588030215,0.9513274336283186,0.9105171411969784,0.4795948537843299,-0.0469373470930088,0.0409731771258314,0.5098265568999295,0.1150396587722231,13,0.7692307692307693,0.4230769230769231,11.2,0.0,0.6923076923076923
medium,42,sensor_505_multivar_labeled,single_agent_rl_refactored,30,1867,42,42,0.9575971731448764,0.4166666666666667,0.4166666666666667,0.4166666666666667,0.0220010476689366,0.5833333333333334,0.9779989523310634,0.697332809498865,0.39466561899773,0.3727998952331063,0.697332809498865,0.1948125245386729,9,0.1111111111111111,0.1111111111111111,1.0,1.0,0.1111111111111111
medium,42,sensor_505_multivar_labeled,or_all,35,1734,175,37,0.8929833417465927,0.1666666666666666,0.4861111111111111,0.2482269503546099,0.0916710319539025,0.5138888888888888,0.9083289680460974,0.6972200395786042,0.2397901402679182,0.2733683577975175,0.6972200395786043,0.0996959541570849,9,0.6666666666666666,0.1034482758620689,0.3333333333333333,0.0,0.6666666666666666
medium,42,sensor_505_multivar_labeled,majority,19,1909,0,53,0.973245835436648,1.0,0.2638888888888889,0.4175824175824176,0.0,0.7361111111111112,1.0,0.6319444444444444,0.5067152966808495,0.4170787545787545,0.6319444444444444,0.2906430534522407,9,0.4444444444444444,1.0,2.5,0.5,0.3333333333333333
medium,42,sensor_505_multivar_labeled,v73_confidence_hybrid_reference,37,1781,128,35,0.917718324078748,0.2242424242424242,0.5138888888888888,0.3122362869198312,0.0670508119434258,0.4861111111111111,0.932949188056574,0.7234190384727315,0.3026352363424704,0.3216042782226117,0.7416441126826145,0.4134082299418292,9,0.7777777777777778,0.109375,0.1428571428571428,0.0,0.7777777777777778
medium,42,sensor_505_multivar_labeled,v75_selective_coordinator,37,1781,128,35,0.917718324078748,0.2242424242424242,0.5138888888888888,0.3122362869198312,0.0670508119434258,0.4861111111111111,0.932949188056574,0.7234190384727315,0.3026352363424704,0.3216042782226117,0.74198606018276,0.4624353374447723,9,0.7777777777777778,0.109375,0.1428571428571428,0.0,0.7777777777777778
medium,42,sensor_505_multivar_labeled,v75_selective_hybrid,37,1781,128,35,0.917718324078748,0.2242424242424242,0.5138888888888888,0.3122362869198312,0.0670508119434258,0.4861111111111111,0.932949188056574,0.7234190384727315,0.3026352363424704,0.3216042782226117,0.7416222862464349,0.4092394437436104,9,0.7777777777777778,0.109375,0.1428571428571428,0.0,0.7777777777777778
medium,42,sensor_506_multivar_labeled,single_agent_rl_refactored,580,4249,657,243,0.8429045208587886,0.4688763136620857,0.7047387606318347,0.5631067961165048,0.1339176518548716,0.2952612393681652,0.8660823481451284,0.7854105543884815,0.4865853069604677,0.5217593683058033,0.7854105543884816,0.3728510915479687,29,0.3793103448275862,0.1641791044776119,8.0,0.0,0.3793103448275862
medium,42,sensor_506_multivar_labeled,or_all,621,3760,1146,202,0.7647058823529411,0.3514431239388794,0.7545565006075334,0.4795366795366795,0.2335915205870362,0.2454434993924666,0.7664084794129638,0.7604824900102486,0.3956368264774555,0.471515772505894,0.7604824900102487,0.3004429013024835,29,0.9310344827586208,0.1485943775100401,0.8148148148148148,0.0,0.9310344827586208
medium,42,sensor_506_multivar_labeled,majority,443,4836,70,380,0.9214522604293944,0.8635477582846004,0.5382746051032807,0.6631736526946108,0.0142682429677945,0.4617253948967193,0.9857317570322056,0.7620031810677431,0.6436840911690037,0.5880158646894698,0.7620031810677431,0.5311550308825337,29,0.6896551724137931,0.6382978723404256,5.45,0.0,0.6896551724137931
medium,42,sensor_506_multivar_labeled,v73_confidence_hybrid_reference,459,4821,85,364,0.9216268109617736,0.84375,0.5577156743620899,0.6715435259692758,0.0173257236037505,0.4422843256379101,0.9826742763962496,0.7701949753791697,0.6465425674508366,0.594339216634426,0.8036145142283682,0.648715934839998,29,0.7931034482758621,0.5925925925925926,3.8260869565217392,0.0,0.7931034482758621
medium,42,sensor_506_multivar_labeled,v75_selective_coordinator,48,4897,9,775,0.863152382614767,0.8421052631578947,0.0583232077764277,0.109090909090909,0.0018344883815735,0.9416767922235724,0.9981655116184264,0.528244359697427,0.1996272756739733,0.1927202120593642,0.7073587330018194,0.4116112276715476,29,0.6551724137931034,0.7428571428571429,0.0,0.0,0.6551724137931034
medium,42,sensor_506_multivar_labeled,v75_selective_hybrid,459,4821,85,364,0.9216268109617736,0.84375,0.5577156743620899,0.6715435259692758,0.0173257236037505,0.4422843256379101,0.9826742763962496,0.7701949753791697,0.6465425674508366,0.594339216634426,0.8034776768001489,0.6465502543802861,29,0.7931034482758621,0.5925925925925926,3.8260869565217392,0.0,0.7931034482758621
medium,42,sensor_507_multivar_labeled,single_agent_rl_refactored,80,1595,140,182,0.8387581372058087,0.3636363636363636,0.3053435114503817,0.3319502074688797,0.0806916426512968,0.6946564885496184,0.9193083573487032,0.6123259343995424,0.2422453038456795,0.2874569370764352,0.6123259343995424,0.2021707092213615,6,0.5,0.2307692307692307,12.333333333333334,9.0,0.3333333333333333
medium,42,sensor_507_multivar_labeled,or_all,27,1475,260,235,0.7521281922884326,0.0940766550522648,0.1030534351145038,0.0983606557377049,0.1498559077809798,0.8969465648854962,0.8501440922190202,0.476598763666762,-0.045043297854634,0.0743042330960601,0.476598763666762,0.1273714372393763,6,0.6666666666666666,0.1549295774647887,6.5,0.5,0.5
medium,42,sensor_507_multivar_labeled,majority,1,1706,29,261,0.8547821732598898,0.0333333333333333,0.0038167938931297,0.0068493150684931,0.01671469740634,0.9961832061068704,0.98328530259366,0.4935510482433948,-0.0357978300288292,0.0075557602081268,0.4935510482433948,0.1308232705292034,6,0.1666666666666666,0.25,0.0,0.0,0.1666666666666666
medium,42,sensor_507_multivar_labeled,v73_confidence_hybrid_reference,63,1656,79,199,0.8607911867801703,0.4436619718309859,0.2404580152671755,0.3118811881188119,0.0455331412103746,0.7595419847328244,0.9544668587896252,0.5974624370284005,0.2560657646965515,0.2744799208872284,0.6295653034736124,0.2478390350601775,6,0.6666666666666666,0.2258064516129032,7.0,0.0,0.6666666666666666
medium,42,sensor_507_multivar_labeled,v75_selective_coordinator,61,1665,70,201,0.8642964446670005,0.465648854961832,0.232824427480916,0.3104325699745547,0.0403458213256484,0.767175572519084,0.9596541786743517,0.5962393030776338,0.2624770780390039,0.2753547308445344,0.6312339133686781,0.2773357962667427,6,0.6666666666666666,0.2272727272727272,8.75,3.5,0.6666666666666666
medium,42,sensor_507_multivar_labeled,v75_selective_hybrid,61,1665,70,201,0.8642964446670005,0.465648854961832,0.232824427480916,0.3104325699745547,0.0403458213256484,0.767175572519084,0.9596541786743517,0.5962393030776338,0.2624770780390039,0.2753547308445344,0.629335415887542,0.2504576012681997,6,0.6666666666666666,0.2272727272727272,8.75,3.5,0.6666666666666666
medium,42,sensor_508_multivar_labeled,single_agent_rl_refactored,9,1644,2,286,0.8516228748068007,0.8181818181818182,0.0305084745762711,0.0588235294117647,0.0012150668286755,0.9694915254237289,0.9987849331713244,0.5146467038737979,0.1400944153408472,0.1582288966525806,0.5146467038737977,0.1723082076892362,15,0.6,0.8181818181818182,4.333333333333333,0.0,0.4666666666666667
medium,42,sensor_508_multivar_labeled,or_all,60,1629,17,235,0.8701700154559505,0.7792207792207793,0.2033898305084746,0.3225806451612903,0.0103280680437424,0.7966101694915254,0.9896719319562576,0.5965308812323661,0.3551026173708252,0.3220285495538657,0.5965308812323661,0.2795571947852355,15,0.8,0.6521739130434783,3.1666666666666665,0.0,0.6
medium,42,sensor_508_multivar_labeled,majority,30,1641,5,265,0.8608964451313755,0.8571428571428571,0.1016949152542373,0.1818181818181818,0.0030376670716889,0.8983050847457628,0.996962332928311,0.5493286240912741,0.2661702121473817,0.2405943182587126,0.5493286240912741,0.2236946333297157,15,0.5333333333333333,0.8888888888888888,3.625,0.0,0.3333333333333333
medium,42,sensor_508_multivar_labeled,v73_confidence_hybrid_reference,64,1641,5,231,0.878413189077795,0.927536231884058,0.2169491525423728,0.3516483516483516,0.0030376670716889,0.7830508474576271,0.996962332928311,0.6069557427353419,0.414746337384799,0.3621531720799099,0.7178089667813086,0.4943111819632619,15,0.6666666666666666,0.9090909090909092,3.3,0.0,0.5333333333333333
medium,42,sensor_508_multivar_labeled,v75_selective_coordinator,7,1646,0,288,0.8516228748068007,1.0,0.023728813559322,0.0463576158940397,0.0,0.976271186440678,1.0,0.511864406779661,0.1421100173868755,0.1779795712201144,0.7173280886380954,0.4852969995291055,15,0.4666666666666667,1.0,2.571428571428572,0.0,0.4
medium,42,sensor_508_multivar_labeled,v75_selective_hybrid,64,1641,5,231,0.878413189077795,0.927536231884058,0.2169491525423728,0.3516483516483516,0.0030376670716889,0.7830508474576271,0.996962332928311,0.6069557427353419,0.414746337384799,0.3621531720799099,0.7176493605453385,0.4927649170627066,15,0.6666666666666666,0.9090909090909092,3.3,0.0,0.5333333333333333
medium,42,sensor_509_multivar_labeled,single_agent_rl_refactored,66,10524,37,2218,0.8244453094589335,0.6407766990291263,0.0288966725043782,0.0552995391705069,0.0035034561121105,0.9711033274956216,0.9964965438878894,0.5126966081961338,0.1088631438118293,0.1293199536211994,0.5126966081961338,0.1911905067130021,65,0.8923076923076924,0.6407766990291263,13.224137931034482,0.0,0.8461538461538461
medium,42,sensor_509_multivar_labeled,or_all,920,9702,859,1364,0.8269365511872324,0.5171444631815627,0.4028021015761821,0.452867339404381,0.0813369946027838,0.5971978984238179,0.918663005397216,0.6607325534866991,0.3558369998900898,0.3940689032217822,0.660732553486699,0.3144960552567627,65,0.9384615384615383,0.3192182410423452,2.6885245901639343,0.0,0.9384615384615383
medium,42,sensor_509_multivar_labeled,majority,733,10352,209,1551,0.8629817049435579,0.778131634819533,0.3209281961471103,0.4544327340359578,0.0197897926332733,0.6790718038528897,0.9802102073667266,0.6505692017569185,0.441685402803781,0.4155139551199167,0.6505692017569186,0.3704717544461243,65,0.7538461538461538,0.7195121951219512,4.6938775510204085,0.0,0.7538461538461538
medium,42,sensor_509_multivar_labeled,v73_confidence_hybrid_reference,915,9640,921,1369,0.8217205138186064,0.4983660130718954,0.4006129597197898,0.4441747572815533,0.0872076507906448,0.5993870402802102,0.9127923492093551,0.6567026544645724,0.3423707433183662,0.3860966655743558,0.619872379310522,0.3796357033617193,65,0.9384615384615383,0.3215686274509804,1.0655737704918034,0.0,0.9384615384615383
medium,42,sensor_509_multivar_labeled,v75_selective_coordinator,873,9777,784,1411,0.8291163876994939,0.5268557634278818,0.3822241681260945,0.4430347627505709,0.0742353943755326,0.6177758318739054,0.9257646056244674,0.653994386875281,0.3513160367060952,0.3856377187522143,0.6011700891708929,0.3372829592329001,65,0.9384615384615383,0.325,1.4262295081967211,0.0,0.9384615384615383
medium,42,sensor_509_multivar_labeled,v75_selective_hybrid,912,9630,931,1372,0.820708446866485,0.4948453608247423,0.3992994746059544,0.441967530894112,0.0881545308209449,0.6007005253940455,0.9118454691790552,0.6555724718925048,0.3393632662495133,0.3840865823257536,0.6194031264618807,0.3759787083933347,65,0.9384615384615383,0.3098039215686274,1.0655737704918034,0.0,0.9384615384615383
medium,42,sensor_510_multivar_labeled,single_agent_rl_refactored,363,8070,602,581,0.8769758735440932,0.3761658031088083,0.3845338983050847,0.3803038239916187,0.0694188191881918,0.6154661016949152,0.930581180811808,0.6575575395584464,0.3120455581281898,0.3359798788352559,0.6575575395584464,0.2050686357899739,51,0.0784313725490196,0.1063829787234042,13.75,0.0,0.0784313725490196
medium,42,sensor_510_multivar_labeled,or_all,405,8245,427,539,0.8995424292845258,0.4867788461538461,0.4290254237288136,0.4560810810810811,0.0492389298892988,0.5709745762711864,0.9507610701107012,0.6898932469197574,0.4019548943157163,0.4020370475392776,0.6898932469197574,0.2648929133789675,51,0.8627450980392157,0.4945054945054945,3.522727272727273,0.0,0.8431372549019608
medium,42,sensor_510_multivar_labeled,majority,369,8446,226,575,0.9167013311148088,0.6201680672268908,0.3908898305084746,0.4795321637426901,0.026060885608856,0.6091101694915254,0.973939114391144,0.6824144724498092,0.4505563290348182,0.423475544359901,0.6824144724498091,0.3022135637300127,51,0.5686274509803921,0.6170212765957447,15.03448275862069,0.0,0.5490196078431373
medium,42,sensor_510_multivar_labeled,v73_confidence_hybrid_reference,392,8315,357,552,0.9054700499168054,0.5233644859813084,0.4152542372881356,0.4630832841110454,0.0411669741697416,0.5847457627118644,0.9588330258302584,0.687043631559197,0.415326163424987,0.4073517245166332,0.6736983971402213,0.3242045847335008,51,0.8627450980392157,0.5365853658536586,9.727272727272728,0.0,0.8431372549019608
medium,42,sensor_510_multivar_labeled,v75_selective_coordinator,56,8552,120,888,0.8951747088186356,0.3181818181818182,0.059322033898305,0.1,0.0138376383763837,0.940677966101695,0.9861623616236164,0.5227421977609606,0.1009638093535167,0.1091401190591258,0.670433701490087,0.3054569357820303,51,0.803921568627451,0.6805555555555556,13.21951219512195,0.0,0.7647058823529411
medium,42,sensor_510_multivar_labeled,v75_selective_hybrid,389,8315,357,555,0.9051580698835274,0.5214477211796247,0.4120762711864407,0.4603550295857988,0.0411669741697416,0.5879237288135594,0.9588330258302584,0.6854546485083495,0.4125552587631418,0.4048831054295111,0.6732189415379323,0.3168953961085898,51,0.803921568627451,0.5189873417721519,10.439024390243905,0.0,0.7843137254901961
medium,42,sensor_511_multivar_labeled,single_agent_rl_refactored,279,3361,188,233,0.8963309529672494,0.5974304068522484,0.544921875,0.5699693564862103,0.0529726683572837,0.455078125,0.9470273316427162,0.7459746033213581,0.5118712860333869,0.5042800671109036,0.7459746033213581,0.3829279282645359,30,0.1666666666666666,0.1764705882352941,9.8,5.0,0.1666666666666666
medium,42,sensor_511_multivar_labeled,or_all,290,3426,123,222,0.9150455552819504,0.7021791767554479,0.56640625,0.6270270270270271,0.0346576500422654,0.43359375,0.9653423499577346,0.7658742999788672,0.583971825668768,0.5539451486712528,0.7658742999788672,0.4523850126744507,30,0.8666666666666667,0.6304347826086957,1.4230769230769231,0.0,0.8666666666666667
medium,42,sensor_511_multivar_labeled,majority,140,3500,49,372,0.8963309529672494,0.7407407407407407,0.2734375,0.3994293865905848,0.0138067061143984,0.7265625,0.9861932938856016,0.6298153969428009,0.4091151903651903,0.3715049144654345,0.6298153969428008,0.2941493497314107,30,0.2,0.6,32.5,5.5,0.1666666666666666
medium,42,sensor_511_multivar_labeled,v73_confidence_hybrid_reference,176,3482,67,336,0.900763358778626,0.7242798353909465,0.34375,0.4662251655629139,0.0188785573400958,0.65625,0.9811214426599042,0.6624357213299521,0.4546512802445273,0.4196804440779436,0.7985700197238659,0.5130861647474603,30,0.5666666666666667,0.72,5.705882352941177,0.0,0.5333333333333333
medium,42,sensor_511_multivar_labeled,v75_selective_coordinator,4,3547,2,508,0.8744151686776656,0.6666666666666666,0.0078125,0.0154440154440154,0.0005635390250774,0.9921875,0.9994364609749226,0.5036244804874612,0.0626459049792819,0.1092372030472992,0.7992595845660748,0.5287073212480674,30,0.1333333333333333,0.6666666666666666,28.5,17.5,0.0666666666666666
medium,42,sensor_511_multivar_labeled,v75_selective_hybrid,166,3482,67,346,0.898300911105639,0.7124463519313304,0.32421875,0.4456375838926174,0.0188785573400958,0.67578125,0.9811214426599042,0.6526700963299521,0.4358208770895014,0.4027816348073678,0.7981385601577909,0.507808177262174,30,0.2666666666666666,0.5625,12.25,0.0,0.2333333333333333
medium,777,sensor_501_multivar_labeled,single_agent_rl_refactored,5,1494,5,241,0.859025787965616,0.5,0.0203252032520325,0.0390625,0.0033355570380253,0.9796747967479674,0.9966644429619748,0.5084948231070036,0.0783254621007753,0.0983421302718072,0.5084948231070036,0.1482714841475062,10,0.5,0.5,6.2,0.0,0.4
medium,777,sensor_501_multivar_labeled,or_all,25,1470,29,221,0.8567335243553008,0.4629629629629629,0.1016260162601626,0.1666666666666666,0.019346230820547,0.8983739837398373,0.980653769179453,0.5411398927198078,0.1653456739969094,0.1729976262404385,0.5411398927198078,0.1736966460718411,10,0.6,0.5833333333333334,6.333333333333333,0.0,0.5
medium,777,sensor_501_multivar_labeled,majority,4,1491,8,242,0.8567335243553008,0.3333333333333333,0.016260162601626,0.0310077519379845,0.0053368912608405,0.983739837398374,0.9946631087391594,0.5054616356703927,0.0459971779664291,0.0682978480264967,0.5054616356703928,0.1441020026246108,10,0.1,0.3333333333333333,13.0,13.0,0.0
medium,777,sensor_501_multivar_labeled,v73_confidence_hybrid_reference,23,1466,33,223,0.8532951289398281,0.4107142857142857,0.0934959349593495,0.152317880794702,0.0220146764509673,0.9065040650406504,0.9779853235490328,0.5357406292541911,0.1411405228188516,0.1559975020574668,0.5624020349609767,0.1948417780567596,10,0.6,0.4666666666666667,6.333333333333333,0.0,0.5
medium,777,sensor_501_multivar_labeled,v75_selective_coordinator,23,1485,14,223,0.8641833810888252,0.6216216216216216,0.0934959349593495,0.1625441696113074,0.0093395597064709,0.9065040650406504,0.9906604402935292,0.5420781876264393,0.203287463126603,0.1935029440854893,0.5642989635366669,0.2232763192921324,10,0.6,0.5,6.333333333333333,0.0,0.5
medium,777,sensor_501_multivar_labeled,v75_selective_hybrid,23,1466,33,223,0.8532951289398281,0.4107142857142857,0.0934959349593495,0.152317880794702,0.0220146764509673,0.9065040650406504,0.9779853235490328,0.5357406292541911,0.1411405228188516,0.1559975020574668,0.5633728718874915,0.1951143925922655,10,0.6,0.4666666666666667,6.333333333333333,0.0,0.5
medium,777,sensor_502_multivar_labeled,single_agent_rl_refactored,0,1751,137,59,0.8993323061119671,0.0,0.0,0.0,0.0725635593220339,1.0,0.9274364406779662,0.4637182203389831,-0.0486346737597026,-0.0072563559322033,0.463718220338983,0.0303030303030303,9,0.0,0.0,,,0.0
medium,777,sensor_502_multivar_labeled,or_all,7,1651,237,52,0.8515665125834617,0.0286885245901639,0.1186440677966101,0.0462046204620462,0.1255296610169491,0.8813559322033898,0.8744703389830508,0.4965572033898305,-0.0035650541106922,0.0481356121337335,0.4965572033898304,0.0301114787777749,9,0.7777777777777778,0.1,0.0,0.0,0.7777777777777778
medium,777,sensor_502_multivar_labeled,majority,4,1775,113,55,0.9137134052388288,0.0341880341880341,0.0677966101694915,0.0454545454545454,0.0598516949152542,0.9322033898305084,0.9401483050847458,0.5039724576271186,0.0057305696340967,0.0399365641420726,0.5039724576271187,0.0305664203969288,9,0.4444444444444444,0.3333333333333333,0.0,0.0,0.4444444444444444
medium,777,sensor_502_multivar_labeled,v73_confidence_hybrid_reference,7,1770,118,52,0.9126861838726246,0.056,0.1186440677966101,0.0760869565217391,0.0625,0.8813559322033898,0.9375,0.528072033898305,0.039264645725534,0.0719823507737656,0.494968220338983,0.0312171858386608,9,0.7777777777777778,0.3888888888888889,0.0,0.0,0.7777777777777778
medium,777,sensor_502_multivar_labeled,v75_selective_coordinator,7,1803,85,52,0.9296353364149974,0.0760869565217391,0.1186440677966101,0.0927152317880794,0.0450211864406779,0.8813559322033898,0.954978813559322,0.536811440677966,0.0594804082171448,0.0842259994778118,0.5006598319448434,0.1374427497309925,9,0.7777777777777778,0.35,0.0,0.0,0.7777777777777778
medium,777,sensor_502_multivar_labeled,v75_selective_hybrid,7,1770,118,52,0.9126861838726246,0.056,0.1186440677966101,0.0760869565217391,0.0625,0.8813559322033898,0.9375,0.528072033898305,0.039264645725534,0.0719823507737656,0.494016625969549,0.0312143331799371,9,0.7777777777777778,0.3888888888888889,0.0,0.0,0.7777777777777778
medium,777,sensor_505_multivar_labeled,single_agent_rl_refactored,4,1836,33,108,0.928823826350328,0.1081081081081081,0.0357142857142857,0.0536912751677852,0.0176565008025682,0.9642857142857144,0.9823434991974318,0.5090288924558588,0.0308055626560484,0.0493259256757484,0.5090288924558588,0.0583789241033057,8,0.125,0.125,86.0,86.0,0.0
medium,777,sensor_505_multivar_labeled,or_all,12,1707,162,100,0.8677435638566381,0.0689655172413793,0.1071428571428571,0.0839160839160839,0.0866773675762439,0.8928571428571429,0.913322632423756,0.5102327447833066,0.0166986783616676,0.0715821857336774,0.5102327447833066,0.0578687183414854,8,0.875,0.1403508771929824,7.0,0.0,0.75
medium,777,sensor_505_multivar_labeled,majority,3,1869,0,109,0.944977284199899,1.0,0.0267857142857142,0.0521739130434782,0.0,0.9732142857142856,1.0,0.5133928571428571,0.1590900883726023,0.1815139751552795,0.5133928571428571,0.0818084300858152,8,0.375,1.0,0.0,0.0,0.375
medium,777,sensor_505_multivar_labeled,v73_confidence_hybrid_reference,6,1816,53,106,0.9197375063099444,0.1016949152542373,0.0535714285714285,0.0701754385964912,0.0283574103798822,0.9464285714285714,0.9716425896201176,0.5126070090957732,0.0342572917531917,0.0600688721899969,0.545708170908813,0.0749928760808805,8,0.75,0.2307692307692307,0.0,0.0,0.75
medium,777,sensor_505_multivar_labeled,v75_selective_coordinator,6,1827,42,106,0.9252902574457345,0.125,0.0535714285714285,0.075,0.0224719101123595,0.9464285714285714,0.9775280898876404,0.5155497592295345,0.0467122493852934,0.0663242375601926,0.5464151952915998,0.1029439515836126,8,0.75,0.2727272727272727,0.0,0.0,0.75
medium,777,sensor_505_multivar_labeled,v75_selective_hybrid,6,1827,42,106,0.9252902574457345,0.125,0.0535714285714285,0.075,0.0224719101123595,0.9464285714285714,0.9775280898876404,0.5155497592295345,0.0467122493852934,0.0663242375601926,0.5460951234426354,0.0773800198705765,8,0.75,0.2727272727272727,0.0,0.0,0.75
medium,777,sensor_506_multivar_labeled,single_agent_rl_refactored,357,4751,187,434,0.8916041193925641,0.65625,0.4513274336283185,0.5348314606741573,0.0378695828270554,0.5486725663716814,0.9621304171729446,0.7067289254006316,0.4865429646891155,0.4707229291091608,0.7067289254006316,0.3719385593711238,35,0.1142857142857142,0.1463414634146341,30.0,9.0,0.0857142857142857
medium,777,sensor_506_multivar_labeled,or_all,362,4839,99,429,0.9078373189038228,0.7852494577006508,0.4576485461441213,0.5782747603833867,0.020048602673147,0.5423514538558787,0.979951397326853,0.7187999717354872,0.5549676855596919,0.5133007644035433,0.7187999717354872,0.4342504510678067,35,0.8857142857142857,0.6415094339622641,4.161290322580645,0.0,0.8571428571428571
medium,777,sensor_506_multivar_labeled,majority,180,4907,31,611,0.8879385582126026,0.8530805687203792,0.2275600505689001,0.3592814371257485,0.0062778452814904,0.7724399494310998,0.9937221547185096,0.6106411026437049,0.4053014894768557,0.3572789626571647,0.6106411026437049,0.3007774326410002,35,0.1428571428571428,0.5555555555555556,32.6,17.0,0.0857142857142857
medium,777,sensor_506_multivar_labeled,v73_confidence_hybrid_reference,226,4878,60,565,0.8909059172630477,0.7902097902097902,0.2857142857142857,0.4196843082636954,0.0121506682867557,0.7142857142857143,0.9878493317132442,0.6367818087137649,0.433331179280037,0.3918886261357416,0.7076083511394644,0.4711208847536494,35,0.5428571428571428,0.696969696969697,7.842105263157895,0.0,0.4857142857142857
medium,777,sensor_506_multivar_labeled,v75_selective_coordinator,64,4933,5,727,0.8722290102984814,0.927536231884058,0.0809102402022756,0.1488372093023256,0.0010125556905629,0.9190897597977244,0.998987444309437,0.5399488422558563,0.2526767120058554,0.2302789954602816,0.7094697382818761,0.4959495181824755,35,0.4571428571428571,0.8974358974358975,10.375,0.0,0.4
medium,777,sensor_506_multivar_labeled,v75_selective_hybrid,223,4878,60,568,0.8903822656659103,0.7879858657243817,0.281921618204804,0.4152700186219739,0.0121506682867557,0.718078381795196,0.9878493317132442,0.6348854749590241,0.4294641628540453,0.3884308068713111,0.7081177012144011,0.4687022482468814,35,0.4571428571428571,0.6666666666666666,9.3125,0.0,0.4
medium,777,sensor_507_multivar_labeled,single_agent_rl_refactored,55,1858,50,34,0.9579369053580372,0.5238095238095238,0.6179775280898876,0.5670103092783506,0.0262054507337526,0.3820224719101123,0.9737945492662474,0.7958860386780675,0.5471210726191106,0.5164987811002774,0.7958860386780675,0.3407280530212118,13,0.1538461538461538,0.25,3.5,3.5,0.1538461538461538
medium,777,sensor_507_multivar_labeled,or_all,62,1658,250,27,0.8612919379068603,0.1987179487179487,0.6966292134831461,0.3092269326683292,0.1310272536687631,0.3033707865168539,0.8689727463312369,0.7828009799071916,0.3214532674206011,0.364845850686508,0.7828009799071914,0.1519530087409997,13,0.8461538461538461,0.1262135922330097,0.8181818181818182,0.0,0.8461538461538461
medium,777,sensor_507_multivar_labeled,majority,49,1868,40,40,0.9599399098647972,0.550561797752809,0.550561797752809,0.550561797752809,0.020964360587002,0.449438202247191,0.979035639412998,0.7647987185829035,0.5295974371658069,0.4934091819188279,0.7647987185829034,0.3231483382124064,13,0.7692307692307693,0.6875,1.6,0.0,0.6923076923076923
medium,777,sensor_507_multivar_labeled,v73_confidence_hybrid_reference,49,1866,42,40,0.9589384076114172,0.5384615384615384,0.550561797752809,0.5444444444444444,0.0220125786163522,0.449438202247191,0.9779874213836478,0.7642746095682285,0.5229828889144752,0.4887365122334382,0.7213889477775423,0.3656306067905533,13,0.5384615384615384,0.5833333333333334,1.7142857142857142,0.0,0.5384615384615384
medium,777,sensor_507_multivar_labeled,v75_selective_coordinator,0,1908,0,89,0.9554331497245868,0.0,0.0,0.0,0.0,1.0,1.0,0.5,0.0,0.0,0.5969071679268839,0.2896865114633262,13,0.0,0.0,,,0.0
medium,777,sensor_507_multivar_labeled,v75_selective_hybrid,45,1866,42,44,0.956935403104657,0.5172413793103449,0.5056179775280899,0.5113636363636364,0.0220125786163522,0.4943820224719101,0.9779874213836478,0.7418026994558689,0.4888763398263321,0.4571839786569798,0.7208353944362,0.3539160291731913,13,0.2307692307692307,0.375,4.0,5.0,0.2307692307692307
medium,777,sensor_508_multivar_labeled,single_agent_rl_refactored,1,1556,67,317,0.8021638330757341,0.0147058823529411,0.0031446540880503,0.005181347150259,0.0412815773259396,0.9968553459119496,0.9587184226740604,0.4809315383810553,-0.0767706340612362,0.0013527270643788,0.4809315383810554,0.1633641222958519,14,0.0714285714285714,0.0714285714285714,0.0,0.0,0.0714285714285714
medium,777,sensor_508_multivar_labeled,or_all,8,1615,8,310,0.8361669242658424,0.5,0.0251572327044025,0.0479041916167664,0.0049291435613062,0.9748427672955976,0.9950708564386938,0.5101140445715482,0.082804191392347,0.103611141682735,0.5101140445715482,0.1722901052754367,14,0.5714285714285714,0.7272727272727273,0.0,0.0,0.5714285714285714
medium,777,sensor_508_multivar_labeled,majority,0,1623,0,318,0.8361669242658424,0.0,0.0,0.0,0.0,1.0,1.0,0.5,0.0,0.0,0.5,0.1638330757341576,14,0.0,0.0,,,0.0
medium,777,sensor_508_multivar_labeled,v73_confidence_hybrid_reference,5,1616,7,313,0.8351365275631119,0.4166666666666667,0.0157232704402515,0.0303030303030303,0.0043130006161429,0.9842767295597484,0.9956869993838572,0.5057051349120544,0.0538780659523217,0.0804220447068248,0.6022429153249088,0.2969167133006461,14,0.3571428571428571,0.7142857142857143,0.0,0.0,0.3571428571428571
medium,777,sensor_508_multivar_labeled,v75_selective_coordinator,5,1622,1,313,0.8382277176713034,0.8333333333333334,0.0157232704402515,0.0308641975308642,0.0006161429451632,0.9842767295597484,0.9993838570548368,0.5075535637475441,0.1007253080901412,0.143544255726448,0.6030508763567739,0.3172080736457799,14,0.3571428571428571,0.8333333333333334,0.0,0.0,0.3571428571428571
medium,777,sensor_508_multivar_labeled,v75_selective_hybrid,5,1617,6,313,0.8356517259144771,0.4545454545454545,0.0157232704402515,0.0303951367781155,0.0036968576709796,0.9842767295597484,0.9963031423290204,0.506013206384636,0.0592971647507188,0.0862069250969476,0.6029849994381087,0.307175419162515,14,0.3571428571428571,0.8333333333333334,0.0,0.0,0.3571428571428571
medium,777,sensor_509_multivar_labeled,single_agent_rl_refactored,636,11070,1020,119,0.9113273647333592,0.3840579710144927,0.8423841059602649,0.5275819162173372,0.0843672456575682,0.1576158940397351,0.9156327543424316,0.8790084301513483,0.5320343695067468,0.5392990651722982,0.8790084301513483,0.3327886357270685,73,0.0684931506849315,0.0694444444444444,3.4,0.0,0.0684931506849315
medium,777,sensor_509_multivar_labeled,or_all,205,10665,1425,550,0.8462436745815493,0.1257668711656441,0.271523178807947,0.1719077568134172,0.1178660049627791,0.7284768211920529,0.8821339950372209,0.576828586922584,0.1085790471694433,0.1658938743869905,0.576828586922584,0.0769668378527634,73,0.9178082191780822,0.1895306859205776,0.835820895522388,0.0,0.9178082191780822
medium,777,sensor_509_multivar_labeled,majority,114,11836,254,641,0.9303230829116388,0.3097826086956521,0.1509933774834437,0.2030276046304541,0.0210090984284532,0.8490066225165563,0.9789909015715468,0.5649921395274953,0.1832729874363846,0.1810269167902399,0.5649921395274953,0.0966778082425768,73,0.7671232876712328,0.7032967032967034,2.6785714285714284,0.0,0.7397260273972602
medium,777,sensor_509_multivar_labeled,v73_confidence_hybrid_reference,178,11488,602,577,0.9082133125729857,0.2282051282051282,0.2357615894039735,0.2319218241042345,0.049793217535153,0.7642384105960265,0.950206782464847,0.5929841859344103,0.1831533011016924,0.2043447451453515,0.9176589486138728,0.3324744544806061,73,0.9041095890410958,0.415,0.8787878787878788,0.0,0.9041095890410958
medium,777,sensor_509_multivar_labeled,v75_selective_coordinator,125,11776,314,630,0.926508369015181,0.2847380410022779,0.1655629139072847,0.2093802345058626,0.0259718775847808,0.8344370860927153,0.9740281224152192,0.569795518161252,0.180715751956626,0.1840034980916872,0.9204737098691383,0.4083869481307114,73,0.9041095890410958,0.506578947368421,1.3484848484848484,0.0,0.9041095890410958
medium,777,sensor_509_multivar_labeled,v75_selective_hybrid,175,11488,602,580,0.9079797586609576,0.2252252252252252,0.2317880794701986,0.2284595300261096,0.049793217535153,0.7682119205298014,0.950206782464847,0.5909974309675229,0.1795633062227629,0.2011476743830774,0.9164265799001968,0.3249609550503095,73,0.9041095890410958,0.4060913705583756,0.8787878787878788,0.0,0.9041095890410958
medium,777,sensor_510_multivar_labeled,single_agent_rl_refactored,287,7990,548,791,0.8607529118136439,0.3437125748502994,0.2662337662337662,0.3000522739153162,0.0641836495666432,0.7337662337662337,0.9358163504333568,0.6010250583335615,0.2263764968022951,0.2600321744029027,0.6010250583335615,0.1737666287452322,56,0.125,0.1351351351351351,11.857142857142858,0.0,0.125
medium,777,sensor_510_multivar_labeled,or_all,340,7865,673,738,0.853265391014975,0.3356367226061204,0.3153988868274582,0.3252032520325202,0.0788240805809323,0.6846011131725418,0.9211759194190676,0.618287403123263,0.2431231223494214,0.2834242297956964,0.618287403123263,0.1826065368747428,56,0.8928571428571429,0.5178571428571429,1.6,0.0,0.8928571428571429
medium,777,sensor_510_multivar_labeled,majority,24,8259,279,1054,0.8613768718801996,0.0792079207920792,0.0222634508348794,0.0347574221578566,0.0326774420238931,0.9777365491651204,0.9673225579761068,0.4947930044054931,-0.0188078237286618,0.0309333191379218,0.494793004405493,0.1113724266752458,56,0.1964285714285714,0.4411764705882353,68.36363636363636,0.0,0.1428571428571428
medium,777,sensor_510_multivar_labeled,v73_confidence_hybrid_reference,301,8214,324,777,0.8855033277870217,0.4816,0.2792207792207792,0.3534938344098648,0.0379479971890372,0.7207792207792207,0.9620520028109628,0.620636391015871,0.3087818608286928,0.3112836595317692,0.6253779893098235,0.2173249930687867,56,0.8928571428571429,0.55,3.74,0.0,0.875
medium,777,sensor_510_multivar_labeled,v75_selective_coordinator,299,8225,313,779,0.8864392678868552,0.4885620915032679,0.2773654916512059,0.3538461538461538,0.0366596392597798,0.7226345083487941,0.9633403607402202,0.620352926195713,0.3110861320192982,0.3120587665256432,0.6254709927157472,0.2275874346274927,56,0.8571428571428571,0.5463917525773195,3.8958333333333335,0.0,0.8392857142857143
medium,777,sensor_510_multivar_labeled,v75_selective_hybrid,301,8214,324,777,0.8855033277870217,0.4816,0.2792207792207792,0.3534938344098648,0.0379479971890372,0.7207792207792207,0.9620520028109628,0.620636391015871,0.3087818608286928,0.3112836595317692,0.6248418616152778,0.213487247107122,56,0.8928571428571429,0.55,3.74,0.0,0.875
medium,777,sensor_511_multivar_labeled,single_agent_rl_refactored,19,3551,4,487,0.8790938192563408,0.8260869565217391,0.0375494071146245,0.0718336483931947,0.0011251758087201,0.9624505928853756,0.99887482419128,0.5182121156529522,0.16030179330681,0.1673904898087138,0.5182121156529522,0.1509402771169803,24,0.7916666666666666,0.8260869565217391,1.0526315789473684,0.0,0.7916666666666666
medium,777,sensor_511_multivar_labeled,or_all,226,3413,142,280,0.8960847081999508,0.6141304347826086,0.4466403162055335,0.517162471395881,0.0399437412095639,0.5533596837944664,0.960056258790436,0.7033482874979848,0.4678988877124499,0.4548403980862414,0.7033482874979848,0.3432439464263807,24,0.875,0.5217391304347826,1.4761904761904765,0.0,0.875
medium,777,sensor_511_multivar_labeled,majority,113,3497,58,393,0.8889436099482886,0.6608187134502924,0.2233201581027667,0.3338257016248154,0.0163150492264416,0.7766798418972332,0.9836849507735584,0.6035025544381626,0.3404107520538652,0.3147089152568966,0.6035025544381626,0.2443483331133733,24,0.1666666666666666,0.4444444444444444,11.5,13.0,0.125
medium,777,sensor_511_multivar_labeled,v73_confidence_hybrid_reference,136,3477,78,370,0.8896823442501847,0.6355140186915887,0.2687747035573122,0.3777777777777777,0.0219409282700421,0.7312252964426877,0.9780590717299578,0.623416887643635,0.3648645476611689,0.3437654210439277,0.6545615761355993,0.3630359819515493,24,0.875,0.7333333333333333,2.1904761904761907,0.0,0.8333333333333334
medium,777,sensor_511_multivar_labeled,v75_selective_coordinator,24,3554,1,482,0.8810637773947304,0.96,0.0474308300395256,0.0903954802259887,0.00028129395218,0.9525691699604744,0.99971870604782,0.5235747680436729,0.1990796652575292,0.1988790857183346,0.6190807358116109,0.3112900976066943,24,0.7916666666666666,0.9523809523809524,1.0526315789473684,0.0,0.7916666666666666
medium,777,sensor_511_multivar_labeled,v75_selective_hybrid,136,3477,78,370,0.8896823442501847,0.6355140186915887,0.2687747035573122,0.3777777777777777,0.0219409282700421,0.7312252964426877,0.9780590717299578,0.623416887643635,0.3648645476611689,0.3437654210439277,0.6543792353918937,0.3582056318622347,24,0.875,0.7333333333333333,2.1904761904761907,0.0,0.8333333333333334
medium,999,sensor_501_multivar_labeled,single_agent_rl_refactored,62,1516,30,137,0.904297994269341,0.6739130434782609,0.3115577889447236,0.4261168384879725,0.019404915912031,0.6884422110552764,0.9805950840879688,0.6460764365163463,0.4155383433856258,0.3843663789335407,0.6460764365163463,0.2884728864203915,12,0.1666666666666666,0.4285714285714285,6.0,6.0,0.1666666666666666
medium,999,sensor_501_multivar_labeled,or_all,97,1341,205,102,0.8240687679083094,0.3211920529801324,0.4874371859296482,0.3872255489021955,0.1326002587322121,0.5125628140703518,0.8673997412677878,0.677418463598718,0.2981422026513526,0.3554014348586811,0.677418463598718,0.2150136725106395,12,0.6666666666666666,0.1917808219178082,1.625,0.0,0.6666666666666666
medium,999,sensor_501_multivar_labeled,majority,61,1516,30,138,0.9037249283667622,0.6703296703296703,0.3065326633165829,0.4206896551724138,0.019404915912031,0.6934673366834171,0.9805950840879688,0.643563873702276,0.4105045716109655,0.3798791027808085,0.6435638737022759,0.2845610337021548,12,0.25,0.4166666666666667,4.0,5.0,0.25
medium,999,sensor_501_multivar_labeled,v73_confidence_hybrid_reference,37,1525,21,162,0.8951289398280803,0.6379310344827587,0.185929648241206,0.2879377431906614,0.0135834411384217,0.8140703517587939,0.9864165588615784,0.5861731035513922,0.3056057174846652,0.2796821899667311,0.645694513966989,0.3243812493500969,12,0.5,0.5882352941176471,4.166666666666667,0.0,0.5
medium,999,sensor_501_multivar_labeled,v75_selective_coordinator,9,1540,6,190,0.8876790830945559,0.6,0.0452261306532663,0.0841121495327102,0.0038809831824062,0.9547738693467336,0.9961190168175936,0.5206725737354301,0.1423597272386879,0.1410302081674589,0.62445799502038,0.2970625782290331,12,0.3333333333333333,0.6363636363636364,4.75,0.0,0.3333333333333333
medium,999,sensor_501_multivar_labeled,v75_selective_hybrid,36,1525,21,163,0.8945558739255014,0.631578947368421,0.1809045226130653,0.28125,0.0135834411384217,0.8190954773869347,0.9864165588615784,0.5836605407373219,0.2991977318943901,0.2742123547753405,0.6476805112236473,0.3278132305651712,12,0.4166666666666667,0.5625,5.0,0.0,0.4166666666666667
medium,999,sensor_502_multivar_labeled,single_agent_rl_refactored,19,1639,257,32,0.8515665125834617,0.0688405797101449,0.3725490196078431,0.1162079510703364,0.135548523206751,0.6274509803921569,0.864451476793249,0.618500248200546,0.108520239663967,0.1608295184998509,0.618500248200546,0.0420820323395207,14,0.2142857142857142,0.2142857142857142,3.333333333333333,0.0,0.1428571428571428
medium,999,sensor_502_multivar_labeled,or_all,34,1551,345,17,0.8140729327170005,0.0897097625329815,0.6666666666666666,0.1581395348837209,0.1819620253164557,0.3333333333333333,0.8180379746835443,0.7423523206751055,0.195518924117575,0.2664230525459761,0.7423523206751054,0.0685378899680585,14,1.0,0.1842105263157894,0.6428571428571429,0.0,0.9285714285714286
medium,999,sensor_502_multivar_labeled,majority,23,1783,113,28,0.9275808936825886,0.1691176470588235,0.4509803921568627,0.2459893048128342,0.0595991561181434,0.5490196078431373,0.9404008438818564,0.6956906180193596,0.2452311166488224,0.2653970362598434,0.6956906180193596,0.0906498419180959,14,0.5,0.4666666666666667,1.4285714285714286,0.0,0.4285714285714285
medium,999,sensor_502_multivar_labeled,v73_confidence_hybrid_reference,32,1740,156,19,0.9101181304571136,0.1702127659574468,0.6274509803921569,0.2677824267782426,0.0822784810126582,0.3725490196078431,0.9177215189873418,0.7725862496897493,0.2947992337796342,0.3260414529602075,0.825851121039133,0.1230974631397435,14,0.7857142857142857,0.48,0.2727272727272727,0.0,0.7857142857142857
medium,999,sensor_502_multivar_labeled,v75_selective_coordinator,32,1740,156,19,0.9101181304571136,0.1702127659574468,0.6274509803921569,0.2677824267782426,0.0822784810126582,0.3725490196078431,0.9177215189873418,0.7725862496897493,0.2947992337796342,0.3260414529602075,0.828281418052453,0.162215706274499,14,0.7857142857142857,0.48,0.2727272727272727,0.0,0.7857142857142857
medium,999,sensor_502_multivar_labeled,v75_selective_hybrid,32,1740,156,19,0.9101181304571136,0.1702127659574468,0.6274509803921569,0.2677824267782426,0.0822784810126582,0.3725490196078431,0.9177215189873418,0.7725862496897493,0.2947992337796342,0.3260414529602075,0.8247031935136924,0.118272881087795,14,0.7857142857142857,0.48,0.2727272727272727,0.0,0.7857142857142857
medium,999,sensor_505_multivar_labeled,single_agent_rl_refactored,91,1734,36,120,0.9212518929833418,0.7165354330708661,0.4312796208530806,0.5384615384615384,0.0203389830508474,0.5687203791469194,0.9796610169491524,0.7054703189011166,0.5175475131231102,0.4771379952191616,0.7054703189011164,0.3696025968384919,18,0.1666666666666666,0.3,22.666666666666668,10.0,0.0555555555555555
medium,999,sensor_505_multivar_labeled,or_all,116,1528,242,95,0.8298838970217062,0.3240223463687151,0.5497630331753555,0.4077328646748682,0.1367231638418079,0.4502369668246445,0.8632768361581921,0.7065199346667738,0.3311456559536694,0.3833397346274237,0.7065199346667738,0.2260910859471741,18,0.9444444444444444,0.2727272727272727,1.8235294117647056,0.0,0.8888888888888888
medium,999,sensor_505_multivar_labeled,majority,28,1770,0,183,0.9076224129227662,1.0,0.1327014218009478,0.2343096234309623,0.0,0.8672985781990521,1.0,0.566350710900474,0.3467953771073662,0.2952497570842174,0.566350710900474,0.2250790088781816,18,0.5,1.0,8.11111111111111,0.0,0.3888888888888889
medium,999,sensor_505_multivar_labeled,v73_confidence_hybrid_reference,84,1690,80,127,0.895507319535588,0.5121951219512195,0.3981042654028436,0.4479999999999999,0.0451977401129943,0.6018957345971564,0.9548022598870056,0.6764532626449247,0.3950828352467188,0.3933407739022365,0.7701167429780169,0.4323035298306913,18,0.8888888888888888,0.3064516129032258,3.875,0.0,0.7777777777777778
medium,999,sensor_505_multivar_labeled,v75_selective_coordinator,57,1708,62,154,0.8909641595153963,0.4789915966386555,0.2701421800947867,0.3454545454545454,0.0350282485875706,0.7298578199052133,0.9649717514124294,0.6175569657536081,0.3052410265879361,0.3048431141200227,0.7674043430529895,0.3935683500683233,18,0.8888888888888888,0.3333333333333333,4.3125,0.0,0.7777777777777778
medium,999,sensor_505_multivar_labeled,v75_selective_hybrid,83,1697,73,128,0.8985360928823827,0.532051282051282,0.3933649289099526,0.4523160762942779,0.0412429378531073,0.6066350710900474,0.9587570621468926,0.6760609955284226,0.4032991216418398,0.3972351115277924,0.7753969529011701,0.4355744288966995,18,0.8888888888888888,0.3275862068965517,3.875,0.0,0.7777777777777778
medium,999,sensor_506_multivar_labeled,single_agent_rl_refactored,23,5387,7,312,0.9443183801710596,0.7666666666666667,0.0686567164179104,0.1260273972602739,0.0012977382276603,0.9313432835820896,0.9987022617723396,0.5336794890951251,0.2189845167286918,0.1921795698697303,0.533679489095125,0.1070965820226846,29,0.7586206896551724,0.7666666666666667,0.8181818181818182,0.0,0.7586206896551724
medium,999,sensor_506_multivar_labeled,or_all,112,4988,406,223,0.8902077151335311,0.2162162162162162,0.3343283582089552,0.2626025791324736,0.075268817204301,0.6656716417910448,0.9247311827956988,0.6295297705023271,0.21195909172826,0.243375218784302,0.629529770502327,0.1112119813062646,29,0.8275862068965517,0.1717171717171717,0.7916666666666666,0.0,0.8275862068965517
medium,999,sensor_506_multivar_labeled,majority,79,5361,33,256,0.9495548961424332,0.7053571428571429,0.235820895522388,0.3534675615212528,0.0061179087875417,0.764179104477612,0.9938820912124584,0.6148514933674232,0.3892990047972907,0.3349984518910974,0.6148514933674232,0.2110228893807401,29,0.5862068965517241,0.782608695652174,0.6470588235294118,0.0,0.5862068965517241
medium,999,sensor_506_multivar_labeled,v73_confidence_hybrid_reference,225,5235,159,110,0.9530459067900156,0.5859375,0.6716417910447762,0.6258692628650905,0.0294771968854282,0.3283582089552239,0.9705228031145716,0.821082297079674,0.6025384481979125,0.5680766109141807,0.8188628603368032,0.4105421227106466,29,0.7931034482758621,0.4,0.6086956521739131,0.0,0.7931034482758621
medium,999,sensor_506_multivar_labeled,v75_selective_coordinator,225,5234,160,110,0.9528713562576366,0.5844155844155844,0.6716417910447762,0.625,0.0296625880608083,0.3283582089552239,0.9703374119391917,0.820989601491984,0.6016379798662451,0.5674386161696897,0.8209242995257306,0.4811404771523667,29,0.7931034482758621,0.3934426229508196,0.6086956521739131,0.0,0.7931034482758621
medium,999,sensor_506_multivar_labeled,v75_selective_hybrid,225,5234,160,110,0.9528713562576366,0.5844155844155844,0.6716417910447762,0.625,0.0296625880608083,0.3283582089552239,0.9703374119391917,0.820989601491984,0.6016379798662451,0.5674386161696897,0.8186005456588027,0.4025805144344248,29,0.7931034482758621,0.3934426229508196,0.6086956521739131,0.0,0.7931034482758621
medium,999,sensor_507_multivar_labeled,single_agent_rl_refactored,58,1716,153,70,0.8883324987481221,0.2748815165876777,0.453125,0.3421828908554572,0.0818619582664526,0.546875,0.9181380417335474,0.6856315208667737,0.2958076485116708,0.3229658325464621,0.6856315208667737,0.1596082660720939,13,0.1538461538461538,0.1666666666666666,6.0,6.0,0.0769230769230769
medium,999,sensor_507_multivar_labeled,or_all,77,1572,297,51,0.8257386079118678,0.2058823529411764,0.6015625,0.3067729083665338,0.1589085072231139,0.3984375,0.841091492776886,0.721326996388443,0.277893865885921,0.3335080609838053,0.721326996388443,0.1493894104023682,13,0.6153846153846154,0.1123595505617977,2.0,0.0,0.5384615384615384
medium,999,sensor_507_multivar_labeled,majority,21,1829,40,107,0.9263895843765648,0.3442622950819672,0.1640625,0.2222222222222222,0.0214018191546281,0.8359375,0.978598180845372,0.5713303404226859,0.2030468862303029,0.1987179123468322,0.5713303404226859,0.1100609033427189,13,0.3076923076923077,0.4444444444444444,12.75,6.0,0.1538461538461538
medium,999,sensor_507_multivar_labeled,v73_confidence_hybrid_reference,70,1781,88,58,0.9268903355032548,0.4430379746835443,0.546875,0.4895104895104895,0.0470840021401819,0.453125,0.952915997859818,0.749895498929909,0.453501425838186,0.4460895162682338,0.7973285346441948,0.296199865451305,13,0.5384615384615384,0.1666666666666666,3.7142857142857135,0.0,0.3846153846153846
medium,999,sensor_507_multivar_labeled,v75_selective_coordinator,68,1781,88,60,0.9258888332498748,0.4358974358974359,0.53125,0.4788732394366197,0.0470840021401819,0.46875,0.952915997859818,0.742082998929909,0.4418905646563213,0.435544172917076,0.7979534510433386,0.3045586157082681,13,0.5384615384615384,0.1666666666666666,3.7142857142857135,0.0,0.3846153846153846
medium,999,sensor_507_multivar_labeled,v75_selective_hybrid,68,1781,88,60,0.9258888332498748,0.4358974358974359,0.53125,0.4788732394366197,0.0470840021401819,0.46875,0.952915997859818,0.742082998929909,0.4418905646563213,0.435544172917076,0.7981624531835205,0.2957581772184193,13,0.5384615384615384,0.1666666666666666,3.7142857142857135,0.0,0.3846153846153846
medium,999,sensor_508_multivar_labeled,single_agent_rl_refactored,0,1784,16,141,0.9191138588356518,0.0,0.0,0.0,0.0088888888888888,1.0,0.9911111111111112,0.4955555555555556,-0.0255163134304752,-0.0008888888888888,0.4955555555555556,0.0726429675425038,14,0.0,0.0,,,0.0
medium,999,sensor_508_multivar_labeled,or_all,12,1786,14,129,0.9263266357547656,0.4615384615384615,0.0851063829787234,0.1437125748502994,0.0077777777777777,0.9148936170212766,0.9922222222222222,0.5386643026004728,0.1745882140935543,0.1586555650292432,0.5386643026004728,0.1057404563932236,14,0.7857142857142857,0.7333333333333333,6.454545454545454,0.0,0.7142857142857143
medium,999,sensor_508_multivar_labeled,majority,1,1800,0,140,0.9278722308088614,1.0,0.0070921985815602,0.0140845070422535,0.0,0.9929078014184396,1.0,0.5035460992907801,0.081119605746695,0.1584656877434821,0.5035460992907801,0.0792199677726988,14,0.0714285714285714,1.0,0.0,0.0,0.0714285714285714
medium,999,sensor_508_multivar_labeled,v73_confidence_hybrid_reference,51,1462,338,90,0.779495105615662,0.1311053984575835,0.3617021276595745,0.1924528301886792,0.1877777777777777,0.6382978723404256,0.8122222222222222,0.5869621749408983,0.1127679118105845,0.1960024438736377,0.651924743892829,0.1763042843230504,14,1.0,0.2,0.8571428571428571,0.0,0.9285714285714286
medium,999,sensor_508_multivar_labeled,v75_selective_coordinator,51,1462,338,90,0.779495105615662,0.1311053984575835,0.3617021276595745,0.1924528301886792,0.1877777777777777,0.6382978723404256,0.8122222222222222,0.5869621749408983,0.1127679118105845,0.1960024438736377,0.6552344365642238,0.2100099410019457,14,1.0,0.2,0.8571428571428571,0.0,0.9285714285714286
medium,999,sensor_508_multivar_labeled,v75_selective_hybrid,51,1462,338,90,0.779495105615662,0.1311053984575835,0.3617021276595745,0.1924528301886792,0.1877777777777777,0.6382978723404256,0.8122222222222222,0.5869621749408983,0.1127679118105845,0.1960024438736377,0.6549960598896769,0.1726728465152892,14,1.0,0.2,0.8571428571428571,0.0,0.9285714285714286
medium,999,sensor_509_multivar_labeled,single_agent_rl_refactored,333,11481,942,89,0.9197353055663684,0.2611764705882353,0.7890995260663507,0.3924572775486152,0.0758270949046124,0.2109004739336493,0.9241729050953876,0.8566362155808691,0.4252096719616998,0.4449293938145561,0.8566362155808691,0.2130229952176901,81,0.0617283950617283,0.0390625,1.0,0.0,0.0617283950617283
medium,999,sensor_509_multivar_labeled,or_all,385,11074,1349,37,0.8920980926430517,0.2220299884659746,0.9123222748815166,0.3571428571428571,0.1085889076712549,0.0876777251184834,0.891411092328745,0.9018666836051308,0.4192570230467397,0.4568565756815114,0.9018666836051308,0.2054434024175405,81,0.9012345679012346,0.1618625277161862,0.1643835616438356,0.0,0.9012345679012346
medium,999,sensor_509_multivar_labeled,majority,90,12145,278,332,0.9525107045543012,0.2445652173913043,0.2132701421800948,0.2278481012658227,0.0223778475408516,0.7867298578199052,0.9776221524591484,0.5954461473196216,0.2039759054677449,0.2009596860782591,0.5954461473196216,0.0780050916164508,81,0.7037037037037037,0.6818181818181818,0.3333333333333333,0.0,0.7037037037037037
medium,999,sensor_509_multivar_labeled,v73_confidence_hybrid_reference,386,11910,513,36,0.9572596340988712,0.4293659621802002,0.914691943127962,0.5844057532172596,0.041294373339773,0.0853080568720379,0.958705626660227,0.9366987848940944,0.610225491963955,0.5976656288792082,0.94143449716605,0.3256305720754299,81,0.9135802469135802,0.524822695035461,0.1621621621621621,0.0,0.9135802469135802
medium,999,sensor_509_multivar_labeled,v75_selective_coordinator,386,11911,512,36,0.9573374854028806,0.4298440979955457,0.914691943127962,0.5848484848484848,0.0412138774853095,0.0853080568720379,0.9587861225146904,0.9367390328213264,0.6105958828229447,0.5979446280710077,0.9582276109936736,0.602652152948009,81,0.9135802469135802,0.524822695035461,0.1621621621621621,0.0,0.9135802469135802
medium,999,sensor_509_multivar_labeled,v75_selective_hybrid,386,11910,513,36,0.9572596340988712,0.4293659621802002,0.914691943127962,0.5844057532172596,0.041294373339773,0.0853080568720379,0.958705626660227,0.9366987848940944,0.610225491963955,0.5976656288792082,0.9404625383356736,0.3176542802579131,81,0.9135802469135802,0.524822695035461,0.1621621621621621,0.0,0.9135802469135802
medium,999,sensor_510_multivar_labeled,single_agent_rl_refactored,323,7868,617,808,0.8518094841930116,0.3436170212765957,0.2855879752431476,0.3119266055045871,0.0727165586328815,0.7144120247568524,0.9272834413671184,0.606435708305133,0.2309143260490807,0.2703142623782097,0.6064357083051332,0.1821595116616376,65,0.0769230769230769,0.0921052631578947,7.8,0.0,0.0769230769230769
medium,999,sensor_510_multivar_labeled,or_all,420,7600,885,711,0.8340266222961731,0.3218390804597701,0.3713527851458886,0.3448275862068965,0.1043017088980553,0.6286472148541115,0.8956982911019447,0.6335255381239167,0.2512000152119144,0.30442394051603,0.6335255381239167,0.1934551067843826,65,0.8923076923076924,0.2623906705539358,1.1206896551724137,0.0,0.8923076923076924
medium,999,sensor_510_multivar_labeled,majority,326,8238,247,805,0.8905990016638935,0.568935427574171,0.2882404951370468,0.3826291079812207,0.0291101944608132,0.7117595048629531,0.9708898055391868,0.6295651503381168,0.3526483436477245,0.3410845418227077,0.6295651503381169,0.2477048716078817,65,0.6307692307692307,0.6875,5.170731707317073,0.0,0.6153846153846154
medium,999,sensor_510_multivar_labeled,v73_confidence_hybrid_reference,341,8095,390,790,0.877287853577371,0.466484268125855,0.3015030946065429,0.3662728249194414,0.0459634649381261,0.6984969053934571,0.954036535061874,0.6277698148342084,0.3106190465631332,0.3206499933207771,0.6659682374940538,0.2749905016793558,65,0.7692307692307693,0.5047619047619047,3.92,0.0,0.7538461538461538
medium,999,sensor_510_multivar_labeled,v75_selective_coordinator,64,8347,138,1067,0.8746880199667221,0.3168316831683168,0.0565870910698496,0.0960240060015003,0.0162639952857984,0.9434129089301504,0.9837360047142016,0.5201615478920256,0.090583336146121,0.1060852829682977,0.6591355629922675,0.2207382370319046,65,0.7538461538461538,0.5684210526315789,6.816326530612245,0.0,0.7230769230769231
medium,999,sensor_510_multivar_labeled,v75_selective_hybrid,340,8096,389,791,0.877287853577371,0.4663923182441701,0.3006189213085765,0.3655913978494624,0.0458456098998232,0.6993810786914235,0.9541543901001768,0.6273866557043766,0.3100771783575689,0.3200760921714742,0.6652357856247071,0.267272072824756,65,0.7538461538461538,0.5048543689320388,4.0,0.0,0.7384615384615385
medium,999,sensor_511_multivar_labeled,single_agent_rl_refactored,148,3606,213,94,0.9244028564393006,0.4099722991689751,0.6115702479338843,0.4908789386401326,0.0557737627651217,0.3884297520661157,0.9442262372348782,0.7778982425843812,0.4623212388221645,0.460285065367059,0.7778982425843812,0.273873868774872,28,0.0714285714285714,0.0588235294117647,3.0,3.0,0.0714285714285714
medium,999,sensor_511_multivar_labeled,or_all,167,3176,643,75,0.823196257079537,0.2061728395061728,0.6900826446280992,0.317490494296578,0.168368682901283,0.3099173553719008,0.831631317098717,0.760856980863408,0.3090750706133575,0.3639845734576874,0.760856980863408,0.1607446558843065,28,0.7857142857142857,0.1854838709677419,0.8181818181818182,0.0,0.7857142857142857
medium,999,sensor_511_multivar_labeled,majority,143,3763,56,99,0.9618320610687024,0.7185929648241206,0.5909090909090909,0.6485260770975056,0.0146635244828489,0.4090909090909091,0.9853364755171512,0.788122783213121,0.6319132128506507,0.5754320542419381,0.788122783213121,0.4490013475404602,28,0.5357142857142857,0.7894736842105263,0.9333333333333332,0.0,0.5357142857142857
medium,999,sensor_511_multivar_labeled,v73_confidence_hybrid_reference,149,3714,105,93,0.9512435360748585,0.5866141732283464,0.6157024793388429,0.6008064516129031,0.0274941084053417,0.384297520661157,0.9725058915946584,0.7941041854667505,0.5750497463520917,0.5403163621711771,0.8282835496289755,0.4972467003438459,28,0.6428571428571429,0.6333333333333333,0.5,0.0,0.6428571428571429
medium,999,sensor_511_multivar_labeled,v75_selective_coordinator,149,3714,105,93,0.9512435360748585,0.5866141732283464,0.6157024793388429,0.6008064516129031,0.0274941084053417,0.384297520661157,0.9725058915946584,0.7941041854667505,0.5750497463520917,0.5403163621711771,0.8277311788166605,0.5099270243635645,28,0.6428571428571429,0.6333333333333333,0.5,0.0,0.6428571428571429
medium,999,sensor_511_multivar_labeled,v75_selective_hybrid,149,3714,105,93,0.9512435360748585,0.5866141732283464,0.6157024793388429,0.6008064516129031,0.0274941084053417,0.384297520661157,0.9725058915946584,0.7941041854667505,0.5750497463520917,0.5403163621711771,0.8276105336735201,0.4882820486419192,28,0.6428571428571429,0.6333333333333333,0.5,0.0,0.6428571428571429
